package,sha256,vercodecom.neptune.domino,241ABE8C1EA2D3D7887FFAC7E024FD2AFF7948B4187115748677CD55B9D480E2,1661
com.magic.paint.pixel.art.color.by.number,26F83C89EE4774497FE839A05B1321959B69CEA03FAA4892763BCFA7D8DB5BC8,25
jp.heroz.android.shogiwars,73692E66044F46AEC191BDC6096376EB88D57772A482DF0F77F2004A42C82D22,134
com.gameberry.ludo.star2,CFB9EB33E83FF69F00FA2D5577A47BF2DC2621B9A03A89CDB9955F1AB9D33F9B,199
air.com.buffalo_studios.newflashbingo,23A296B2C53F3BF11B4E45A32D9111E8105D357AE87A1963D7D339E4DBE94AA3,40760054
net.peakgames.mobile.canakokey.android,0959C73FA8E8E9CE1C0AD317C96487C5AC33EB9369D49F5B4260728D89F8A05E,476
marusov.andrew.bigrusloto,A10B0886C5EE5344CF1C1D03D0A0E89AB8F3E7785BEA9F7B03E3F8B5A9C94B60,28
com.iceors.colorbook.release,A673E5D2D66A970938837EE751B7239B4FD833FA742FFBAAA9ABFF993BFF5D99,72
com.huuuge.checkers,059173FB345E0965DE76C47DE3F29F4725AF9B926EF7E75D1C9B705BB3CE8E51,2204
com.digitoygames.yuzbirextra,D733E3943B4FF232D1EC85E6602A1155C81550B181FFF19F8424D6D6120CCF62,20070
com.ansangha.drcheckers,B96E8A821F35B0CAEDF9391ACBCFCB5CA969369F4715AD9783D274C527E09755,45
paint.by.number.pixel.art.coloring.drawing.puzzle,BBDEA5B11B6D26DB18DE70FC435D3736E3E283F23C5F003FEEF912B89B35C3BB,3125
com.mobirix.tkochess.wgmf,A4BAD14931DA4487D9732A24FA8AC0374696A2018216E114CDFEAAD17F02585D,201207
com.emflag.mahjongmaster,25EA88497CDBEA5C289493AB8E7DB7965575900691CC84DCB91C63703911B073,60
mkisly.checkers,14E577E0C44ED258C252A1EADEBD08E5BA4B44A47BCE91367D832247CAF9F041,180
uk.co.aifactory.checkersfree,ECFBE7071F92D175236DEF6CA9402899D7E510F4B1E2669ADDE56B28E5C1A521,89
com.eightfloor.business.tour.friends.board.dice.free,1F1B19CDD75E64A3FD30A46830D451BBD6668543E0F9D83A6A0F3343FC99391F,106
com.turbolabz.instantchess.android.googleplay,5E9372D08B18F62764BE5DE46522C262A5DB786F0AA7A2588A377183D3E5AFA9,512
app.cartoongame.potatyclasic,79D800CF892F79376140627FCC735351AA786BAD4F6A173AF47D310219819D41,60010
com.zeeron.ludo,004C9074EDB834A1AA5417F51821A3330693FF0C3BCFDD2E1A5D536F496E2B86,45
com.pixel.art.coloring.color.number,C2C4C3AB090215D0E7AB588E32A972768767D8E33B22A2F207FFDDBD76FD5918,154
com.rottzgames.logic,206AA4D39649AD26F46F36C94DF309E68BEB22B4F24D4EB65E4CA2AF895EBC4F,7100
com.mola.playspace.android.parchis,526F4FA19B90AC52383F165A61FB1A104FF5D256D9BB0FF4C072A3BDAA2E491B,40310599
boardgame.checkers.draughts,88267E2DFB7B524F3D319360F00425C1D539FEA0894365AA492FF1618D69DD1F,9
com.globalfun.ben10familygenius.google,1DA8F7AD13108BFC41E9D404E25B32F8D9F486F72813319AB9646C06D0996ADF,18
com.smartboxdesign.android.farkle.free,C97343ADAC56CD2A58E089BB4F387652D136516DC3532D4814852D0F96DCBEF7,312
com.withbuddies.dice.free,882E300BA6A2B97D350E7874D8FE911DF667F56F585028D2C66322DE2DAF4CB7,2110019359
com.landlordgame.tycoon,3D2234A4C24F3BDBE8F335585755035D7560CFE76BB39AF9522D507526B473DB,372
com.appindia.ludo,40DB4739055716EC6AC01F6F644EDBBA5ED1A92A01C8AAD222DEE1D656AF9B11,50
com.scopely.yux,CB4ABAE8024A3FF5075F2FC88951F25DE94BD8BFFE83DD9945943C713809A302,19371
com.supersimpleapps.sudoku,8D6FCC6E15B3669FD6C617EC12B703E47F75E888D0C2C8A2FB22DD8D1D6D85F0,53
com.kemigogames.chesscoach,FC21726431F6FC09744455BF400B17A3BB3CA767A95DEE52757D9718B2D561B7,169
com.yalla.yallagames,FC433673F15A1E72CE2A27B48A9CBE172472EFCF9241281CA5039A301630E10B,1020704
com.nazara.chicmic.ludo,02E1E9A2C3F648243368BAEF8BF2F51B39D37DC879B56B49F36107517ED106C5,120
dalmax.games.turnBasedGames.checkers,FC6AD00E7B7606268367671AB9296C17EB09784444ACF5D7C7F21E2F8A319D7D,94
paintist.pixel.art.color.paint.by.number.coloring.paint.drawing.book,AE84E6628DDC3E2E5FC5E128A0D4A8589C43E3752062F94F2D97B541999D5909,28980
air.com.beachbumgammon,5D169684AB286AA5259BD72DF4C182A9624640B67E3631B7167473AF6BCE0B27,1005028
com.git.carromking,2E61167B0E24245A1343B50BBCD24A62F7FF9DBB129369DCB7848F1E21DEFE8D,93
com.starsprite.tilecraft,7B8605445E91F74C5C8C0EA9EC92449651850C08A79664162758576D03495C78,150
net.peakgames.OkeyPlus,B3908EB771FDF0D91813C10B879330C41AE5F6305490910B9AE5882C5B72EE33,282
com.jetstartgames.chess,AF47AB949820A156CAC104DB53D2F56801C8DDEF78B672BE00C84CB6E2D6AF23,75
com.edujoy.games.enjoy,5C23E1FE2894ACF770C22F301F248050ACF9FCA965142A292CDF00451F9EDD3F,29
com.mobirix.ludo,DFA4AA5D80002114E358B9D25BB44C16BDC881D850595A00C06172632E35D303,210615
net.peakgames.Yuzbir,B8A51E97A05C401BD54080BC30A956C984DFAFCB653A356EC27EEB0D3242DBE6,468
com.kuusoukagaku.android.mahjongfree,9648AD387AC1231715B08904AEB2767CC4D5AD0AFAF9D25785DD20C67BC2717D,40
com.yellowdot.ThemBombsGP,BDB070D946B0EF22480ABCA071504629EBDE8F0704D050D156C76E9805D3FF6B,69
com.gsoftteam.checkersmobile,9D7533C243DD7DBED4E6C7FA282211436463CB8FF7CC408ACBD129F0ADC29919,216283
com.sngict.backgammon,384E4367182DC038E7F1FE0FBE7A362A301258A8E6E1928450C5670B3BD9FE01,8065
com.moonfrog.ludo.club,70BEFBB307F6DFA1F3850A18D62A1EA5CAE20AC37D92FF78AA84738096F321B3,54635
com.dimcoms.checkers,05D835A18B5F70E22F12E26A17F7248B6CD8467D28BF95D5BEB046304474F099,107
com.hyilmaz.okey,09E6C9AA906F1EB1FE23F8BC609150E856B445F6E159AFB17237B36C0EDA0865,96
com.chess,4F3F9C7D2CFE269A158697C65E668558B92207F19CEF27A6C415094C66BCABE8,210876
com.hagstrom.henrik.chess,BEE180AD8BC8090C0903622DEBD00173F0811D2D69F879D7E810227635E00496,248
mkisly.corners,E7F0CF13F229464132A8FA5E53EC4C3059B55C8284BE4656832E8D6F46F3EB8C,92
com.connectTheDots,640174EA97BC15CCF8AB2ED8E7CE6C49EB475392E77774A0C93123B33DD36D76,55
air.com.spicerackmedia.bingoshowdown,FAC6E2E4EFC988FECFDFC6FBA12C1DE24C00E1CB73CC85F574041CA82A80109F,435500481
com.crossfield.shogi,14528BAF26E787FCF95160028934FF7BB6648EFCC0388D141C8FEEED4C7D6F61,127
com.han.dominoes,EB448A8A13B08F1F3950C9220097CA2B6ADAFAE7726D4AC33E89009B46F8E77A,85
com.ahoygames.okey,82031E3A750D23783ED8C447EBC5BC9C18354CBD0744C4FC01794B5C92A8C57D,640
com.kiaora.dominoes,DA02ABC5FE387D78FA38C3B9B4F59E585EC1419E0AB8FB4F0F6C76C6310EC5F9,324
net.peakgames.mobile.android.tavlaplus.android,260F778F4D3ED04B8873402003C32185D79B9FA766930E9771C1978AB07E49E9,250
pes.vres,6EA272EBDF5E335C3CB0554234976D1C274B63BA3B7976D854DB5CCF87FE5909,461
com.sng.yatzy,FAC5E7894159160FB3C6B5B53E7FE515EBFA2FE04C6DB7CBC98E50D84FF44D5A,60
com.quarzo.fourinarow,D0B5184E9D63FBF6EE7EC4D3F7277D5CCA7D340857CB1D4821A1E6983D5D2673,128
com.tavla5,100B3B41FD357BFAAA3BB6FDB7C6F8FE8988A432A1E53BF03FB4D3C2B38A90EB,810
marcostudios.truthordarekids,398EDAEC676637436C637562431FE003003E9BC894B79C92D3BCF61BDB0FFEF2,63
air.br.com.damas.mobile,A0F84BF0F7B29FB91E6E70539C8EFF104695117D6A1DE3EF98C1A1BDBEB5C516,108012037
uk.co.aifactory.rrfree,FCC473E1BD3DCB65FD3F6319DD5A8B7F355F4CEFE3004D69B583FE7303F6ADE6,49
org.lichess.mobileapp,80A369EBA306BFB12B163F2E351725BB9D1B91D0EEC23270110567E56DF61BE6,7012000
com.waterbird.sandl.king.india,FF75FCEBFA6FA06CBA256D4E7D6E708782CDBF4A48F76CD3535C4D8684FAAEE8,172
air.com.jogatina.domino.android,FE149A9BF9F0AEC37009F60B691EEE5EFC0062033F1488C086BD98B24070BAE5,5273001
com.uken.BingoPop,DD1D42CF260B07078E7496DAA2B61BE33E3AB9E302E8957C28729C0DF7819788,7050033
sg.bigo.ludolegend,0F7C626CD4833422D9673AC39C094F81AF87D3E903DBEF04507DE07B5F5A62F4,366
com.ludogame.free,D296DAB118285952F65BD8A1D205FB9B6DED1E2CD96EF69C973C1155E6792B0C,71
com.waterbird.sandl,85CD6E443A3B5855C5E4D5B46F4F1C440D45797EE2FF06CAE261DEDC109B2137,158
com.sohomob.android.chinese_checkers,FCD12A4A6220DFEFAC1DA678A1DA3BB10B8AB026F1E199ECA5719D7282CC9D7F,16
com.blacklightsw.ludo,3BDDFEFCBAE96E3B1170D6E9D521AEF1F41AF83A5F1EC85CA48F34CB2EE6E98B,2543
com.ahbgames.cultura,8172757FD6BC97A318332B016D822256F1E5D4346CA7773C10B7034FD81839A3,32
com.mini.ludo.game,AF7A3E4D909C307DDC97D9ED4A0C719C6F43C96847A0DF8914734B6239970246,27
com.zingmagic.chessvfree,BB8414FB3F60B24AD6E479AD120EDF3B826089585F9AF3E28763DEC04574A900,70
com.one1line.onetouch.onestroke.dotgame,F519AE1A82D71DB8EFEAFBADA22D48E12AE16FAA2EADF5DA0F8596BC4875E97F,149
com.jumble.boombox,FE9B87F0C491F1F7A1CD919D096BD7B98DDE807037628F992BC80A47E01D8644,200039
com.pvella.mahjong,BB1291498B8B4CFDD91BB274C8437DE8546106BB48881E12FE0F7AB18963C13F,183102
ir.Hadiware.Snake_Ladder,967047B7FC49FC479E753A2BD585B5FEC7C22B6856D37D842056BE0FF10A0F37,27
game.puzzle.woodypuzzle,340BECE97223D1E0607F1625461968E315E377D28C17702445ED0A1CD191D6E1,254
com.clipwiregames.bingostory,6B5F3FBB80EBE2D13351F64640A30E2925D6627A51FE7C56FDEA14546A02E49B,202157
com.oxothuk.worldpuzzle,72200E966218653A294C4802EF2C7910C159E241CD3AFF8BA737DBA9A3F44ED0,128
com.pixel.art.happy.color.by.number.paint.coloring.free,D7B8B2E401A1191A53FB4E4A777CFE9C9B6C48618CD9941B2299A0FAB26BFE0C,171
com.ansangha.drshogi,C4E68E1CAEA6250109BA0CBA9DB67F23FBFB60203754FE5D005EDAA9F16DA627,37
ru.skillcap.dominoes,C181C7263F2E95852EC2FD8ADFE759A87489182B2A80D72B578F353F9230B7DC,704
com.bigbrainkraken.tictactoe,DA12A73381F6BBD80BDAEBE2195B808E75FE43E82351453B3AEFCFE0DE3135DD,24
com.agedstudio.board.game.dominoes,E04FEBF12EFD8CE9037E4E9E9947D97DDA39D322A884B95A4C11C0DB1A978D8F,1709000
com.joongly.tilemap,9184F5A16532F79E44D6F51B5BB00EC492CD86E144E73C9C315B0A1E0885A970,34
com.blackcircleapps.tropicalbingo,4FCE17EE80FDB8C60D29FF573A8A5AC42DD51E7A96AC3A7FAE893C1A9EF1F7A8,748
com.playzio.snakesandladders,CA087D9E2F86A54161FA43D350288095A821460B2D336DC0D3043500B7465630,46
pl.lukok.chess,48DC308CE58E43142019DEB0C0863A90C1B04EC395077DFEF4206069B844EE54,2086
com.binggo.gaple,A83F8500797A59227FE695E8D09A95300CC4AD08CA309F145E9BF5386D061F9C,22100
com.bingo.games.online.offline.free.slots.lotto.keno.casino.adventure,B744E40675B645A8BE43CEBC2247EEABD70291AFFDA9C4FF17B49C394812ACD6,121
solitaire.card.games.klondike.solitaire.classic.free,78973472CAB491CF7D681F84AC5B75E5E9FBBB3B63F317FF15143A8D85F71348,1202221740
com.yanstarstudio.joss.undercover,2024DFF8C60839E830D611D9D9BD361A4E2567AC3A9C968522DB1BA8F8FD77F9,390
co.reality.getrent,335B101921AF5DD721E58E37DBF992993EC3D2B33339DFE27DFD2F52C3908F41,27224947
donnaipe.europoly,119D10A25EC5A1B9ED90D90B3D7D70822EDAD61BC0ECFE9B1F77471CC8A13238,26
com.dg.puzzlebrothers.mahjong.mysterymansion,EF5A3D634BE75A36597639D313B23CE28D5DE1B15A0C5D2853A0FAA4D5B2BEA6,1000132
com.sngict.rummy,B47AC7BAF48FE4A690479BF4C5141D43D5752F247C27E1F70FEF8FFEF6E97481,43
com.donkeycat.mill,FF45B0347FA96864A2C51BB1F1FC79BB5B07C81D38597CE40428210CB87A7C07,201
com.zingmagic.fialvfree,40BA23049C03D0596305B41DDE1E8792351E411B7D2B7ECF89A890E103388FF0,73
circle.game.bead16,2424ADBFC19F6BCE4B4384A6FAD5B24035C239F4282477BDFBD3A7C6CF6A97F8,56
com.superking.parchisi.star,8C97D1DAE5C8072AD05520D334F61AEE08E03E2D71E29B8BED4750B6932E139F,169
com.quarzo.sudoku,E5A6B1763DFF1BD6E907E764A1CCAEEF69836763DE450D60CC38FA3A17A764F6,120
com.aibaduk.baduk,940FC3A2C9F8D8E95DDEC8FDDAAD095126AA36ECB63080EB24203E07DDEEC98D,120
com.bambo.soccercaps,8D32AB9FDD93E1E5B3BA4F2DC6FEAFCBFCCB6128E32C65A567CA70C321A20FC1,51
com.gamebility.onet,0D5EC31C214B414FD7E621ADA068A5C3A34E085139644091C9943A140E945475,200226
com.lemongame.matchtwo.mahjong,838109B0AAB043F3E4224ABEF99301176331C64D1616912F9970E753BFB1381A,200107
com.artlife.coloringbook,871D1930B99154680E0016A9A4324803C5EA4E521A9CD8707C1DBE3D4C4CA7E4,102
mkisly.damasi,582A2122136C8CEEDF40FE15A588A616749ED6F2CEE50CC56F08E8A83958245A,108
com.elex.rummyfun101.tr,80BC7E8B3DE78C7402FB870DF4B6433E51370736FD752E5AF23A4B81D51AC9C6,540
com.playmagnus.development.magnustrainer,DE5757D3D19652C8D399AC996461780855E228D5CA24C9DD749538EDE6669774,464
com.ahoygames.okeypro,8D62E883EF0D2CA4614364D1489E42B21FD59E433CBD46149F4CB9C0970483F2,345
com.pixel.art.coloring.by.number,C66D6A87FADEDD432409ED8A48F1332C32ECE600D4A8EECE0276A5C843EE6C06,2721
com.mahjong.onet.puzzle.block.free.match,0EC35EE13616FE0F09976BC8F7EB853293952086BF8850EEBA6331AC050704D7,52
com.tnature3.Mahjong,3E4F9F2BA5EC0D6EB2A199C7B071A7AE52B32941AB953405295AC38228A01523,22
com.neathippo.crazypolyfree,7458EB651C531EE801BC02D1BDEE2ACABDD1CA4A8831ABE39247C23514CF3219,247
com.chess.strategy.classic.friends.free,39C929102AD42659C00D10C9B68BE29EFCEFE3D54F543C046971C09A7578DD87,3000029
com.SNG.Ludo,34187737E74C0467D75D0BEBC480E1B0BECA811A7993B6211414C823C920DBE3,51
com.freeon.janggiG,FDB9413CE5150807C9E320FB63E25986C9EDDF789DBA3F9E400CC906FBCAE888,51
com.haptic.chesstime,1963AAE7A80391110CD0CFA78ECF023A36D2BC381F0F03DA0FDFF08D36C2D366,34321
com.tile.match.connect.game,5E304BD1BB328A1A4888DB13F062BCCD02EC718800A03759C5F680861F3007C9,44
com.abi.merge.defense,347EACE43E6C3EDF5D0FC9BB398D007AC57CB3EA9EB042B9F3756ACAF79007CC,73
air.com.pipastudios.release.praiabingo,3A1839A598D1C0A90DBB8309AE7B26E628B8D4586FC71A3FCA703A12B94DCC4C,32021001
com.hasbro.riskbigscreen,2DEB101350B10786848E6B9F7A46CF98D8173445314C5A9D524E5BCD75A436C9,201279
com.butterboxgames.carrom,755B24990C2C0F9A772FBA2AEB26B3BA98AC464621808CF019C0AA6A7F5BB00E,201041
com.alignit.checkers,79720628280FA00BD57AE621927C002F65BEB429A8B3BC7E8B5AC45D895F4F1E,20
com.iz.ludo.saga.king.star.dice.board.games,95B503FFDBA1BAA441C465552895A703BFA7DBF901C0D672A0F78199771DF585,74
com.Wonjuni.DropDownBlocks,33AF5E2922654AC66B273213218942599ECAD9FF8FC8D8421899C844BDCB6592,29
com.SimFun.FindDifferencesDeliciousFood12,2ACBA6A78BD389546BDF2D30AECEF5B69AA47CBCBB09F806753A8049CD0E1C42,92
com.play.carromgame,0325BBB9978A88635A706D361C547ECAE5F28ABEDC216BB2391400CF56FF660F,22
com.ludo.king,51AC793E521E88060874959ADF9D2AEB934E35EFCDDE99CBAA7C7F67F1DA5EB3,200
com.creative.sandbox.number.drawning.coloring,FF6AA94470410A05AA2F451572EC7D24067D703C1C8F7C5130E07CB7F6CAF82B,82
com.appcraft.number.puzzle,086AEFD9CCDBF3080069B9C9FBDBCEBE593E13163C411426485AEAD3D31DA06F,3093
com.rummikubfree,0743189755C54543D448DC9515481B71113DBA8D64425789E4F1FA8086027F3C,20210630
com.crimsonpine.april,E13CAD5266A0BE25AB17B8D5F562881E2059D0A18B641C01F1F710F2FB9E6994,222
com.crossfield.shogibeginner,CAB8FACD936466D22CA05F7EAD2390F5FAB3EFA629190E446304AB12523F17A0,21
uk.co.aifactory.chessfree,9092DB658A48B501BE56257EA575057B3BDFEA813A12237752DD0526B0222545,174
air.br.com.domino.mobile,C1DBEE8C1E5388AB06A5E4E742C750B26EE603CFB6DB49A1E7A703AD90C8646E,108012037
com.alignit.sixteenbead,E4F455335F7049AB804E29B5E726C73756BE1FA96040C06BF30AB11D18967A6B,29
tnd.connectgame.linktwo,75BFE0F62AB9DC3E09703790D6FFF5FD214307BA91633364FF597129371AD915,35
ru.appscraft.dominoes,502C84419CE58A518F9F39F5C5B10549FA054286E73EAA639EE33A29ADEB0667,112
com.blackcircleapps.halloweenbingo,03EA0B8400842A6BE8916B5CF89EC7291B78FB26C846138A2B664DBB763C95AD,1020
manastone.game.wcc.Google,9C7C892F97B63BC3CDB91F93113A58428BFDD6507FEB09139408F343D96B914B,202004241
com.yoozoogames.ludogameallstar,E6F1F2637A83061B66394E7EB03A9D2BBC7924BA1C51930542E255D1DE07CA48,953
com.ammy.onet,35EFD740DA00C1FE02A30CE890178F5DE6E0B0AB507D870223E534F2B4450E05,135
mkisly.dama,B1C4670F7B4D6304B963622EC50B08CAC90DD470D9EC773A061F32ED1723AB73,56
com.tictactoe.wintrino,0FD27B192966365DF2CF8A3BCC83CAD4EDC6659F56ED59E09F35C6E577A51C83,78
com.chess.master3d,54FC1B39D68FFEC302195E4B06DB8647B86007C61A6FD4A6DF501C3D547C3EF8,182
com.two31play.mahjongcity,D9E3F05B41E0C9284BEB5415680B0A51FBE4D4C3C5FB9F4FEB3FE9F618FE992A,568
com.tfgco.apps.coloring.free.color.by.number,2518ADAC158FC6F4B3F56AA05F6DFAB82EB0B089842F5F5CDBA9270E7078E210,542
tilescapes.mahjong.solitaire.onet.free.puzzle,60B26230BB94D1D6CD9183FEFE823C7601FE179133F7B9505A2BA8E6A365A59B,54
onext.boombox,0A9A594F1824F4507951E5D7DDDF2D84873852D94304F6E98FCBC02BAC13B89A,200040
com.volga.lotto,3B9500CC1DA4853625713F5185DDEAB7F2C0B602547545189A4B4EC24BA921E7,29
com.mobirix.SnakeGame,5BCC566673F71E47EC7A5003DE9FDF21D4556EF3B75704A06F6C3865B57580EB,21030501
com.ludo.master.hippo,C347FDCD117BD6E29C693B50F222131ADAB83BCA0105E5DB55E7D3EEFFD374C8,141
com.emflag.mahjonglegend,045BC13524D65E7E1E63C315465BA77D31D0327880726F399A969F4EA1D0DA8C,53
com.butterboxgames.carrom.multiplayer,3D5C4F9075F48C9FABA290BAE184CC709B3CABD6B3786F5D9A1DC658C267BC68,210077
com.mynet.canakokey.android,AAEA29D169A81C96BEC3D1F69EE1A3FA3BF86ACCC6372E7B07A0D1C2B7A3D299,356
com.crossfield.hanafuda,CD150230FD772A6ED19F57DB562ED662C072832D4D8B36B3A49BD05B1DF5BFF2,76
com.kingsofgames.chessuniverse,1E2166F5FBDADA6E79E4BA3F8AA1E4811FD3A465DFA2DC4E96584218917F35EA,614
com.ruby.coloring.pages.art.games.anime.manga,7A483507CABD03FF9C9680BB34DBA7921536D3C2C2A4F07D51B1F598857D3C98,45
air.bg.lan.Monopoli,BB39D67FA2A0DB870CA6F4C294F1C079BAB59A01B28549BDE6B007E7A9EAA3F2,6005007
org.aastudio.games.longnards,FBE92EE1981EC501308E98B791673AB2A7EA94A39D5C8ED83759E2417DD8663B,640
lu.zvasoft.lotto.free,5C51E46B379BBE2DAF446E21839A8D7C973D6A2823E258417CB8B5A9D914FE25,196
com.sohomob.battledarkchess,E4CA324EB76BEAF7AC2863B9AD0B95BFCEBAA469AA36BEDC3C3CE31D772A6A3E,118
com.mobirix.backgammon,D3539084A362FB9C4E8ACE82AE4F543D18DBCBE83706D3134633FCE4FAF3C8E5,40
chessfriends.online.chess,BA333BD823C36103A8B1F0623DDCCC05C399EAA584A87DA1A5A2B36789CD7D28,503020
com.greylab.alias,78E53CEA703F0FD707FDB52E04190BCDC0F7564A3043D78A1E3C78B1E4764551,29
io.yarsa.games.ludo,DA864476D47527DAB6F324A1A72EC3E195F55A2D5C925A2C84AABEA43E8E9FC4,37
air.com.gaetanoconsiglio.chess3d,C1B554E9B571A96F3D3690CEE72ACFF3A6D6F08EBF51CD313B8C5DEE99B67076,2001000
com.harokoSoft.tictactoe,156F77B286F3B7C70C999AED82DC40052784400C0ADB2BF3F647EAE654EFD536,27
com.binteraktive.kniffel.live,936F7F9451110815B3BBDDA409F1B42C786E1E2233CE53DDC4226B580212A497,384
com.qhost.aceanddice_domino,064508F89ADA95D71DF2F305C04150B2EA6DBEDC5725F4BBFC86C37F6B991BED,200187
pl.mw.playmagnus,AA9BACB36E6DE24B615DA9FA6F48DC9582F9F8D1EB4A34D904EDB52B2E619046,500000012
com.alper.okey101.hd,DAC64C259AE0253045B1507D0128DD2AFC137EDAF9DCDDAC4BA6ECC282C1B8FB,26
com.withbuddies.diceellen,B26EB6192EF0F7CB6D50DB18BCBDED3B2A00CAE575B8A19323966DDC82310886,19359
com.developandroid.android.girls,1E697FD83DE2EF6DE6115748859EA8A00A67DBCF201FDA4F60116D9A723BF37C,20902000
com.mobirix.checker,0C24A1BCFB24BB2C3DEF25ABB4FBA35C3B17B1C4FEB427A38772069403554523,48
com.sagilstudio.cotuong,616F332609C6D99E69A3E178A6804E8F282CB754363098523AD17B2C1E7A5783,61
app.game.carrom,97E9180AC10F23258C3A0B2FD98C8BCE4FF62A3C6C5571657139E82D1342E3CB,300102
com.foxelpix.crossstitchclub,239D5AE0DD8EF12DF64D579F4924D931006FD43E54A7D00797F3E649AB25BF94,240
com.hihuc.cchess,0F27AA23D6E278198D12AE3905DF3B464F4372AA4E76370EA8615E08EED4AD44,64
com.usm.catanuniverse,42EB11F59932F2865FB5F5F392D14B8E235D86134C4EE0AC292D597F2EFECF0C,268
cat.minkusoft.parxis,ADB9D93A0CDFCD78682538EF94642EA8C527655DB4C1D8F73623CB2210ECDE3F,130
com.zynga.chess.googleplay,288DFB5DB88D16D3B63B3A0C7CA4D36DB34078C91A7EDBF6D631DC338B87855B,189
air.com.bitrhymes.bingo,F8C51843FCF3BA07863F1FD6DFB7E5088BF4AACD0FBCCB045DC5768EE2484626,1177001
com.egc.ludochampion.ludosuperstar,0642A773679ECB3A2ED516D65D9E9B3D764E87706EB3DF3D49D3E7EF8FC01944,9
de.smuttlewerk.fleetbattle,12C9FFC15B5F0BAB6EBAFC48EE901EC3F9B47725405A410E33BD3A408F30DECF,164
com.gnik.chess.free,065189480B28C4AE76352CDE1E7ACFF294651A643AF34DB2D713E2BF6292EE7B,35
com.comfun.mobile.lukd.gpas,06570D4D2CA316B4B0C8CFA6A0563F4277B87E222E617C2D1782A61684F854B0,10030
com.comfun.mobile.ludo.gpas,125213CD8D1FB8B91AAF7884409B1EC9EB3C604D0BAB63386E46F785C96047CF,10102
games.spearmint.sevendots,C3B3A9255770F4E6E5D0D48EAC8F70902907729A7839487A570A37629014D828,15101
com.zagmoid.carrom3d,C61E71AF044372DB1D9A4ADAF24C53A743CA6CFD38278E85FF5C74FF67D02C71,141
com.tns.cotuongup,36183DAD352F0ED0022F8DFEDF16E60A64144610011CC59BA76A64F458F821CA,58
com.ahoygames.backgammon,DD384E425355209595F3E9A49ECE415F33629195EA39DD826D5B9658FEBAD72A,381
cat.minkusoft.jocstauler,DE0C25FF24C017E2120FF2D981503B7F888CD0B86A1917B9859DF800C2BE8DBE,130
and.lihuhu.matchpair3d,B1EB1738ABAC4AD93AC9F726FEA334A0FC7C6D8C4214F074C41384886116576B,42
com.TikGames.DominoMaster,99B7EEE99CB62D46258BEAD8E981B90CA828CDDBB774D458FFE08A8A6A1048F0,503633
com.millgame.alignit,9445651A04F6079761ADE1D8C80F1F3F1D6320425EA31BFB3E69BF8EF01129C4,64
com.sngict.dominoes,38A897234EBF9B54739D71194813CAD60475A293DFC8FFE93AF51ED5C6BE78D5,3000221
gsn.zingplay.cotuong,F47E888E96AA06D27E9EA5F03B7CCF2D252B21B37E847F80A0E29A529FD18C0B,75
com.cdroid.dominoes,F081DF63417A0C03381370835C37716870CAFD04C5E217E8958B4EA600514C14,93
net.adesignstudio.connectfour,BA37422D6BA826C4BE0D6220006506B3DA638A36CBE7A6B4D04ABF96C69CEEAE,11
com.kb.mobfree,1697F53A2817BC96F8123E91EF44ED42BF6D2A0B5E5864E4AA23113228332621,114
com.kg.ludo.star.classic,9FB750E9D8851346FAFE9B1F2F945E3359AF82598B5A4A5127FCD0D6F3BED2C3,28
com.digitoygames.okeyextra,E8AD31EF7FC056B46F758A3BA9056D0A5B54E0DD17D6FEC71E85C1F5135F04C7,20770
mkisly.checkers.damas.brazilian,E5084BE6F4105995EE9F637CD407529DB579DDB7DF8FB27D07B5089B4EAB933F,79
com.alignit.fourinarow,440B371B23D1A62EC8F030A646C10FE6780F65DF83B6D8C0602019521A7D09A7,73
com.bcsofts.colorLinesReborn,0A1C7B38C0320CC1D7866E8073C39F7771F66D135C1EB048ED3C965B768A9F03,139
com.flyclops.domino.android,F7B73A456B9C0847D10C8EACC1A953F378F88E7548F863103D5503E2B9AF07D6,19001
com.ezjoynetwork.bubblestar,73016460F8BB552492EAE681532C6819A721CA7C6B36B1BCEDCEF5FB9BEF55EE,11
com.ahoygames.rummy,99AE860299B2B443D1A70910E0EF9A49BC660E20C0144CFAC1B1533A999D2B0D,2620
athena.studio.woody.sudoku.block.puzzle.brain.training.mind.games.free.happy.offline,C1375C6A09939FFF6115C5DD0DDA77D31D9EC16475B984B9D730FE15090BCFF1,318
com.pixelart.colorbynumber,1D1FC62BD834EEF576C5337B4FC2AE306078C2FA9793A5CAEE14627529071500,57
com.orodragon.bgking,490687162DA540F6B6707FC44C16040BF92AFA70C8A4EEA91B8F7FF3FDEB6A12,212100
com.Gamers.Ludo,6F9413F89651228A718C7D7CE23083828DC104AFF40184070C6D434748A685D4,85
com.maysalward.Dominoes,294E99576363A2B4E518FDEAED82292A7487940A4548798B20B67E9C46104DD6,2000238
com.qastudios.cotyphu,777B3486B392BC6316873D69E1EC2C7552353514816FD443698EEFDDFDA69B48,101
pl.lukok.draughts,85FC5AD0FFB4EF66E9501057EB94D587BDF3B2B8260C933EA690937F9DD833D8,1335
com.dupuz.checkers.checkmate,A32BB2F7558B3FD39AAA1C45B67856D1AFF8C423F0568E3F7F68530EA82845BF,54701
air.com.lalaplay.rummypro,6A66D02139301129423DF156276C743A422ECD19050BA3F808B0C37AC9961FCC,6000004
com.rstgames.loto,07EC973316F1B9B1B40923A07857DFB8C382504D594532C422AF76B831A5FB06,30
link.merge.puzzle.onnect.number,E3FAAEE34F7FE9E45756EEB5436CA5F2A20830571A6D86F6845C90A10D98D92D,21291900
uk.co.aifactory.gofree,5EC3FBB997CF4ACCCA7813C39C8984CAD861A4C68C4E89A0662DC87ACBD5C847,27
com.cjenm.ModooMarbleKakao,68D49A80CDF6A6F792F4172A385CB7CF053BD77E02C99AA9A4257B098CBFCD49,41
com.ludo.plus.game,CECF764E507D5221FB653C7C1A8C53AB2F7E702D103D7B7BCA62C3466FBB64CF,34
com.mirenad.dominos,74125F5C727987805799887F0AC978424C068A63BC331D2BBCB6FC31A89A7B9C,31
com.crossfield.reversir2,A19F73489FA46DAFD66C67A5ED7C6A933B3054A9A6DB357F8C27E8C9EFED5260,146
uk.co.aifactory.backgammonfree,DC08B583AB9A9069A107186DE75772B8D00D870D2E62247DD55CD45218289210,81
com.mint.loto,1F2FC056C117797F144FA001FDF1CA4E817325D88B9E9BC164535C12D11CD90A,168
com.xidea.ChineseDarkChess2,F89E18B31E45CC7A0DD5E26F263A24DF35AC2D84FA2901388F0902193305FD5E,124
com.IguazuGames.Mahjong,494D27105E4BE11A37356F0DB5153E8C98AFFF815F137920470E921977FE1365,3420
com.whiture.apps.ludoorg,087DDC8ABE95A4EA74B3363F322CC1BCBB6A18DFE0385AACAC2AADEEC37C21F6,53
ru.appforge.domino,0FAF554C6F3E5E49D96C643FA558A0CB246FE8C6E3946F28323C21F146BD4BC3,447
com.xidea.ChineseDarkChess,08BEC6215EF060808A8B9FA7D497D8908765EBEA96A73BFA952180ADC368AA59,48
com.zingmagic.checkersvfree,7440BDE12EAFD6AD3D7C24DA9F7BB0F1ADB6A85DC19C87D2152D64544D8DC128,71
com.tilemaster.puzzle.block.match,74DA17285CE9CE12FEECBF6AA19709A0F8CBFAB799F863D40F9C86509F01787C,20060
com.europosit.polygon2d.coloringpuzzle,D302B95808DED565DBD9D3CF6E55420DBDC2C03CBC4FC34B2F20538C39FD3801,2080003
donnaipe.domino,D7A059EF0662B973E45BF0B348D0A62AA75E0455D3B40AA537568B8784186E16,27
com.optimesoftware.tictactoe.free,08E040E3DAF80B99C9B26AE56267A8184786F2403A35065B116D9F04189E4E69,21
com.hyilmaz.okey.yuzbir,6F37317FDAD5D74343011A133E27C388B870C05071A9B214D303D61F35FC3F26,112
com.kyz.games.hepyek,D5AEFC85F0634119E575F47B4357FD6D397BD17AF2A71CE70018A96A5AC889E2,42
air.nl.goliathgames.triominos,225C3EC675B749B8C1F423DE90FED29BAEDC085944C463832032F776C6003E4D,1015110
com.leogamestudio.ludoneoking.snakeandladders,0954C22E96E975A7AE34A73920C9778776F847FC47218CFFAEE21C9D3FD1A632,16
com.twelvegigs.heaven.bingo,096D219FE69F1CD7BD6DA8DD6BA4817871D02389A2595FAA9407C04D2E69E150,364
com.chinesechess.xiangqi.battle,0DC8690FDCBFD6A521683D7DB3D3AEE90AFF3BD46C515610AE9D114C996DF38C,440201
com.dominogaplenew.poker,BFE0B1CFF3986B868EBD18D0569CE4E44A0F61CF6D27BC9375C420BF0EF62DB3,126
net.yura.domination,655DD6106209BD4322DF25FEA0261D07D2F1745C5639678A8088EA4697C13ABD,82
bp.free.puzzle.game.mahjong.onet,E700413A1C7FEEAAE49155843DDA3C774C86D860D0139C2524A6C812B0906C9E,117
com.intentsoftware.android.yatzylite,A94D9C3DB7301AB9CBC46E6C8E33A20892D046B49B66C9399ED8587747D8ABBF,65
com.crazylabs.voxel.coloring,C127A3612004452E73E567D11D460E5987C65A309812E6EF124E2A721E4F1617,176
com.qastudios.cocangua,70A8820E4AAC443588D0D9456F60E08C800F141FD282947B3D645AB3F9B47527,78
com.bingo.tour.party.crazy.free,32F9438A2B127B9D98B1ECC36D14DE6C79F4E20A40465F37546231DCD50DA2D0,20210929
com.sngict.okeyextra,4A8BD93C73B7CD789544B18195CCEA00B742ADCAE8FC1FBF6BEBAA055A18A13E,105
com.brodski.android.tictactoe,0A118548B1C0C7AE39ED1FAF19D5531A7A329C41B09F768E450A71DF49798A5C,63
com.LoopGames.Domino,CDFB7F87EA372D5E1300C90BACB9D04874CC498BD88EFAC71AD31E1E700B71CC,1490
com.lipandes.game.damhaji,7B14DB2213C2118ED2AC9F3D6D31AECEEFF5DAE6DE42B3A6C97C789CDC409596,49
com.limitelimite.app,D316E5B8B9DA35198725F1624E7A7E1BEB4F039BF80F327B0BDCD24258A9CB68,44
air.com.ievogames.superbingo,20D8AE8A168DB72250233F88151D83919CABA2CE70E505246E78A81F91E31E73,2061210
com.gpower.starcoloring,8775A2D4B63BA3EBA8295AE05D4EA79305043D9FF85A59B9F483E1F1AA5DDA21,74
com.lein.pppoker.android,702B8E59AD372AE786DE21A0899B794C538DC3C505AB1A9EC09CD15A139B8B02,55
com.virterix.tabletoweronline,1861BD763B9668757C26FD470D95A0C16B1C674B9B88C7ACB66630D8AEA59F38,80
com.platsera.freebingoworld,F76F590A36129753A91473DB1CCDFC2B61DB0946C4F342E75B53253C976C1AEE,35
com.arqew.bgc,232BD210C4D828C1595773644174EED61EBF07422537250C4F041669DD7B22BD,100902120
com.mobirix.chess.wgmf,4D96AD66C8A06433C303ABF9E02220A09A6CF711F50AB7353323D7B2A1CB6BFD,2012003
com.google.android.chess,26B27635FE42087D12397AD463349A543D624C53428549F92CF4F7562A3E8BD4,631
com.playstudios.myvegas.bingo,62CCEA52A96E889239875DDC7A14C173226AB820DD264BF5699BA521C7247CD1,135919
com.mocelet.fourinrow,88464A15DD9A51AB754F8E6F88B573634A0B397DC95FB3F3C1E39CC2C6C8ACA2,14161
com.llx.chess,C13324BCAC20DE3F8BB35C11579C3D8DDBAB69E2EF5B1E8DA9D3A3A7B582A3A6,13
com.chessking.android.learn.ctforbeginners,6BFBA3051B94E0CE199E3F5ECBACA387FC1E82DA46A5CC4F27CA89248B5FA892,10000021
com.pcoloring.art.puzzle.color.by.number,4F07E92F8A0D6BD3D8356635DCF48253308B4936F8E541B0D01CB3825C121BA4,120
com.vndynapp.cotuong,4F94939D1E6379DC40FF84DAA9B1A2D24154EC3DB3C373FC0709B5C8D6E8C1F1,25
com.superluckycasino.viponly.slots.vegas.android.free,AC85AB277746C940F1B4088F946FA497B848D2AABF89C10628E61F060766B453,400163
magic.appgo.solitaire.free,4C8AFC8F1A6B9FCD59EF34140B1F41BB203AB9CD6D6372CA0495F1729D2E414A,1325033
com.xoviet.tienlenoffline,5B69D46FA32E2EDE55D69C301D6DE771E72BDBD20F54405E9020F0598C462462,52
com.idz.snakes.and.ladders.dice.board.games,43AF179F7E82E015A0040EAFD5D943ECFAA28EB550DA54DEEB9390CB082F7E00,124
org.softmotion.fpack.lite,9D55B2784952988B08E27C037FE9321BB77AA89002858D8E029DCB37B3727A2B,2103
chess.friends.game.play,C3B4591CA7BFA1131A1B494EE6DC589E52FB947EFE580F6004CA2F60E1A386B3,106060
com.joycity.god,A10B1CF3D5802367CE6DCE956A46C15C7AC23E61B4500ED27647D9FF3BC4CF64,131
solitaire.arcadegames.freecard.solitaireplus.epic.klodike,6122B13085D26D9E151C85778654F99ECE2091B37EF41C5AA52432EA17ABB92F,1302990003
org.petero.droidfish,542B9A10D828FF1EE87C63E3C110D95F7912CF36F71D36491CD721CC64FF17AE,94
com.xten.starfall,63CE2366D4C83375BF83DD3C9CDF1D8ABF7526B77CA1AF32EE5F09C711388E3B,940
com.onet.new2017,56321229334821D9C942EAD9696B489D426C5F50A0128B0C378175938CDDBE24,4882
com.pinkpointer.tictactoe,32F39EB58BE607EE7335AA978CC538DF78460623FA98D0FB7780A36AA7AAAC03,20207
com.ansangha.drreversi,6DD27321AB125211D65C5FD1534E73F6FC18ED2C27887AF6B494BA74969DB2F6,79
com.zps.ph,0C9F7ED21C5E9DE16F267FFAF753626F58BA7A2D6C94EABF44C0D73DFE01C35B,10
com.sngict.okey101,BA9FDA63E07337EDC021AE80547238172E497BD377241164595577A45C488A0D,45
spin.the.bottle.truth.or.dare,5B437D9098BE180C1C81CB40A2D5266EBB46F7B1E85D33F4FCBD42C9E1381470,37
com.moonfrog.bead16.damru,AE1CF920603F8068F7AFF082CECC092C0545503D8D51E30312F03FA5E0270435,1720
com.games.ludo.mania,191C182DD6979218F95AD3D24043E2D2B123EBD5F0027091BA3C4357F1F2635C,18
com.dunjegame.andrecastany.fourinarow,858BD2269456B6F508A3439BDC2299E6A1D52A5D250730A2A9D914E76E7B3D89,74
com.Offs.WhoIAm,BAEC2E5E9A04400DECAD8F6172F91EA4B24DB413A0B00AAD28F6E3149753379E,66
com.tellmewow.senior.dominoes,0D3C832102BDBF5EBEE0381D3C3A78BFB284529A58F9113095E3F7DC4D7E0797,38
com.magmamobile.game.checkers,13F61F027B4891CF82ACD8C2973C07E43121841686FC4211BD5FCD5C355FA771,21
com.atrilliongames.chessnew,3419D61480404A774676F408FA5D91A99AC46D3C0A012014B59445C1F8175442,4050
com.gss.ludostar.ludonewgame.ludochamp.ludofever,BE34B5BD4AB66811CBEF74F536858A5A6067A8B189D7D81BD1C09124A5F82FD5,8
mahjong.free.games,66BE3D338CF67F4DA4C69CB074EB8E8CF236BE8F7AB586D8056B230C07E99C0B,100000141
com.kristanix.android.mahjongsolitairetitan,32FA6DAA9C0D82BA38DE1C26686B316B7D3FED3053B659051F8DBC023B319A9A,65
uk.co.aifactory.sudokufree,0D8FC286A7E121C71340FE956FBFC67C42C58B58C18C4D1018FB0E66C268DA73,53
com.appon.mancala,13DB612D8E8F41EA7B0BCA32983C1B118A6A34464C7176B066DA8E6B5F05CFEF,92
com.rstgames.backgammon,F2FEE0C40E0105A87025EF8FCB374E580980A3ACA849519A423E927C95F894F9,100
com.nuttygames.carrom.multiplayer.board,476061BDC3FE0E7DED3F28D3D95F5C78C5DBCCD47D008F88391BE88860C3B1BA,200013
com.han.dotsandboxes,CD803EB037CEDA85B774501CEFA1E1B4A7C4E97E39DF4F630C73DF42C5E0E19A,86
com.yallagames.hd,EFEE112742ABCD8F8983213E6F56244F214A349E7C261D5FE251A03D9E5FEE40,34
com.gamovation.quickcheckers,FF8D4946CF61E769AFD3A83EBCF95145294387F00F257558A8A9EE585D38ABE0,58
com.vivinte.ludokotlin,0E316F6957F78E2EC6F4B096B285500A36D7D5F4561BB5259FEA0D102984D1DF,16
com.ansangha.drchess,0E57E725773407A792591683300E64DD02406F14E12109F67BFFA122ABF8CFE0,57
com.kristanix.android.mahjongsolitaireepic,F7A0C54169997196DCAD4453EACBFE4D7847F09922A9A89102D009C641CB9820,96
com.han.checkers,42F08E2257D10E3E31091368DCDBF709F71B837B92A19770B0763855CECD143C,67
com.monomob.omok,81C4A6A63430B415F2E7C197D9B14AD68F93BF0DB9D24911E7F29EDCBD905F44,218
com.gameworld.businessGame,A424B2C4D9BC00B970502F1CF2E5CBE23F5A606D107D7639618172411BE7CE02,146
com.fiogonia.dominoes,A41A6F6D6334765CEF94D010406C39C169502E1B3C8EBC1CA1612BD62FE3744A,1394
com.chess.chesscoach,8269005562A70DE2527B39793B5ADFD4E3FEDA1C3116D53CE1012B9411DDC221,313
com.koga.domino,7C5F3845708D17E706BBA51FC331B9E7B3CAF03D986A934B02090ED4B87F6AA8,548
com.mobirix.dominoes,6545824231B5D361694DF998ED4F8F09E48C946A0517EAE47E55B1092B603E06,210615
com.mggames.shologuti,8B9838EF5F3FDFD8CBFDF2D984A7A01122E4300726902C1BDB8EBAD79E5B0EBB,29
com.sohomob.android.aeroplane_chess_battle_ludo_2,147A69B7865921CAC0D7B2E73F380EAA4E1CF89424972407DFF8B33DFB149923,57
com.gamersworld.ludo.land,2287097722405625CACDA47695F00CF38528289225DB2220AFD42F73A7080DE1,22
com.artlife.color.number.coloring.games,31C2BB07696B5798F1C22998F2A8ADB995DC3D14EBE8504CB97DE81F43186B90,100
com.sngict.okey,45369ED36EF13C3A01DBB7DA354A0F61A25081EB4401661F3500C1A6AB7AD495,78
mahjong.brainmaker.oriental.solitaire.board.freemahjong,C87CCC4F844E12903AC4D43A7D76D2FB4BAA24386E99F4B3137AD6C69240E224,125300
com.balloonisland.ultimatejewel,E055A814C3B4AF2510FC8F45F2008EAEBDAA4121670A4DFED909F278189BBFDE,72
com.soopra.chess.chessgame,845B06612E93D8D931DD928F3D5E45FB72FA1CB861571BD5D03286A65E1D2D8E,10
com.mobilegame.dominoes,462FFC45790E2E538A52E4602BBD23192B17C097443229C34C49281CBC894A4C,28
com.turbochilli.gks,0FDA18AF33A63A17B0B8FF0A283521ECBDA993897AA6B017D5382222DED2EC9B,33
com.chess.strategy.boardgame,D03C16FA81A7417820552AB7B320CB13D04F5D288C38D2D698E7D74BCA10F462,2701
com.binggo.domino,FDBF0A3D0F6FC2CF2BE3D6ADAD76DF552C0A4DAB2E8915B79E7FD0070D13F729,22102
com.coba.masterchess.android,7513ABDB00F2109916A97DA1ED981B255E060E30B23BC248CE62DE0E7EAC8BF3,64
com.binteraktive.madnlight,CF46E64C5D1A4201322245108D24716108E78BBBEA6449B3CE4FA08D24E66C39,166
fr.apprize.actionouverite.enfants,A8F3E3B88D20A650AB3FF32DE44B6235EA4D973FA586C4573497B93201DF142B,29
com.crossfield.gomoku,1248EBD5F6558291EB0E2FDE9C4E2F69E476D2DBCADD21F79D82E48F49BA7718,40
com.LoopGames.Yatzy,DFFF09C913F3D935F02F38FE7858436F746BEBC320ED77AE77271731ADA9D94A,1440
com.sngict.bingo,50E9BE47BAD28B978A4551A1B6BD45A07169D029CFEDAAA67026EFAB5E4308C2,500086
http.chess,ED59A4FDD0574979A38FB10CAC4E43527F6C1269F06A6B39242D6A9427D6BBBE,169
com.ludo.star.game,113D714C3E1DCA9BB9E4F66E736E293F0E97574852DE6A1E109C0FA32028199F,24
com.mirenad.mahjongtitans,9F69D57E50CDAD66926F07EA9C38E3356719C1743D186A2152265193B9949698,28
com.hihuc.cchess.online,1184DA89AF97B05E8AD9BFE710F9B5714574334EFCB57C0C041BB107E0F52F26,85
jp.co.ultimaarchitect.android.reversi.free,3090D87550DB50A573852B72917714DBA7630F9FC6ECFF7E67F06627685A2575,160100
com.ansangha.drdominoes,6F7ECC4CB2D8477FF30E0EAA2F8E688B9AB24C7D29CBA7EAB1859445ACDDFDBD,20
com.dot.to.dot.connect.puzzle.game,4F34CFE12F46258F16A7E2B1AC8A6C8E25F0B8D7A27CD0B71E0AEF00856B09DD,19
com.tienlenmiennam,30293A29155217AE1F4ECBDC111151C91BEB6493E30A123E13CAA7DBCFBC050C,121
com.mafiaVed.game.android,85205384BA55DA3401F059F440889B60C8B4869C6B10AB2CFDDF82F624972152,30
mahjong.solitaire.games.puzzle.mahjong.classic.free,915E77FB5BF9EFE07E993758FFD4431B0E3E820EE5706D84765E584FFA337681,9
air.com.come2play.backgammon,B4E0946172B7C71630BC34A8404F4D34303610818E524BDC629EEEB41D1589B3,3019786
com.qybteck.color.by.number.paint,97467D80E6E1D9EA9943EA595C96D6A3B53B5AEC918CD7C209AB9BB528879C70,60
com.dg.turbonuke.bingo.quest.summer.garden,47E29CAE2E6B7EF87805FB33252DA6941C54F60CF4A551246C3B45EC1C9E9FC0,196
com.superluckycasino.epicjackpot.slots.vegas.android.free,5CEEBA8FA9D03C7DA7959E5F5137A97A23350D5083B33249CFA2E1DD7E5CD076,400154
com.ai.carrom.board,E6ACE650EB4D1F30CA068198E6CE613AAEDF1F087BFC293C66C7F6D8D908F040,11
thinkcube.project312,134A48AEF038884F45064B4FA3919462504F204D600A16894546234EF7062918,21
com.sosGame,13CD6689F26B8BF1C30B824C7B7E7C1CD2991E6B26F05438DE8A8CB13480136B,53
com.ludo.multiplayer,55C0ED616B74BAA5EDE19F173D1BEC5BD09CC524FA9267E02DDB9A8656082A19,68
mahjong.games.solitaire.mahjong.fish.free,521C31BE53E8FE2ADF8B5877D0234DFEC63D44A6B3A7C7FEE030ECF8B5A58541,26
com.artexgames.fairy.mahjong.gp,AC0B33B29FF5BBE0FF241939603C4A51087FF58A6D47FDE9D68FF0ABC3F56785,123
com.eastoakteam.montezumapuzzle2,410F094190DD9E5652481FAF59F14C9FB133F61B63FC00FA3D30E8A4F35ABE6D,18
com.ohvui.cotuong,F5A9CDD182E1A00678527525075B3B086B1AD04C14BFD44DCA8B13EF73B06528,9104
com.magmamobile.game.Chess,6803619AF3D9A66364C01BD156D017286DC4AAE3DE84FCEFA6EEAAC652A79CC7,10
uk.co.aifactory.tictactoefree,E520D513A4A02AEA98A5699A49066E279EDBA0A001517040F2A8630D4F34DE20,22
com.ansangha.drjanggi,8E36C31E41306C7E829DA1DB3A060A0AB5300ED397568A539A1823A78022882B,83
ziga.cotuong.coup,3635CA0B1D4EEB03183373A7A6C89A0A315FB4F4A03A1CD66363361C55156982,30
com.narde.backgammon.game,EB27CED305C9F7C9FA4C39D0330EF9FA5C5BE67ABDB07D5C304AE52C1E646F5F,44
com.neptune.ludo,C41DCF69C9D8B4E4707419DCDEBBE030A42B335C63745560814A0B32D5948C9C,550
com.monomob.jangki,DD97C4909EF861C187C96E00E91EB73448B28CE5EC44BF91D6D92F13CB489EF8,419
gsn.zps.ccn,BD49B8C518B128648F0C3D8D0DC0CAB1ED8AA4AAE261DB5837D29AC689C7BEF3,9
com.jakob.pushdice,DD3E89BCF2AB28EB82FECAD90529D383EBCF2816CBFB1C98DAD74DBCE1AB7001,22
com.huuuge.domino,9D32E6983F57AB1FB3E5C3EC8ED120AD089837F4FD51EF8668D052B2CE35C3B6,5002
com.eastoakteam.pipiepuzzle_gp,DC1986FE56520EACBE89F2FB3D23263362E9C8BAB1153455247FA175BD46943A,22
com.gbgames.mahjongunlimited,DCAA7D3733C4D3841E49971270A7BA77D38FADB04294DE92B9C3F96661276ADF,21
com.playcus.crossstitchcoloringbook,3C656B4215EA4869F1F1B357A41E0C0CF5453C4CB13B09CD189B78DA63C505AB,200539
com.magmamobile.game.Checkers2,F64237AECA988ED25F7FF77969F25549120F69829512727194031AD7F8042FC2,8
game.baucua,89897AF0C4CDD39582B4B08105E5099CCD7502038E615EAC8D03D0E078C88388,119
com.lite_games.muhle.free,746A4C849A41C2B4AB6FC490EED96E987E71704960861F2831D5F7BE2CBFDCB5,100
com.js.ludo,5421AC644FD2D30C56482569CD222B0A1B2A2ACF741DEE583155F87E44D001B2,26
com.free.ludo.game,AA6D8EA542B91C6B14E6C71FC43089821765821A88E2FFBC048C1CE07D2BCF93,22
com.freeman.ludoparty,FE131773CF850A473FA316D536C84C81EB87555AF1E209649B3BEDC078737241,300083
com.playcus.findthedifferences2,BDEFB8BA5CA2FBA169D08737F912FC3C3312652F9790A33F19175B850FF1A895,200340
coloring.color.number.happy.paint.art.drawing.puzzle,DAEED39A9475ED94F334078079A78E1DBE6775B9719BEE1B7E201D4255B40991,2470
com.outofthebit.fourinarow,3CC07A2EE2338ADD94F5F0BEA898322E41A2BE811EE93360B52F4595EBEABFF8,24
com.mobirix.connectfour,E9739014C8E0DEE6DA1A9B36AF20EDA1AAE2A5589A8F081618141D4159338988,42
com.severex.tile.crush,521F6CD853907EE281277CD14B842ED277D04662C904BD6E40EBF5D258BFBD72,350001
com.casox.Popsmachine,735C4694266C593B85AD5717A93DC4D5D60794BC7FC210B3A467936182FF76CB,6601
com.edur.magiccard,552C44E08C2239D65C00AF3C8C1B03D9953F51F9D3F87E94DCBBE9CE7246F573,23
com.baucuatomca.new2017,9395604879F3A0B5B2DBC8E739C542F3E8F58976CFFC4986B7C65510565778EE,21
krk.ludo.ludoking.ludoclassic,89640526FDAB4DBDA3BCB2B271C8EDDE2170BE376D724C7D5A3C2FECEB72C8BD,8
com.fungamesmobile.ludo3d,FCD3BFC7BCF791490AAAE113A253E7382379CA2F5EF071CC40E0D278A698F149,36
com.jetplay.ludoworldchamp,A30C8777B2032D35C4685CCB13ECFD1D9D4144E439C8C6772EA8A653A4DE0DC5,100259
com.hey.color.number.coloring.paint,4DD2F636B7D4B2DA9385BDD77CD133FF67137A2DC9397399E56F2BB41B33607D,733
br.com.siouxmobile.caraacara,1BADB054F0069E2801B46F3E3861ADFDC6EA4F5C84573D3EFDD0CE42C8425E8A,3
com.optimesoftware.checkers.free,9255F5A61E3B824403EC256D63003D8652CA9FA0C90A5B8E7EBB04B5F710EEFB,31
com.emflag.mahjongsolitaire,1CBBD88A82868E4833170C7B5BB5407A6EFDDE425BC7D19B04E4F92566579EF1,58
loppipoppi.dominoes,93A46E513D0FF277F8ECBFF2497B97064AC208889F052C9FC9581870D7B618F2,6400
com.hri.domino.gaple,1CF8730802ED334FCD06220E3829CEEDF093C217EB83069F46434D64A62452BB,42
com.PSVGamestudio.piratestreasure2,67D8D71566E283F9E4CE969978CC0E0AF8F453774380EB6E0BBD008FA7D320BD,25
com.rubicon.dev.yachty,BDAB5A666197DA9D5312392C780EDDA914859DF094F7281B143A3AA0194869FB,113
com.grupoalamar.thegameofthegoose,24BA33A4FB7F96BF9245B3F12C523DF2696978044941E5485322FBBDD072D39C,1003001
com.com2us.enjoyyut.kakao.freefull.google.global.android.common,CC38FD89796AC70D99AD7F3F4799F58906A0994E9BEECC2EE2A426A51B454BBC,440000
com.mola.playspace.android.domino,2CBB6A97049EF431F2C9CCFF3F790E27EBE901451FD8E6F45807A9245599F0FD,40200240
net.elvista.checkers,483418C834F5A9EF9D672A88263FF7D655CD3AE12D332725CD56AC74A8B1F66C,122
com.BaliCheckers.Checkers,D1629F3B10829ECE61B5A0312672F55F4EB4F6258401B5A1AC566A0D4C17906C,21
com.fiogonia.yatzy,832C7CE3DA299862D10FD04CBFF84F03298F3DAE078522ABAE4270FB3676B613,984
com.pixel.coloring.color.by.number,4F3C5EA27764C6F8780321DC206BB48EB342DE5C84C9C5A90DB383AB90D1F51C,26
com.coba.xiangqiclassic.android,2C9B36C20CABF084587077073FA8459961E6327074260998D47307F971A97E11,19
com.superking.ludo.star,6588DA5E5EF410E8E39D086441D0152B810E0224AC51508B64CFC419FADB72FC,59
by.alfasoft.CityJigsawPuzzles,56486A449DDC725AE2974B33DD7AA18BB97ACACA9BC50A748331E6CB515B3431,200149
com.optimesoftware.chess.free,23817C260044732094ED4D1A5140F412E64C029C21ACD48B43742FE97D7FA96E,12
uk.co.aifactory.fialfree,CC1865D2ECE565E4D828C7C3EAD486C7D4ABAF6B63FAE9A930CB145DD3D0D233,32
com.rusdev.pid,AC37017BE8746796D72F29957CF2F9B4448A369B1F3071EF555824210E94F702,2034
com.yalla.yallaparchisi,240E49D8BBD778B0F2224656290D17E60DD09983CAD6FC68A110C3506186EC8B,41
com.newhope.ussr_table,C62B65C0688C1CF2E768673943E4D6E1866EB3722A38637A708B61812B7B02D5,20
com.bubble.pop.wintrino,BC41C7D6FB7ABFF4C8BEB6B08D8FFC194A5560C838EB2DC7321881E08EE5DB5E,40
com.miniclip.ludo,DA3BFE8B4CC3816AF8F3DED69DCA7C15E55D0233379B12ED79E82D13E9E531CF,59
com.azodus.ludopachisi,9834BA660C7F17BB03CE6E6473B5F9CCE7126EB7B2C138A83AFBA4F577B2394A,20
truth.or.dare,2650A4CDAADDC94AFA7520E2E253B1C75DF0F0C287A80ABBDA17EC4B4A81E969,38
com.quizteen.freequiz2,EC942A6CC0688C1F6ECDEAD53FF2D96FFC24A20B45DC405C795D5164C7C27110,9009
com.mobirix.cardmatch,50998F5B83FBE79E4474A71976891F72B07E278C18CCB1B4C73ED67422003B5D,20121400
com.blackzen.BingoMania,635F83FA9EA4954DEA9DA29845A614496681715C904AA9DA1ECBCED1B7CBA792,39021
com.superluckycasino.fortunespin.slots.vegas.android.free,67873648282CC6ABC1BA5B731D80625FB3587F7BF76D011FB5471094A4E934E1,131
org.aastudio.games.backgammon,8339315DB15DC977640AA92FF4036E6C7293EAD643DB460628B7F17FCC20C2C2,246
game.burjastudios.jhandimunda,74C3CF2B7EAF1062C4498DB18BC84234613B58B8FC8A7A5CA6DD2BB2D0451F59,30
com.outofthebit.dots,61B71FFDE1D95203779ED8AD5C5C08E9A6EAA84A4EAA7567261A6CBD4A8003CE,23
tile.master.connect.matching.game,2A6802FBBE2826F4B8E576116B2C9407860B9B0E3F109B63FF9373B543CFE059,416
ru.appforge.nardi,F1F9773F106F96D71C0431563F9998D0269D6EAAF513D37DED6117A8D3C6FDFD,130
business.monopoly.city,F727F6E52D2B53180E04389A2976AB511E20BE834F365FE381C3733B31BAEEBD,40000002
com.play.slot,35360793AF8A23C43AC1B0E7F309716CD6A89B7341B433208DFF92BC4815CC74,32
com.mensch.nicht.argern.mens.erger.je.niet.mobilaxy,4A6A6ABEB610BE8D65462B170DA4F9900F57CDF8373B746DC004450D20A053DA,28
com.Alienforcegames.ChessFusionFree,78EE702FEB59B65ECFF0D2C3068C757F8DD71E1D3D8B7BB598E07208FA8F2CEF,3400
com.iz.snakes.ladders.multiplayer.dice.board.games,33773F28E525AAFBFCCE0BD0E825F7F91584AD326BF31F173B7A5A7FA93B43E2,27
com.outthinking.snakeladder,CF223A96D2C3D1CA7C1312AA98D2AECC000E46021C8384CD55C2B7A168BB8F08,12
com.tonielrosoft.classicludofree,531A1C1C9FEE9E3A713C6D1A9E0D6011E6759EDD8DFC72F0C6D9979AE73D35D4,74
com.noodlecake.reallybadchess,AB383CB5A09D1F03FFBC87A749F13ABD85ACD1F2F15CD2E9EE5C2350C0104FB0,24
com.psv.ladybug.color_by_number,F3380C0BA9CC82CCA2D486A3410CFB2B7CEDB7D98EFD120AA7847E1A792FB5D2,26
com.springmaru.androidGame.leoNineMensMorris,3157A60D3FDBFBF6B3B5088079DB411883FCECCF6BCDB0B9CF3381D393F691EF,36
ir.hadiware.mench,A052D516D688A1E940D88BC0839FF38D42E38E9B22B80F1EFFD9242E66426710,54
com.incyteltech.mencherz,317370E02F3CF64ED144EF0CEB744DF57C29DA689FF595CB04D2D51DA6742143,41
com.colorball.line,72D3B29524C2694248670C43E0D07062E26DE0AC5F5B00F8FD1B1476DB6E6F07,38
com.mz.classicludogame,389CD6E8B953EECF71FCECCF9638D668E7BB536DE18845727B57604CDC73BC4A,15
com.berniiiiiiii.memorize,34A25B8970BA07D23504B196335ABB05BBDE6DC2E2DFBD3303977B08F33132D2,20
com.pescapps.kidseurosoccer,36134CAF98E7EB2713873F90EBA08D029CD101A2654A13D97954EDF72A42749A,3
com.whiture.apps.ludov2.free,5B3079FD05FD97C545F233D933B52E0E6E684D8D5A905C219E1505FB56436D27,29
com.androyal.rivercrossing.complete,73DB8A124F1140777FF678DC2C89E6F35C119AB470DD523A846EF3853C23CB34,1002002
fun.industry.damas,9E205FA2C0F8547F0A76F643EEA43E087DCEFFB6640FD4A76A2B74AF06384A02,147
com.PinballGame,B58DBB39D5ED4B0DAECD7E467D7F725A43EE937D9EE009DF7D3693D05E276ED5,17
com.eivaagames.RealChess3DFree,A3B1067039DFACC565AAECE2802094930D5A842C7FCD76E6EFB4358015CEBCCF,10
com.rottzgames.findobject,4EA801B63C191DB3E40EE47BE8CC6193C212C042033E21367F4BA54F39FA30D7,218
com.androidbat.xando,468593659373780C3FCE6D812DC86DD00895DE82A717C787DB579F2663CC5901,1
de.agrothe.go,47C1040A4939200CF10D9BE418D080FA01730126C7C5FD8348F012FF94D94BDF,0
com.snakes.ladders.game,4D612FBD015035E734518A3C3466ED93876F4EE03F0B32150188D12D623546BB,8
com.kakaogames.frmarble,50017151B9B2FD0D4338213054EF04316DEFC2BBFE708477CCA6BA6E2B1C26D1,69
com.cleverlife.ludo,C5C673DA5DFE9332D7431634DF625B003B2943889AF8434D8E6CCD7D6EE62BD2,38
ludo.king.star,526CB3724F3A08363D790D78E70E8A10A66FFA8AE45BCF5B9EB19CF9622B98E7,5
spanasGames.Ludo.Parchis,DA0CA55698FD5F85947FE1F4DFC57D09BCCA65ECD9C1ADA3312AFF0BEF8A8E4B,809
com.cnvcs.chess,D8098630E0529745CC7A97DC718B9DCE048719F8465EE35BE5D0D3E12AAB9D4A,136
com.rottzgames.mastermind,BFF8DF8FD984B6FC00195485D066F7B264FC5D7F4478142BF326D8DCE10486EE,241
com.fgrim.parchis4a,8EF9BBCAF7AFB0A5DA0948EC4727A0203B15AB9361A4C40277959C61DB19810A,45
com.optimesoftware.fourinarow.free,A7C2D17772B0FAB2312F0E49F6109CF6AE102ECAC3BD234B5A68539BE688D463,15
com.klikapp.asocijacije,8C18182D09FEF28E5302DCD842EC625CEE2C1486B257701E54ABE5DB2F3062DE,2110
com.loudcorp.carrom,5D4E581FC68A43A958DB47347A53A3FD1FDAC092CE08E572C7E989D2295A08CD,1
ru.appscraft.backgammon,C0B1ABE4DD4FE4FD4F7AC6479397EB915116BB02B839B5F5646754E4071A5D18,49
com.pescapps.boardgameskids,796760536E0DDC4E5CBD7082A2DA7F83A36E25C9632A661879BE427BC165E192,2
com.tuokio.kingofopera,67CE4260578770E6F0B6573E140D4BB6D40E29F17608EC312D1380D09A023F4A,41
com.byril.dots,9BCE5B7626E427BE64200EFC66D2D4F7EB68BDF3896DE2FFA728F5AE4EF17AE3,9
com.ansangha.drgomoku,BF3394A5A5FA95A5276DB525DBF62E7E3C517C46ACF2F7ABC34117DA65ADE973,69
com.google.android.checkers,71534775535B470EEDDBC66C1C3733F8C64A27385B287674D5826DA6ED092169,310
com.ludo.game,9595F32EC834C82114A0DB59539F9C0B3B9399A8B4A537C95613A3D2A8D786E9,52
com.tencent.ludosuperstar,A2FCF813EA02FC3168BAC6B854A3455C98AC63F1C25A72C213B1C413790FC7E7,49
com.durakm.durakm,C2290F6C36479DA90C07F0594C84251AA7F27099383562AA00E68B9BD2A3E623,5
com.hectopixel.corsairsjewels,886219254B165DE534F7E450A1C1D18B546E61500121DC00B6F3EC0474E8D2F2,21
com.netmarbletr.momatr,8E5EAB64857E6188CC630ECD2603FFE5338056414534B689DAA01B066A4DE779,631161070
com.intentsoftware.mikado_free__aat_google,8E7253BCD5EECB6712B4163880E24F9D2127291148132E9DC1974ADB976E5731,3
com.tapentertainment.onetkawai,A4C386805A8A8831A7DD327654E87F3CC2B8873A25DC7965C2E1887237B062FF,9
com.match.mahjongcrush,99D4F756E049E48F172926D219D11CF07086E9C6DCC7FC75D3D41453102A0D39,173
com.magmamobile.game.fourinarow,CFC6FDC01752535DCC7DD3DC7400F0DD644B08CDB36013DB8CD16763749605EF,27
com.lucky.yatzy.game.yahtzee.android,FDD34048EEF36C8F7F410CA42B588237EF555B3EB7666D7FACC6210050942801,5
xiphosapps.tambola.coinpicker,A4B7E3DAA734C326DCFFB6A8A53EDBB7C7D012F888EFB3AE62F0C3DB9C856E0A,1
com.neowiz.games.newmatgoKakao,C1D0C4738CE3A41F28ED0BEBC687903700E61A6E0908F5BA84D653A50211E4F3,7000
