package,sha256,vercodecom.dummy.poker,54E4D86E59C5C7222EA9FD2EF28CAED95D18A0E29DF2CEF67344ABBDEBAC5946,132
com.fungenerationlab.spinner,42F641A19545B500DB400DE10D7D6898537CFB5EBB60F5823830342E96D99131,2104
com.r7games.slotroletinha,71CA56C0A131540AC700259C39CB69D9C3A551325F4957AEE83F734A1116E6E0,10
com.gsn.android.casino,D1F4B523C7E7CF93E4543A5AE7E61D250A167418C479E89411F6A8DC378D20E3,42901019
com.mw.rouletteroyale,D9C8460555081E8916B2F133A9DC92F59742498A2E4B8A660646CABC2E5C7ED2,426
air.com.yazino.android.slots,A679408B6AB48D0E22B9118CD069FE3639AAAF8DFE816274652FF7CD983D3EB6,7000026
com.platogo.pmp,2762B74DEBC551BA5CE505CAC9133329EAF93B76F0439207D543AC462CF549AB,329038
com.bigfishgames.jackpotcityslotsf2pgoogle,7CE288540252C8732FA904A75306A4C0576BF039FD109F24AB15B13236096130,621
com.tongitsgo.play,92C096AB1D313EFF5FAC8A38ACCB577FE96BBDB2A09E97CF5F019CFD6553CB54,4006
com.teenpatti.hd.gold,BFE466DE0F514BED3E34385B0027683D8E289E7D379C3E165B9758784F2DC1A5,73522
com.viker.scratchattack,59ADEFE7D37742AAE116927852E277241B5E7820DE8222DFECB221412C35305F,66
com.gameeapp.android.app,AD9A6B0785577E9E7BF21DF6328CD12747B177C1D3D99105AC7F817D2155A82B,410151
com.shocktech.guaguahappy_classic,A88E7BD09A4BD9072FCE86211CE475266668D191EB42684E6FE4B5130D0F8E20,89
com.h5g.high5casino,13D7D26B0E630B435D2459D80646F2AF0C3D6DBBF110FF1F8B90159427D0858F,202110040
air.com.classicslotgalaxy,4ED1ECAF4245AC3E1774823A08BA90AEC2EE2EC6A1CDFB916FA0D069E3D405D4,3007012
com.productmadness.hovmobile,9D97FC1339B0B5A40A01CA0D5789BB4D664C5EF679DCAB7D5BCEF3AD85B18B2A,4038319
com.playstudios.myvegas,3D2F28C3F34315087F84BF1BE956CCC206ADC858B4AB9181F2B9B257975FE0B1,63338
com.zynga.hititrich,6BCF847FE96FA5C9D9E4E97D2F70719FB30F7E70BCC6BC7ED5571A777322C49D,191476
com.playstudios.myvegas.blackjack,BC94A6EBA202B6D2E37DB8CF6F030BA7E5AA1A3D2EDAB50D53C52FCED4E94554,3727
com.gamepoint.bingo,7E8802C17F9A808E7FB66965CE989775C4FF32E506BF9A61D28FBBBF2A76DDDA,29954
com.byte3d.poker,DE2B9CE721260E922442E20377DC5EEF0ED7E72819142E21852B51E332B8F015,475
slots.hot.vegas.casino.games.free,D2AB42BEB7E8FF201B21A835EF836F8121A6A90843162135CD5BFB52D1A58E57,319
com.byte3d.teenpatti,4CE9FEEC1B95CDEF8F0815E5B6B7C3AF970C106F6830006AF4CA1242E0DB3B91,477
gsn.game.sam,86DC034F95185A79CCC08B19C38C4BB3C5071A9EC327331AF11FEDA9E5765D84,122
com.abzorbagames.roulette,36FA55806A035DC4A1980A9609F98628990DA921DB1A77B494D1632D7BCF223D,347
com.pacificinteractive.HouseOfFun,3AB8FBFE8A4905BD7A3357B278B64378CB4A450FCC099DDB5DEAE3F942517673,1653
com.zynga.wonka,3228FA7975D50CCF14EFD4EBEC877F499B59B3742D923F9D608587E0963B0D85,2001
triwin.slots.jackpot.grand,636B075C370E6DA41250CA99408ADA36275E5194B7BBF8E8C294332C443DD9E8,77
com.williamsinteractive.jackpotparty,77DA031FF1159957B3C756E37FA5529B0E672BC6CE90B31D878DE6331E2D55D9,200561
com.mss.doublediamond,4A5BC9768539DE3EB4E6BB33F449C386C5C13447BCD1A11ABF7F852F701B67DF,129
com.theotino.bingo.luckybingo.wonderland,4AF7B9D9FB31FA169B07D6E4E3D65A5AB4CC81AFC73C6FA6551E4B0386342C4D,129
net.playtowingames.casino,00D50AD47E9EA8AF623DE83C71EFE8EBD138F6A5C226FC6C49ED6D43E563399F,432
com.purplekiwii.vegaslive,5FD372BEEC442C962978B87E4794B35112471AD0D5B88B28B613878F6B041DE2,3619
com.gameindy.hilo,6292B967E0897C40A5122855804DFB1BE837E957875810AC27D93801D2D10C84,179
air.com.playtika.slotomania,DC870EDAD69B6C7DF07BCD6EE724E15025FA18ACC5FD2E30D0613CF6B0AB469F,638000057
com.blueshellgames.luckyslots,99827B056D77DFF9F1837DC96CCBB4B03E35D1EBE085068EC04DBE3A17220FE3,1540545075
com.playtika.caesarscasino,04D77A30B2DF3867F2BFE5E237550042E5C7BAC1A6A9575A2E5DA3A48D9EC577,43700011
com.hncgames.realcasino,D30601C16B7E741463A4572981A166068CC4119D4B412EEC7F3BD94A30DB2BC6,2021100521
com.games.poker.teenpatti,B3C6D92DED60F0A77A3A4B2CAABDB62C378F4AEB2C59A5BB5DFC5B17C460E0B8,92
com.octro.teenpatti,A39640C0C8301508A686292574916E2911CDB4D337CF50F578FB1C085ADC9E68,336
com.boomegg.nineke,D00B49A4657D7A218B1DCB0EAC543515BB731089183996EA07D33B9095322DC9,20907
com.leftover.CoinDozer,8417638544485B7DBD16B3AA40A3FE7201AD49E66E8013FF21D080017EF94B8C,112004
com.mw.slotsroyale,73F05106BC5E21C2DEF17111AEED10A6DD94DEB237563DC527038B0AA9547ADE,220
com.RocketGames.ClassicSlots,ADB7A902F47FD24D580F8F145F1FCBEB428F322567F1BE74BAB7F7F728E6EAF1,3150
com.vegas.casino.slots.game,E2384F1351FBB3A63FF4B37B4326FD3058BA327ADE828D1A20E789BC7A67FD63,52
com.blowfire.wildclassic,842CE5FE6028DDFA6F4A26730A2EE299E7B29DFA1A0CB92BF68F7253A67EA97E,30192
com.bi.slots.immortality,7F083AD5503BC2A7DECC98A4AE3E5FEE5DF7B7FF092A096550ED1C58056D92FD,3005
com.memoriki.fullhousecasino,D480AC95955753B6C0B621FD05EAA332A88416F724140D8A056323F42BE570FC,2012701
com.ddi,02D6B538A2C122E453612A6784A529A7B0A3AF30D4E18B4EB0A6E74DB7783862,641330
com.superluckycasino.doubleup.slots.vegas.android.free,20F65383A395B73D8CF5930EE2BBCC306CBE694B7EE1308EA5BED3CE20477267,400150
com.luckyday.app,7E6E384D6853DB8A92955A533B541EDCA1597DC724F8F60E230289DED3914CED,118010201
com.zealgames.cashmania,2B8971D2A0A0A643DF840807663632A36751855B1D226F8C8EDA9A0A0A84BF41,49
com.cervomedia.spf,1320897C75AE157B0303E4C04B9CEEE08990C3E86367371D8C0510148C0DA48E,31201
com.superluckycasino.billionaire.slots.vegas.android.free,AAE68D6213B4E90FBB732207D860350C6704D46A2FED48CE9891DA937A8BD3D1,400134
com.zentertain.vegasstarcasino,397667814F3A47EF746A24FBB4E7A6C26557A19637BE5DB6BE659D3087B3B318,25
com.slotslot.slot,8EB80E429E4713431D8714A06F3ACCBC1724C9F06EB680F042D3D446FA943881,4613
jp.konami.mfcsp,A4DDD9FC7DBE09A13A15F86C2EA1CE45F2887E5D561170C7F719CFEE295178A8,2000405
com.mola.playspace.android.bingo,1F0A83B79D6F6C274855F59D7B62B698FB507FDB1B068553B90BCD5AA21E6671,40200885
com.ts.multislot,D8E415BBDEB2D2C6182BE9C86BC704E895F85DBCD3A75214C23D0716FF2DCB6E,166
air.com.gamesys.mobile.slots.starspins,DB7D976A788467526D76EBA0DE7D9055EE9C4A9B75A315047C82C6782C6F9B59,11010051
com.doubleugames.DoubleUCasino,B9338E0D536B8C023F505E86E45683A4C3672C7EECF484C82A65D15AC5FAACE5,472
com.funstage.gta.ma.luckylady,6D7BFB4DEBC2955A36D2844F1829510A7F8B909683237A401B6AF3A37AAD14D7,40122
com.teamdptd.zplay,421F35CF5D84C9ABB7C4FD0664F6206E7999852D3BF79A45CE4E94673356A6F1,2030200
air.com.zitro.labs.mobile,425CCDB3AABC51A56A8890BE1445EBEC152D64C7BA74A172D7694E82A0E34114,300003330
com.userjoy.LetsVegasSlots,DAB3834A72E20DA00E0C2A222A89F858F3CF3B2A2FCA1F9E82049945F86570A6,172
com.games.ageslots,6E9D3DAC24581E452E83734F80069A29A14367903EC1EEB19F9BB8E81CBDFB06,3006
com.gsn.wofapp,0200F56F3733C9D900ABA36D9EB8F7E91A8D286B87F0EC2568659694D592385D,724
com.infiapps.pandaslots,DC3A59D2729762456002AD26867C1AD2A579BFDC48F37F53D54BACBA6D4A1E04,200802
com.risingtidegames.blackdiamondslots.beta,93812093963A8F266CE2B2136776BE43268EA92F4E3F54FF6037A73D6ABA30E1,1541
air.com.playtika.cvs,6657CB567A2FDC696D1F2256B6C5A0E3A60C530F34B854255610D7CE51C99C76,105200735
com.slotslimited.goldencasino,B1B6271DE8FF5891436CB6742F87C3FBC0EEF36262CD638FEE075CC1AD58D3A9,137
triwin.casino.slots.fortune.gold,CF8DEC325A50EFF2F47D70285AB5D333DB3437D008A799D042914F6A4A7E50BA,330
com.murka.scatterslots,0A21F469C052DDAD068DE5BD8B9AC61502D96CE13272C6DBCB9722FDC99ACB8B,400500003
com.hdtt.nplay,FB061EEA1048F98FC0738CAD4D3E9FF516253E5E12C691C5DD95FA8CABE5DBE9,31000
com.huuuge.casino.texas,D9719032358E160F2B3FF592708D09C78A010B96D0C4997763D45B155EF8E076,1632182400
com.bagelcode.slots1,A2E03D4915B190102F030664B188409932B1B08A936736A1CD2E8BE52054A21C,1863
de.whow.jackpot,688CD11C05C4AD994CD36D54542541FF39D781FC90282CB1E92680A6E906CD97,4012009
com.linkdesks.slotmachines,AD8A045FBDF71D9AE6CDCDD35D2442D69021E1A1EFC520DCB92B5198BA0E1233,1006
air.com.gamesys.mobile.slots.jpj,175EC3A85776556FBB45C4AEEC9459AB70E1EC9A6B8C7E6D3FABA8449EA4708C,11000212
com.doubledowninteractive.ftknox,91B0313B447A7BFC447F91AE741D94157F87FD1C6399454463B0B034A93440D4,242369
com.ballytechnologies.f88,45CA434ED12CE47D2DA9C9E3A3449511BF4010447363B432DDE681E64E20433E,2000000458
com.kamagames.roulettist,2B77EE92671E813321778D2DA229FA01EBBA08D0037D1C62C382507B59EA2140,421600
gambino.android,BADB451EDC7C7931168220E1B87B80F57409E5A90074CEC63317DFEB536A8D79,349502
com.murka.slotsera,04145BBA851A0915684A01F5B9E002740364C8CDD63CE4D19E7883864F30255E,17602001
air.com.alisacasino.bingo,278AF22FF6BAE3A7FFE12E1004AD103FF2B90B6BE1268A4691A97B1F8AE45D5F,1025020
hotgames.slots.millionair,0CD82CE0F357AF773A17CF5ECB1B70D62C107507968890FDEF9E15ACAA6CB42F,59
com.pokerstars.cebo,4796A888C7856CC0CA6CD9D4A70077AEEBBBEA30F98909AAD79AA3D766CDF6F2,240602113
com.gamesmartltd.doctorbingo,ED24C143ED9A0F45E1F72099CA9954E9E17A502EB8BD67F3710959ED6D5DFA27,200484
com.playstudios.popslots,7C972B6C0BEC0A12FEB51D26DFEED4C2B53D94C93166107F4FF8DCEFD50C6046,301605
slots.casino.slot.machine,2A49CA0E8BCFF8672CEE5C9E6C22810E243C95BBEA17CD00B654E1E8A6F2C3A7,1610000
playgem.backgammon,CC19EF3C36FE89C5D1A9C9AF9DD29650B18CFC82D2AD78610A966CE90AEE9878,374
com.mss.coinparty.pharaoh.dozer.slot.google,DFC4738A551CD9F2A9BCC7BE68E2DA47575790B218A923F39C08E1B23AB9D865,35
com.igs.mjstar31,CCD4BB248D69C5F366C56D6EA52C70416A0868C12308AC10D5E739F4C47E544F,295
com.doubleugames.take5,7B486EB11050C5CDF2AF5124BC6DF0D61CE76A720424FB729176D6ADFF70757A,272
com.godgame.texasholdem.android,CDF2879120310B27B5182B655A099B372C3EF6523A06C94C692FB24CD375C3A6,255
com.productmadness.cashmancasino,F761A1B889C12454CBB3F4787A0680D83AEA747508A2C4C3E62B5059D265B304,10105111
com.funstage.gta,EE3018B453F2EA63E150E009311B2BBBB03D640B60C81D7702284E60CD3C9A93,40132
slots.machine.winning.android,B66BD623E510DA74F38566360E61E4EA1DC8D74F31E6B3ECDF51096493AFD7C2,2001316
com.CaptainDevTeam.Hilo,70E30A6DF309CA0482D13D831DC5F45986CB4C957150F546838379D26FCF3FC1,23
com.godgame.mj.android,96B402A1F9F8AE1B8C8F91756E9AE97C1F2F2098ABAC7AE22751DD0C5B4625A0,261
com.rubyseven.bigspinbingo,5BCB10D297540EB12E82C0A75F6042A6ED2D7C9902678331AC0E400718EFD950,88
ppl.unity.cubeslots,FB3B7A744280B630D9F49C827D885F749A640F0516122379F607BF6286DB79F4,300253
com.apostek.SlotMachine,5678FD28FAE30CB7A486C39920F6924B3F29BA0A615BC25EC1CCE81547C4AD7B,661
com.productmadness.fafafagold,EF681F5C67DFDA5CFF783EA2AF03452AA3C0513A2AD8BAAE390A633E2134BF3B,2180000
slots.free.slot.machine.casino,4B1F1BB6A5B270F58EA610B483A18BF96F06F007A3F5509144F9A1B59E8A2116,1280001
com.ultra7game.slotultimate,F126CBCE7C5C7BC41863D70B48379373C1DB498B6C5FB62EFE7086110E3789F6,38
com.murka.infinityslots,38B89562D6F40460F9FA625D76F434FD28CDA9BE73F97B0897AB95D03D582368,12369
com.slots.realvegas2,812704E3E0806685AE03CA24021B0CFD73EAE6239EA4D5083540ABE90B4DB9C1,1600003094
com.lucky9go.play,CEC57F0512C9565FEB51DEF690D8D08208D29399046A604EFBD609B5E1902BAD,1022
com.banditmovie.slotsofvegas,1CDE473BD4C570E20D26CDE293DB27A462975A656F1C4583FE43F10E173029D3,34
com.nurigames.casinolive,28AAAD4EFED929383CB84F4E7C4B20E2B945975C2793E2C3693B86D2125F66CB,3190
com.candygrill.oscarslots,EEEB40294A53F8C2DF34E7D74B9A2B957FFFA028433C291A62202FE027D7DBAF,1461501
com.CoinGame.CoinPusher,CFD447DE0A93EE16A29A02B5F1D6155D1C29DDC406386EE99030DD3953B61B06,64
com.huuuge.zeus,1339446279FA9279C285761415A71BD7490415568A1DD2F0AB1478A6F4F059D2,3912
slots.slot.machine.casino.free,E84D69131BA27E1B116C93FABDCDED0E4619667A7EFA2A707CB15809840F3AD6,1750001
com.diamondlife.slots.vegas.free,5234FCA099434F1AFFEA26104C0BA0C02AA7EAE3C3921E6711E2606684C2D8E5,409
com.zynga.gotslots,5648897325B186F7C690B952988EC8B0822DD52F246107D6C0A501FBD873CFD8,313164
com.grandegames.slots.dafu.casino,28F158EB5955334E0EC1DEE396C2D765CE7A2875E5B8C8E5DB61328E39336978,175
com.luckios.vegasluckyslots,BD465FC45D8931E0DE7BF56114BDF6B9C8E9C15CB33C5A5F5306FAC8789C9C84,57
com.gsn.grandcasino,A48DB536B579B924AB2CD682C97B1AA0B4F737E330B512690ECCBB7493C236C7,30301014
com.bunny_scratch.las_vegas,95DE9C192AB6C8E40331FC2276941F2AD60092145E36F64DBF27DC4C1E891385,109
game.tienlen,DF7E7829A2AB7D60D94026B47A735314B9B3FCAEA01B33F17EEE616666FDAB0B,128
air.com.glidingdeer.bingodrivemobile,3FF89C5660329B05686E2D9C8B4D74C28E4585750FDF819914BB4871760A1235,1408001
com.igs.goldentigerslots,4ABF37A0655CAC8CC010C499C9B3C730140405C02F81B27B92CB7B3663EDE719,125
com.aaagame.aaacasino,63711B8644DB0A08A0EB998E0E26B12B1C6CAFB59650362EBFC04BB95C7115B4,166
com.boyaa.androidmarketar,B986A39F032C9411EDB3CFFE71DC8A769152F4FAC7A75A9A53051E7296A026A5,6050000
com.tw.tycoon.casino,69D535003B1B67727EFBFD2D8EF089E2A55F0E00CEBB733EF36CB00E46DA20EB,218
com.lynxgames.hrv,BD4186F37C205B0AF0871AC21BFE38D3FD0AE0D5C8808799DE05BCC675009ECC,2040700
com.funtriolimited.slots.casino.free,F547684C7A3B67B832649B05F42EE3A0B709A0F3D06631C8DF823001339E4414,72
com.productmadness.lightninglink,BD53ABC3C86B4399DB5FEA68043213A451CC0FF2710C25E3AA03BF1E7AEE8AE6,6000000
th.dm.card.casino,58845A41A02141A7FB9D5FC23E8296C2D945067EEE9D0E4F5785A5E595ABB345,130
de.merkur24.universalapp,58F9698DB53E8FE5B54E728F3D32DF94AAED5A242E8E4300A5D33ED7FFB8C34F,4012009
com.igs.fafafa,9CEEE337907C1F62528BAC939FADE76B521B46DC8E282BA9F59AD9CAA6E80C6E,1062801772
gsn.game.zingplaynew1,85B4DD91F64630D527AB8676D5431E5382D59F01C278141F8F23470B75E3E9EA,191
com.winrgames.bigtime,16965903ABEB7C281DE464A54D5B0A1D4CA2640E98E5F471A8AAC93BA799DF65,241
com.mss.wheelspin,057B2D4A14EE4FC6D3F1D3467C7DFFC0F292CD6415FB09E0D97173563F338A28,71
com.luckyfish.omgfortune,E6EC1CEA917D846863639ED4C220440B0EEE7239F61B8953BC63B869CDFF1C20,57012
clubillion.social.slots.casino.friends.free.android,119BA46DFA992549D780D2CC70BC3792C117100FDAF7C35B2A0A622DA7150C02,2000923
com.gonline.AppBravoCasino,2F79516D9FAFCD06E5617240D638E54B4479DB469902297D58A261F04FBFE93B,118
com.vegasslotspocket.heartofdiamond,914AF84F4C14302E5297B6E0013D18995BA708773FD39D7D8212D27E4F7E65A6,39
com.diwip.vslots,BC3B188E3368057D6E543BF588073731D6788A9C5FE96E030B64651649D1F764,381
com.gamelion.slots,A604163EAA97A351584BCA0D2913BB516B052C57F186F9774D01CE4F4F240416,3912
com.RocketGames.TripleDouble,B66F6886AE2D38435E8EFE296758F172BBFCD6AA1A5974647F4FFB9EADD9ACCE,14500
com.octro.teenpattilive,6FABA7F3195BE4CCDECFE7D25E35AD0DF9787F791419F5517A084FF1CDFBCD0A,201
com.arcadegame.games.bingo.holiday.free.slots.bash,1ECD05C9841F886DBBDF90DF87ADD2A2F75386168604EEC9753843BEE700313B,169
com.gamecircus.CoinDozerJackpot,6175EA3F2427DC4DC7C03625B663C9630BF38506B3353C9366A3484219EB0500,111421
com.huuuge.jomhd,E49E2A62333F43A70ECBC67C0CFD264EEB9F37174AC668E245984134DFAB32B9,3912
com.topultragame.slotlasvega,BFEB2CE6BD31D65D2A919AA89B39C3DC8CE6AB238CC788DA92EF60237D0CFFC7,56
com.games24x7.teenpatti.playstore,0D9A040C5FC4EC7AC9A5C8C71A231689432373F95497B379E23728D754791A82,917
com.huuuge.stars.slots,3F7634E7922DD88C36F6E7A02967EBE3B42D86702ABD1E15E964EE5678E83E06,1632226092
com.pch.lottoblast,2D55A4CA7845499F837899BFF4B1123DCA7145C7E415129A003102750F9100A1,4403
air.com.coalaa.itexasth,CE8A187B01DEE8F81FDE06C0CB77CF9C066212DA412574ABA961B1309CC98621,6020000
com.cervomedia.spw,6045B5D3A301CA5F197EF334E6450B7738B3BF20C8B538B34C2A6DF3842A1C10,91100
com.godgame.poker13.android,33CFD98FEC4101FD9456A179E12285B3072C92B7AB589D9B0924B8571212674E,113
com.luckywin.tigerslots,D071E30FC3CBAAD546793F53E36F8ADC7AFC7D0F692DA5B612EC002AC200C48F,42
com.godgame.mj13.android,88B7543F022FF3477A6358441BD8408DEFEBFD904E2911A7133E883EB84F994B,134
com.winnersclub.empire88slots,E2D6CBBDB05676DC46EF04486325BA1ADB0393C0042C3A90D56DDDC6B705009B,15072
com.tiple100.slots,977DC7CEFB51798800561CF730AD4496738562E49BB6501D7468B10D868524B8,3853
com.platogo.gmp,8BD1CA6E2EAA5DF7214687A98C0B3ACD578429B0F770E40C3BDFC8E4F67D7A1F,329028
com.viker.spinroyale,503B89F2574FCA2D65AA26C5646105AEB252E6EA85B1ED29B88DDB7604AC5315,75
com.DgnGames.OldVegasSlots,7C1EAE74B3824D5405CE186833EA22E465C41E6E98F3B65567EF36D8A7D0D990,3614
slots.dcg.casino.games.free.android,2FB0941A87467342E6F411F8386529CBE27878C71A65ABAB2B9BCA19A3F912C9,300111
io.socialgamesonline.slotcom,939332D02B930CF4472458D547F435A735AFE2CE5E910D56637104F8A091FE7C,72
com.Uking.thai.fk,B096F7C1314F77169183F6EBE72997DD6318693E643FE0D2A276C041B8F7CFD6,21030
com.citrusjoy.trojan,923002E455541F0F5E3DF10DE56C324FDD1720B0DDF849349F2C9B5ED29403B3,1381
game.xin.hd.g,8ADF9EBD53842CAC6C5F74F3E193EFC605DB54EED0382C4C80482405519C48C7,309
slots.pcg.casino.games.free.android,A7C461ECACC6C5B2E4D43E13202047492F86ADD3CB33F3324B2DF622E3F2DF69,219
com.coin.dozer.pusher,26D48759573022569B2BADA6E145A312406EBFF195A8847836E0DCFDCCC902E6,200029
com.huuuge.luckyqueen,078E866FE224FAD63B9C95C108A8D5537A793081B434F6FE09822939C4CA6A5C,3912
com.teenpattithreecardspoker,C07800B1B40B392C83F450A80CCFF325226F57820AA12AAB0225288B799FF8A5,506
com.droidhen.game.poker,E3EB0C2D313D59DE6AF4880F66805B01B415415366DB83108B2A47A6F53E29D9,200
com.phonato.casino.slots.vegas.free.game,F3C5F93FEFD7EE424312EF740D43D0E6F104E8B30AE91BC2776D9EA74D754E92,66
com.november31.video_poker,CA9BECEEF154542A800BAE78C0FD432BBB68553C9A3071642FB79D03A59D7AF1,47
air.com.slotgalaxy,91724ED27103DF2F5D856023ECFDEE424CD5EA7B1BC5A72874FAFFCD29B9D164,3007016
com.zynga.wizardofoz,BDF9B924AF64A4AED5E9CE5A2B1AF7CA10DC172CDFF5B3E8C070CD390721068A,3105
slot.machines.casino.slots.city,B48482D4EB120F8C97B995B25DDBCAF7DFDEA7D3366ADCF81C50534614A6E620,35
com.cashstorm.slots,7D26C449A367BDE66236946174F617FF92753DAAE1EF09DE216CC984A3F87547,170
com.funstage.gta.ma.bookofradeluxe,FBAA1447D3C0392541590BB11B3D7A0A7E7BB98A8F78F429963AE3B24BF2FB84,40122
com.bunny_scratch.fl,A9E366C433A74D2A09C1FAA17E7D08759371FE0621560399D3ECC8FD1EE5B5B8,190
com.brainium.blackjack,D27CAC82CCC917BD804D5278EDE63F59385BF60ABF24587B15CA9400AE8D9322,4900113
com.aemobile.games.casino.saga.poker,08B93A4613889AEA1F7595D36391F75760BD4992E3201F8F74CAF0677E052451,109
com.uphill.slot.classic,8B9164939133E018AAD59CD56DACD4A15A847B30CD4B8643861CD9BE0A8F4945,60
com.zmgzs.android.overseas.texas,207EA26ECAE61259A5C97FE78076F4310CC982E386E73384B5FFE300514B9320,21602160
com.mofunslots.richescasino,DD14E81EC6202672709F86BDB28275E82D943AB6AB4B18B138AE604076517EE7,26
com.casino.slotpharaoh,54D0946D7F12CDE67E7631C221A0D30EA84687296E1795A27EF0C45B897FDDA2,24
com.luckios.buffaloslots,6513B75249CC23F79444773E7806129554EAFB5A5495D80D2C9D08BCB962FAF1,57
com.wgames.en.neverlandcasino,C30B5136AEFB497409347C19AAE543F416054DA86D12EB8966DF261D3B9D1414,10618
com.playstudios.mykonami,51A722B4999B248799CF1FD1489F4954ABB47D9F44B903FF7F36833377C159CE,18524
air.com.youdagames.gop2mobilefreemium,624603B42FED1233A391BA712ED45232DE6904473CFB6313BC8A13C84902EACE,3000018
com.fishouz.nineke,D1822F325826643DA588ED5646957D4F47FEF8497CD6B5E8573DFC27DE58745D,263
slot.machines.casino.slots,B7F104C74B802012DD675A533B2B5D4A103DD59D582286FCB57A329A54677981,4000002
com.gamezone8.slotscasinoparty,908FF48CD7546EF3F8FB1790D3E43C0D93F9F5FF56DA53C6D4F89AE6DFCCE84A,66
gsn.game.zingplaynew2,0AA828C0A9C1FE3FAB165358A0C865E74704038EA6B87C7DF62ADC0551E2CA8E,199
com.arcadeplus.ninekeonline,0CD9063229C0B8BFAB8D7BD233C94C3CD92C2BEDB962D5A4923523CC97E8D91F,857
com.gainsempire.fortune.wheel.slots,5B28B176BF0BB30CEEDCDFEE82EE8B74F1BEFF16715FD8BF6A50143ABBC77115,48
com.igg.pokerdeluxe,3D8981AD1F1CD0F436EE71DE5FE85342859A484A73FEB46CEBC772F44158B554,262
robux.spinner.ars,EAE703AAB6444BB6FA74B0352A6BE797A2D426BDFFD1A3331F8786E452C55EF9,3
com.igg.android.casinodeluxebyigg,6E4F8C16E02FCB159684FE75F2DD07CAD77D0F4E3C8CB21DE6934E7B07191EA7,61
air.biz.rightshift.clickfun.casino,B6D68A82DE5A0031F6069778770406FDCDF70C72F831C49D269CF046FF0E3497,2000029
com.zentertain.classicvegasslots,E47AAEC15A00EF86460C133C796E8A44B2B7198780F9A6CA49EDE68E6D8DBE27,31
com.viker.spinday,BF4FA4E5B9F12CB6E111246D954C33142C1744AD696D3F8CA7D2F623AD41202C,162
com.williamsinteractive.goldfish,FFB30974FB3EE9D4B67909664430EC6B508B339C5FEA9DC80829479EDA51C947,211023
com.winning.jackpot.slots.casino.mania.slotmachines.free,E42E3FA07FD099B864F78CE9FBAEED9E16CDD1AB9C53044ED766952BABDCDFFE,65
com.rnftechs.roulette.activities,F9F6BAEB7CB2D5E4103FF826D109F9E1E3714A81FADF6A1D0C35B180290850C2,65
com.stgame.slots.cash,8541F32667BEB117617173A080990129E88FE1D5B876BC22C3812DB5872F95EF,340
com.stonehengeGames.royalJourney,0D3DD46619823E6ADF715B138A45F66C95EDE8A9BFD695F96DD0190AFC77B949,87
com.kunka.poker,73DEC8F1ECE546B3DEB326ECCA672117294B7D7E9857F578DFFCC7F837A28250,34
com.rushmo.casinofrenzy,7223DBC75D826DE6296EFBAF2956E5A6DB1AF29882731073C49C36978F02581B,81907111
com.huge.slots.casino.vegas.android.avidly,616F98CEB88A6E36CD3032A1C524B32D5F17C46AF04DCCC3CE8BEE7991DA62CC,166
air.ru.igrosoft.gamecocktail,945A320002F7BDE7B6CDCE40909605C022979CD74339CBB97DD89804BC4CCBD5,1005049
com.selfawaregames.acecasino,AD3487BE66807F6A569270AF931D99427DBD338A4AA913FEAE443266AB707090,629
net.exobyte.supersnake,C02FCF7FFEE1BAE9BE2A36A7698ED944F0D06EB9176EA2517F880D158782BB2A,39
ru.bp.vp,7EF12709D79B39B55CFF0AAC6AEE66A43397C45E87C77B266E940F700178738B,94
com.choibemvip,2E48FB6D69363558398E573EEE2BC4B0A1219494DC0D8CFCB421F1A3BCB2DB23,4381
com.kamagames.slotist,C859DFE962A0B3143007FDEB4E422826CF12D2D5E51F78EEB48667D90B942F34,421000
com.boyaa.androidmarket,0E734EB41DD013C6F6CD0531F17CCFB8E098CDC691092F50594759693703A6CA,6040000
com.linkdesks.slotking,25B2B22379029761D25FDF52EC3E266A2DC5F845D6BC77EED4B889B9381AD5D8,63
com.huuuge.bestslots,74527AD7F315AA12572B5877E28F069BBA0E26EA1D13E4C342BFA39AA35886B0,3912
sk.inlogic.rouletteprovip.android,508DAE4889EC68D87997BF544AC9E161A7FC570EEF17EC5F653EC029209DA05A,65
com.bingo.blaze.free,690D6A39ADB8B1BFE77C9D7DC7068D7DBDCDAC9E37CFCFEFF310BBE7EAAAB839,20210929
com.twelvegigs.heaven.vpoker,706FF0AFDDC455AE767539FA95ABC954739D3FC346B956105300DB3FCEDF0F99,400133
com.williamsinteractive.hotshotcasino,381C4EC0A50C302F5BF1840F907BD60E73435462E3CF5C07D2E57E0B831D3427,1703210690
com.scientificgames.monopolyslots,3A5558E53A56124EA2E4ADF3343046BC0B2C836355BDA5919DD586DDB1A018AA,211732
com.ballytechnologies.quickhitslots,65DDBF073934D5C2DFC16F8961A6E09C9E1C4FC2DA54CA4E8AF103FDDF6C7C1F,1803001537
com.bingo.scape.android.free,C9F8D18CAB40CF22E279E6AD48455DC87B12B874181B6E1F338B8B7BFF7AAB7C,20210929
slots.slot.machine.casino,3391DA2B86CE3BD0DA724D8977471B2380BB658AAD20DC25B186C5FE0DAF9AE1,6400001
com.mywavia.teenpatti.android,AF305EA25852DC58D0F4784159E44C60BAD269505751F831F42D8CD589F51B93,110
itembox.crayfish.x,61FF63D89FEBC770B38D6053D80E17CA7EBD51BB8DC66DEE50E5DE43AD93AEE7,4250
com.slotsfavorites.slots.android,B77D44D5085558529F5648E726239F138D528D23F3E1A287C0289C4E7585CC0A,400138
com.playjoygame.colorgame,6CD89D6C5B7770F7EE287BAFFC5DE021C04ACC3417324EC3DE2590806BE50F33,1602
com.boyaa.androidmarketid,5448A04E528A8DDD732121ECE66833DC0752226AC0E8C1BCE5740FBFF463F092,6050000
com.huuuge.casino.slots,DCB09E167FF4269A9185AC6FC8C32C2C728A6E26BCC9D3A73E96A385F0A26987,1631202488
com.shocktech.scratchfun_lasvegas,AC92850AA97044A88C73C6683B616F5A161AF9A0E377A01566D22312ADF5ECFE,121
com.casino.slotfairytale,DDAC690A2179AD21A0381F1248DF5E556C30682A57735F020AD61D0CABF85D35,27
com.neowiz.games.poker,5E033E67DCDD011BB481E4D16E46AF46FD4B3D06E3CB1765C07AC5E6C2E1F582,77
com.fivestargames.slots,26A1E357626033E94B2BE9D1A7E6433B614C3C883355FC0817B0660D749036D2,1500145
com.zentertain.doublehitcasino,65DA2A5D7484463713792EF317B514A9C4A27F91DC036CE33A2E6707DF8E8591,34
com.cooking.bingo.ldkwh,8A8D42EA9C72E336D09081B2C77994DCE2A5F5D01FF51D91D16FCF83A478C830,2318
com.scopely.slotsvacation,ADDFA4424C9C949763882E2A1DD1514B7621057F6730889BD6FA575F73AD5F0F,1169
com.gamesofa.android.luxytexasholdem,AA92A36F4527D2B2D622C727E83AA8587335DD2EECF8D221C9026369705396C1,270
com.gamedigits.AuctionQuest,5E712D3EFD38B58601FC68F70FD54D63951B19E76CA84E945280B93985CE6AAF,1505483273
br.com.r7developers.eraslot,8A438CD3F342282F5FB7F34072215CC61CAE285F5830DD4E16C95152A1B9E7C6,19
com.game.crazy.pusher.android,3648A78A0298DCAA58EE6CF6B498A3B6002E342D53A5690E488889FD9C686ABA,9
com.r7games.slothallo,6EC9EF03F1AFA40F7F0E1A8DA8D6F2D8E8E5E9E9D32C608D8D3E6DF4FA50D6B4,54
com.slots.wolf.magic,83C7AA2922C805D03AB3C5597A36D9FBD607ED9D6FF9030DEEF5F7994E1A220B,3021
com.walwalGames.ColorGame,24389C63F48523957C223851F317A3691032A9965FBAF96769C470E51FF30C2B,38
com.aemobile.bingo,A469D0F09C8BB7896A526FBBEA08A6EAA4BAC0BC685D0FA1436D40413EF4F2AE,16
net.flysher.rockncash,B2C4C0E34C24B5817B9CEA41CF8D534C84840163C5A08CD7EE6D43BB4025FDEF,135
com.hqin.headsup.Holdem,1ECC7E06D7788A088D464188097827336AD62AC970AE4BFD64F9ECD1F59F4D67,16
free.cash.dozer.pusher.reward.real.money,84E649A1FBE4AC1F4DCEBB281B6802913337CA5F046DC522193390118B54D9F9,12
air.com.sgn.bingo.google,C8890F1038CC34EC19FFBB885E6BBBD3A37D39E844CAC62E51248E2F9256B909,3004030
vegas.classic.slots.bravo.free.android,D6B6BBE67E67768788D5C1FB7F49BC444B58CDFE77F9A49317BFC8ABB3446472,21107
com.huuuge.freespins,6075ED9F089214F6200780EAEFC7A1F7885150EEB92A11EA4C54299ED2FA02CA,3912
jackpotboom.slots.casino.vegas.free.android,952CFF9460A83AE2BF2D18E570868E5A28483F7B09EC83C23EB3654E4C00A621,13
com.trpz.travel,ADD9AA8F6CDA951EA393B9C6C3C462B1F2133F27C76B4140843796A6B64E0A05,225
com.ppsht.loto,17EBB3C91033BC426CD4AC986B99B68F1577417461D695C926857D7B64B5089B,5
com.zhijian.texas3,A70CA9F4A97C5F59DCA3A0EF7F9FFBF85052EE4E7D1C5BE2BF8E164F910C3848,22101
com.sharkparty.monopolybingo,1E577C89A59A64B34DACE62F580DAF875590B4DB5FB0081A92F4603095398CBA,123
com.banananadco.blackjack,8C11425BF71139876EB62D888F36F0065747207652F3767883648D2D8B9E5ECE,37
com.slots.prosperity,4A1EF350DFB2CED057A9925C5FD7EC7467BB543308BD2892167E5CD5DB55CC12,3036
com.infiapps.slotbonanza,E50919FF5631B1ECE03C772440F5048B8FC5ED019E9CD8FE49B619DD0AAB643F,3330
com.flounder.nineke,AD6CE64F667B7D43B71E1A1C3F3A078CC27EC2F62AD7D18A2814E58DD83DC1AD,244
com.zentertain.doublexcasino,428E46F8D9FDD54BD06F6CA95D2DFFB1A414594F81D4B6569DEC6A54FF3A25C7,26
free.slots.casino.slot.machine,F36936E5E742F53B13FBC15BE57FDF304E84620F892554CBDAD2873B9EE787E5,1320003
com.huuuge.cats.slots,EF29D474E179B0E4C490FA5B3D2572D6DEB28E35BC43E8DD1350E8EB98A685C5,3912
free.slots.slot.machine.casino,AC3D8D0368BE686963C846A7D8ECAFFD89B98664C53E2A6464FB4EB4418CD78A,1170001
com.huuuge.samurai,A4624B2FC5A6A36CB5EAF6B676FB00B08C13348F20D6EA0865885C0F0D262CEC,3912
com.luckyjoy.cleopatraslots,324B162FC7A53E70341AFD9B4D19D104CF5F70E8CE3EF369294E2A501048C138,51
com.lucky.party.xingyunpaidui,AF0A8F3F6B6132BCE79A3DC4981318A28BE5EAC043EEDBCFB2272EBE4F3ABC96,19
com.roguerocketgames.m3s,88697AC5AEB26586DFE19C6B9DBB11C3A8255E0ED022121AFE502F765823E21C,105
com.rstgames.roul,BBE5885BA3FF92121C1DAEED2A92F6B641ADE7BA049305A517EACBC160A458AB,15
com.boyaa.androidmarkettaiyu,5612C597D9648F7AFF2F8227EA082C39C75693F38666F281F2C722D151D3E3A9,6050000
com.megarama.slotswow,34123179E667AA93A34F7A84AD4028C7C2E79F596F30E378911B38234FC1A4E0,3036
jp.co.hangame.s_mahjong,20A2C524609901B1F87E5B3AEE8D44629CBAD2BA662044EA4105BF874F746259,139
sk.inlogic.roulettepro.android,E5489723B6785CFC3F9641A27D80CF3438A9E7A4D7321F034A123048727C54FA,55
com.r7games.slotsaga,5A491C1BE80ED0B51C90B056BDC2A09EF1EBAE574EF94DC8F53A4A4266630AAB,25
com.fruitsplay.casino,AD2B15EA9FCDFA4B0277709908552308A9237ADBFF1CFAE26B1E7E2633911E8E,21
com.dailyraffle,6F74CCF302D423518EC682DDF25A3789F7B16DECC2DD093DC4DD1AA63946BF8C,93
com.genina.android.blackjack.view,AA4050EE95A77BBD5A3C17D0109C3EEBDD78173374790B5907B5C0BE2BE9CB7F,400130
net.exobyte.cherrychaser,D472401F6D847CB7EA17754B49EBC98E5A30AC28C318981A8976E94AD88FE5CE,40
com.huuuge.vegas,76623EB06F08DCD1A56751F9241930F5698B5D85E83299C0F1CE6B511582B239,3912
com.gamelion.cleopatra,F5E0EF305329BB2E71CF1F98CCA9F2A1D51F7A31776665E55B120029D9AA9B15,3912
com.doubleugames.doubleubingo,655BCF3DF438B15878E9D5E84C30E2874105560F323509AD9D410D76FBC6E7FC,88
slot.machines.wild,55D4612AA3446632885624BE37C21D58EED2F75A3A3D70222500463E9A5315B9,17
com.mobage.ww.a1439.Bingo_PartyLand_Android,26A887506840E19FF491D4D197913B07DA6F37B4D6469006FA202D86F7B82113,54
yangplay.shankoemee.skm,26D5049785571220C6C4AB4883574157CBD10D6CDEB56BCFCAB1EC2DDD19E21C,153
com.Lonaisoft.Star777English,8C824F6E69E79B0168A176D5ED759A60B18E7173F814A452D3C4D9B8AF4C8BC7,8
gsn.game.zingplaytala,57C721EA07A03A2D31867D2CFAB5CCEF23AF58112F4D0277BF4657F7DB6DAF47,150
com.funstage.gta.ma.sizzlinghot,29543566F9978104E8B3723954358E8EF3E7BE36D9D01F835688788625C72D5B,40122
gsn.game.zingplaynew,BA76D30E902CD1E7C366A2542C72D49FF15FF9D8B6E10D0732C5580D220989D3,96
com.socialquantum.pokerjet,9B2E7FE78D7C06497792CE04E594CE8684BA1FC838B2D44B2D8B431A7CA36CEC,319
com.pramote.fishprawncrab,A7FC747D13DDD2CA5B8993A55B341F29CD0342ADB7C235AEC432B084CD9A0A75,9
com.pramote.hilo,BDDFCFE6A1CF6F565F8ED57E3D28529CB76662C93A24E51F388AA5A272E41CA4,13
gsn.thai.pokdeng,309CCD967C24EA8B6ED0ECB5F01A42DB9D0B1236EDDACB4D872ED5C39C9B6B4E,35
com.royaljackpot.vegas.casino,3D6F1292A547C9A16FE6484B3F39FC7DCB69F01CD3530E0C4B1CFDEF30EFE753,156
gamemiracle.iHorseBettingFree,70870B5075D73678F6F713CED52DD0CAF902ED5971203E86B4D38604F3BF829D,23300
com.sharkparty.bingo,70C185D184FBF5400B9D26EB2AEA9DD7DB17C59D4470E27C8CE51559471DCCED,136
com.tg.poker,D64CDD6834DA9C64E90FFEC3E44332EDF3055EC62AA0680630FD35CF93A4143F,16
com.Lonaisoft.Mary777,EE3CC0487D45C8BB1F32563F4E79D7391F8A59C767961FB7074B5B4B493C6496,13
com.mobileamusements.CrockOGoldSlotsFREE,BCBA95BB5CFCB8ACD31371C436CC7BEB811B7FF81C9F1431BF8D94B15E4E9209,35
com.vegas.magic.slots,CEB74C4534B2200D8F9593C1034555370739FF1C6BFF723F959497F454161E0C,3020
com.igs.TMD,3E2613A428254209AC8953D5F5B58894C42597C64591891DF084A3213265701A,1000217
com.mapps.tienlen_miennam,5A2ABAE9160AECBC020CDDC1A7B116E99F95D1EF8A596B7D57EC7FD28B367009,111
com.wittygames.teenpatti,CE39A64284031916094B6761AFE6FF2D299D4A239333676164811E9C07EECDF6,10
com.aemobile.games.coinmania,F250A499CAEDE5EE10DE5BB947D1DDDD9CC0B4A3F5C2CF00EA0E7A1231AD9EE9,20
com.zentertain.slotspharaoh,5F14B6F5C5FAAA46352BFA82579FD944FBE8F33C88E0BBEBF59388FA238AA0E4,29
com.mss.zombie.dozer.coin.monster.google,4AAE07295367D4B5F3625AD0B16CD24DA17D1BFD32A6DA3C2FBF9DB04DF1C6E6,37
com.zentertain.bigcasino,B7EC5027CFA984FA4FBB3B2B6DE8D229EE848B2BAC2A84EA82F87E0DABB9FAAC,37
com.pokiemagic.playersparadisecasino,97BA451493359A87D1578E80C58B7123EC8D29FA3D17BC55510810F35A00B96D,401
com.more.laozi,56EFC1673F9756A31D67955FC23B171164406D870E32D16EF06D3586927025FD,110
com.nubee.coinpirates,9F253AB6FB81D3AD9F01C069BD24F691FE24745494DF7FCE41E9FB9A96191A35,20
com.mindstormstudios.coinparty.google,EE5C764304B795891485BE4DC28C66160C25C5244DA254BD0C0F25A3A597EDAD,91
com.megarama.slotsape,F348D73E3198F8CB1A6517F4F7519F478F5C51614FC2042CE3B318852C9BD9E4,3025
com.mexsoftware.loteriagame,E2795C3254B3B333D68A1CCC462339A365CCCFEE3467149F0C4A6F6C77FAF4D6,63
com.gamecircus.CoinDozerHaunted,67D9DBEE45F18677E47DCCF1D6480AF59BA86CA5A8F0DF4FD43418B4272879B7,110
com.RocketGames.SlotsInferno,691273F1432D6714661C9C2F1C7A6A69FC7AB88ABB7955CD8D5B5AEE3431AB8F,23
com.sharkparty.slots,82742A1B19CF95C5E033C716DCF4F180DB6846D97240AF75CA00CD95629F8C37,20
com.magmamobile.game.Slots,8C04DC60F63919B1223FDE48A2A7C1934EC6A9A4506425BEA4ABC15F49EFEECE,9
com.infiapps.unicornslots,C3329EA5FF9A2ED927E3B5571658B9F37614C4E423C7B90C00C7E29621514A25,589
com.luckystargame.funbigtwo,94DF4C34C48862B0896E3D84D3E2802A942930857764D0B65FC4F97F2302B4E4,51
air.tw.com.bonuswinner.bwmj16tw,E4DAE1376CDDEFA05775DA2C624534FF3EE12E551065021C97C6378236F46710,2029001
com.slot.w123.hu.thuong.doi.no,A669C26352810C5A40AD7E7D47E3F3578CA1552A7065E635B3DAE8CFB015655D,19041100
com.leftover.CookieDozer,B30076BD2894B6D0089682889F9C9048F1D9F3033691BAD7FFAABEB8E5283E43,32
com.gamesofa.android.richtexaspoker,CFC9E19381C59B17D7EF0E5D3DC7917520482A3C04ADB74C5811B58A625147C0,49
com.trafficsource.nodepositbonusescom,C589081E064BEAE098F1851508C41BF470022073A0AE6DF309E445CFE7264AAE,63
lucky9.bigwin.casi.no1,C99F58A64769E443F9A78D7675565943FEA67745DABD48E067C98908F6C997A5,108
com.nhnent.Qpoker,D67F4BD51057E64C84D2647540A903BCFB0198C92F3877D4B525A000CDA4C11E,98
com.lucky.domino.id,F719BC1969F7C686EB32D5B2C62A8922C9CEF5A2C8964C37ED4A2C424C53B196,20
com.xidea.RouletteSlot,FE06E3F509258B437D0B8E322FFC4C3ADA91FBF8D40707B9BE6AF7D11487E8BC,14
