package,sha256,vercodeco.happybits.marcopolo,7D87D850BC1051E3B62170DE9FF3BC7030ECD0CD3ABEFBA2A7F74858CAB74714,2000433
de.blinkt.openvpn,BC1788C9042F102B3DC4E18354B033725492D378571EFB0666D702551F76C061,181
kz.beeline.odp,6BE3A04F0A9384233ABC5A9AB02AD4FB5DF5BEEB067E2EE5655C8973274FB2D6,21328374
com.textra,512F17FF7C2B4AC7BCDF583EE501A22B2C578476A5D53567F20E0732B8A6A507,44499
com.simpler.dialer,4541EFF22608015D8C951A61AFD3FDFD14E6E767B3DE6BF7AA66083DBF0830E5,303
jp.wifishare.townwifi,486EEB9681DC879681E1A60EE3E186DFB0FD34114E7EEC22C4281A175E375988,1045
com.concentriclivers.mms.com.android.mms,4057E4B359534D125D0A6DECBA5EB6C0651F6610EC2D32E33213E86D14790121,4889
ru.ok.messages,4221DA9567D1EF547E8F33485FC2F3C5902E15520557EB0325443BAB0240F2A9,477
com.brave.browser,48F341ECD6258195131CA52A270CE5CAE8B22B3141F72299E879615DFB4C4F17,413008724
v.d.d.answercall,34F62EBFF6D6CF3694E4BFD3123748FAC0C7647F701F1F4878959D076D3E53D4,37115
com.loopytime.im,C3B90FBC4972D9458DE2BFAECFE78194AE311864B42B5699256CA79B1517BF2C,68
com.psiphon3,07B445567FC949E73FF79303564271BEC003372870721B764A8B27C531BA3FFF,136
com.glidetalk.glideapp,8D02AB2EB885451E2A4E66F1CF7184ABF6E52D0FCB239B8C7C2931D74D517090,10362011
com.syncme.syncmeapp,280155DC280A12324DEE5F01F7B324B9784251FC7584130E550B250532FF4AF7,407
com.maildroid,F0AA99D7493858A7ED2D1A9995912AE3F45B5F77B5E159522885F3253CD9214D,509
com.google.android.gm,24072EAF61D8C8D97089F2A48866CF41D976EF1C31D4138B761A5F2F52FDEA8D,62868478
com.myvodafone.android,1BF0E28D861676B7518C522B3B50C23B3603C6D7490BF881BE47208731ED5249,211
com.avast.android.vpn,2F78A4EDA362AC942491C690A12EBD8B5F63DED1CA9EC4B3B5E5E06BC09C3AC3,6513988
com.isharing.isharing,CAE6B4C72C2268BC6C1ED5AF58E0985A896B3AE54DDF2762B03EEEA08B5F44B2,862
com.p1.chompsms,41E03E3DC315F638EF039AF4C97B8B30E9ECB010B43104BD5307A20CA06F282A,9084401
com.opera.mini.native,B7130F1B901FCFB4F699B8BDD01DD5D8A15DC50C3AA4D0851724E1053CD75AE4,603059405
com.cloudmagic.mail,887865D8094A7CC6B8E1AC0C0A60607B969256F16F84C3818302DB4C27550562,685
org.thoughtcrime.securesms,32996189CEA02F2B520D6D011AD4FA8DB8952419568E3B345224706D466F4685,93402
bolo.codeplay.com.bolo,1333B8CF9D9206A9C32E4F87B5BE90B8C1A558245568CD6EED04136846D56885,169
com.UCMobile.intl,5F968BA6B390FA737F5241CBF0E8259FE374E7686B12D588B5FD0A20012B24FE,50194
com.loudtalks,3F6E5E85E07C13319FE3ACD563C4159F8AB475DDDD8F5232D18FE6E0A91C6D06,2600591
com.whatsphone.messenger.im,5385F832A84959270F695D1AD72A71BF86B98E219D8F3D17416A256A2E26C387,216
ru.tele2.mytele2,89D7E89A775070177F79D8E871114CD0661FA4B4211B13DB00C03EBB6DA3F918,163225341
com.opera.browser.beta,82CB6A30DB0FD424E2FDA81B1569CF915EAC7075E914B952E8491C2705BA059F,1906516604
com.esim.numero,47835C468BBCBA41D6AB3D73133CF26E3AF402DB54CB1746A3E6256A936D42B8,183
com.google.android.apps.messaging,1F06A6C1047B4B16ABEE1C179AA68ADC839A143A4D129AE866A4F597BFFF4CC8,97034063
stickermaker.android.stickermaker,61B34E01A495AE590A2AF8249B1CB4DDDDCD3F84373F53EC159D1430B59B6321,98
com.turkcell.bip,FDD8C6886D7E56F93621A11D1E2D0D954CE6A207D42BB38B0ED531CD41341348,2144
com.simpler.contacts,08377BD20CEB5E6DCA8F0D8D48851BA334DDFC3E0D254400C1CAE443FECE8E1B,302
mobi.drupe.app,B01C77C5D7C9E3973FF0D90F83B317E39E3FB75EB238C97CA6401FDF2038A516,305200059
com.smsrobot.call.blocker.caller.id.callmaster,6B1FD66AD1D27827B941333B9F2067C6D203C75691EE13BC875478BE9020FDFB,42
org.litewhite.callblocker,5CE0CD9B49D3F08F3ED8C7E149DAD150C06A7F65926C6A78EB0A55A224986734,196
com.facebook.orca,2C39B1F71144826A29C105E9DE3D513D44C2C247095E1281541797B258CDD9E4,296616089
com.trtf.blue,EF6FCE2D54C2DE8BDF9E52980BE7EEAD6A1F41DDC4901BBA173B4B5D87411417,17618
com.beint.pinngle,B11EB112169D3EEDCCC8FFBB283BBD43A6ABF2626B6E17465829549E3DE0C246,906
com.mirrorai.app,1E95C86510FD3C166F3C1004C73F6B9A6075EA37F5B504D816E30DC589FA297F,966
cz.seznam.sbrowser,FE1DEC1E003CF23FD0C6B1B81CE5B48B152308062B1B5A3F3EBE75BB958A6ABF,71600300
com.jb.gosms,87D01DE924E6C81021DD6B19FF46C0E8B3E41423307E9DA172D9E828164FF473,507
ai.rune.tincan,9697F0302C29CE5E5F0D251B393B5464FFAB661EDAA44CD1AF629332AF7393B0,452
mobi.mgeek.TunnyBrowser,E044CDB43E933523364EE76BED8BCEC8A10F28EEE9F14DB9C1DDF78A29806E1B,881
com.azarlive.android,9425CC5354CF87A4965E089C35B6FBB3323DEE74ECD1B9499CBFB6F4290658C0,1923
il.co.smedia.callrecorder.yoni,FCB45FB3A714899C835D66A01817FF654B1245C36CB1ABD40FEE2B8DD4936FF9,308
tech.plink.PlinkApp,D7A1DEA18D26E11247380D4F0A53D04E1C4561412774A20F1FD2168A09B65ECD,9738
com.telefonica.movistar,FE28BBAE0E7A84A20D13C5D13C669F40F9880F065098BEDCAC50A60B054FFE3D,6480
com.kakao.talk,A359A4C7DA3E5892ACAB2C2C3B6F4DC76B39E35BD4C03F7FED2584167D137C0F,2309520
com.imo.android.imoimbeta,283EDB78177EE78433D5E2B2C96A66C07343D01875F65F2C6AA00B7DD44E6AB1,21071032
org.mozilla.firefox_beta,4D625CA59506E8B8D976E14306EE66CFF39A28B4BDE18D837085544DE7C5C762,2015835675
com.guibais.whatsauto,BA85E0569DAF4A36202C479FC24A6D0256FB5432EA98D5B7BAAD248ECC1D0168,156
org.vidogram.messenger,86A5D4D10A174985F7FCB96CA08F3CA6B7CA31C164AB0B4E530930708BF4C58D,200747
com.zing.zalo,0149500E31FD069D6723F77A0BFC9799662E525B15BD9A82FF36B645BEB4C593,12100583
walkie.talkie.talk,659112D3D3F2A61C2C33653D427D102752DC66EA69DB68E0FE8E7BBA27C3806A,210823275
org.telegram.messenger,A0FA775A95DDEAB8A98DDE8412DEE68CFF20BD43E3284EB27B00371E6FB3A3DA,24327
com.robokiller.app,C98131AD9441D5943E767BA12EDB19CABD74F4BC81389F0A1B38574906D404AC,10430
com.facebook.talk,2360F7022492AAE916517A58E4D7EB3702EB89EFD95ACBC1B29A8E09D7BB7577,322831391
com.tempmail,62BE523B3BD4AEE01DCF5996A64AF17E44FECD0897581FB32C0FD16FF34F10B3,200
com.juphoon.justalk,4A1E727685EDA7D14C7F571ABF93A8C158A2F858331A695644265735A3AB9F55,802209280
jp.naver.line.android,7EC916A95AFB827DC586231D4621690E6FBD3594C1E79646D7D1EE8EAB43554A,111710351
com.lebara.wallet,26B97AC3E945B8B8D2D2726DE50EC13A9488C55DBE603F87842885CF9AEE4E56,76
com.enflick.android.tn2ndLine,D0618EC5DAE1EC5167B19DABEB5948BCBA1684159B21F287D3C8380DBDD2BFE5,14001
com.whatsapp.w4b,F7539C9FBBF9752433115437FEDC16CB72D058597115DCFC16A31AB08CB4230D,211921003
com.woow.talk,50F45D3B97BB1CED0912418B4942794F4859CBB3F0EC4474DE1E46620507354A,789
com.zong.customercare,36751694DAF4B2AAB0B93DC8C9FB77181F79A3C6E7B1524E0A2113A28DFF3862,40
org.telegram.plus,137A6C53CBE9FE8FCBC4153E639F315DEB1C97331B187C7C4022BBAC58292D2E,18030
org.whiteglow.antinuisance,70B2B0DA3786F38879328C8AA5C725BFAC97B203E743A2F8D88FECDB2AE357D7,234
com.transsion.phoenix,598B028FB6D40E590AC10E0A2C4F69DD7BE699B61A3DAF64D81914CFF79B9315,3308
ca.bell.selfserve.mybellmobile,AC35BF63D4A96A6A61DE637C6E0F73E324A0C979499BFCB8A1E727D4A4BE5806,190
com.hb.dialer.free,AAF6B5D68FE55C2D46C8A92600681D7655CBFE230405061919D5573B8CDC7683,117
com.yoigo.miyoigo,165180F7D87BA7478024F90FC477CF459E4522D9B0A2C3BE8CB911D0EFE65CCD,30213704
com.opera.mini.native.beta,C3315D7F90799E78E22542D6911F6F2AF24AC2F3B16B6ECC63AC9091DBE80D90,603059400
de.web.mobile.android.mail,A56330A3C0AC828C906C5D65FB4A79BD08C683DE926CBBEB9621574810FF43B0,404306
my.photo.picture.keyboard.keyboard.theme,2626873A141623BBD4046F8134FC7AF308C1BAAD7B3F54D541CA0951551EEC4A,71
com.textmeinc.textme3,C901DF03E946B052ABFDC3E70945DA0AF95C3AE66C55C66AB2057FBCCDB66947,329010000
me.freecall.callindia,31E9D9251288A44D9DFE63FF6E3715B92EAA7B8E6F969878956B786EF10AF70D,81
com.sec.android.app.sbrowser,BE9A16D6A3788A856A8B3676551850FC5D3D203C823536C8120F65E3BC52B82F,1150409502
free.call.international.phone.wifi.calling,BAF8394D8BCEA6FE13A336B27730A96E3FF35E5594A21807542797604B7B3C83,180
com.revesoft.itelmobiledialer.dialer,04F9FD04173465D483175C37923045E54A2E8C1002CF9BAA915AC99C5339656A,4020030
app.source.getcontact,B99309179A913EB0204CD0F9F4E04DD193416F6A6CE28ACD5515274811F05683,2102
com.apusapps.browser,0314A34892EEB2EABB977CC5746BE2783121C05174EBB88AB6A66B71983D18D3,253
ru.mail.mailapp,B63E15CB28290D9C8405085A9CD3A22DB709622460EADB51F1ED28F1BAFC2BD6,34584
com.stickerswhats.wastickerapps,533C7B8B087552FF24DBB94439DCE74318FC18B3C22307D57A26EF060DBFF4BD,20
com.dstukalov.walocalstoragestickers,799BBC250C08C208BE8391790A7A57A31F3C103AF6B3F7AB52BDAC83A39F849C,24
pm.tap.vpn,5A88180B50346D0B333908DE61435C9BA24758DBD2CB07ED87410E67AF56CC7A,2033
sk.forbis.messenger,4A49F561D3EC18AA78CA5DE91A59408F017AABF304E2DB2EE6B199EEB84C8416,11630
com.icq.mobile.client,4A0780BA54BD91AE81459A0F7FE172088486A2D35B2084C67C22A1F45F065D1E,824762
com.viber.voip,A6A5E0D731E8A3630E07692ED769B1F625418CC145C88C68EB434D576852BF82,650672
wastickerapps.stickersforwhatsapp,E9F78F8509E7F9F6BAB2828F2E87CB4967B4320ED868961175350BA1A89AEAA2,39
com.tencent.mm,06BBE4C87661B4594D5011D6D50C2B5DA5CDA5C7403DCE8599A536A35BC50BEF,1852
net.iGap,2B5059C59F73E3C4986B3C7073796B51A4BEA3373C5BCB2D1694FD7BE204FBD9,263
com.mytel.myid,02FE50D5E0B614BC142B302DA069BC2F52742AF06C53830B1F46526782C429BE,124
de.eue.mobile.android.mail,E912E3CBE82DC3556FD7D15BE49252C46F5DE2EED281116BFB611AC3A45C6284,404283
com.linecorp.linelite,793CDE5DC4AD8818FBBA5CDB4AC62F237FE4DE71FEE7E61589690B37AF5A9901,20213
webexplorer.amazing.speed,2107D968B7921472F580490AF949960D71F618C46A1EE71130D72E36ACBA2D29,2350
com.ucturbo,66036DB5D700A65B42ADBE48DC9BE8CCA5BA7CA6DACECCD890FCBF4DD6CEFB92,188
nu.bi.moya,936BA0D07B12DD57E8C3C7ACCBC59B02091119913F23F9A72C8C4E76B7C83D10,99023
com.callapp.contacts,196208470918F6F64C9ABC1806D7E0613D280CB65CFE87C232DF7A7B9A2B340A,1882
com.ecosia.android,28B81EDC10EC50167AC0393E9511C966FD29E646519093FB8BF8DFAF5E03CEFE,288
org.adblockplus.browser,92BEA4553472188E15309695F0CEDCEDDF358578B5686AFFD76B2D79A00BB8F9,2064000030
com.my.mail,8BC160AD2A7251C3DFC2DD23913346E9BD45219BBD7C6D0DB2BAC680BD19E4EA,34584
dk.tacit.android.foldersync.lite,1ADA9413D97C4F359614CC43936DAE5E5C635FB7A96F14A7CAF235071E5F044D,2020100056
com.giffgaffmobile.controller,AFF2DF7E4CC6EBDDEDC8E64F4BC7E35436EB8FEA90C050C9FFC56A1B251B5292,619
me.nextplus.smsfreetext.phonecalls,8405DF271DAC7C2C68607E48945C92E553B1AC3438E3C6160571CEE6854943AF,28001225
com.imo.android.imoim,10C295CD7672B4A5882A25654403CCBA4650DF36B8D10757998829B451878F35,21092021
com.sec.android.app.sbrowser.beta,9FA4D23FB01BF2F54F5633211295C898DB31FEDF51213A199F20A1CD99D23B1A,1160135522
net.daum.android.daum,326D81F6BACD224E648830859A24BD84D3697D61E9D1EE10F6D502839D55631A,375
com.microsoft.emmx,01DC046A26BD89895E210ED84B2FDFC8D1ACC7D7D422B74F5C1666C537C0906B,96106915
nl.oberon.tmobile.my,178FA99C5F87AD52D4C7D840B9EDB7493BD4F86212E0F35BC74B80F99A2245D3,92899
ru.mail,8DF2044C4F864F8A562EB26555759A2606B59538189CA4022761F96483E78BCC,800826
com.tenta.android,A7B0C2B2A99477606FB698C4FAF11912DF80199B3C17DF368DA98983A9620DF4,2882
com.waveapplication,BB04514C5D0FC194B2D76DF4D8F4AE8A54EAA934C545A879C6C5543E4A72B84A,292
info.myapp.allemailaccess,1EA41B68E97E53DC17CE16448D29707F380E45A6A693369274660D669B275984,437
privacy.explorer.fast.safe.browser,091D4D15480464C072F72E88B6F6A6551CFDCEC8BB8C34EE03FEB1DF32D125BF,182
Uxpp.UC,D18E8A3506575E7749E1F68A4AECA0AA2E5E749256174FDCDEA4096824DB7290,262
kik.android,9697504AC4405271C09554EEB91048F047D2DA9E9F0D114C625A903466DDE646,30000778
com.numbuster.android,EF840394202F4BF94AEDD00146A066E0D43F622E12CC9C91F63A86ABFF023FD9,66600
caller.id.phone.number.block,9FD137C672A4D98D757764B288F57813551B65F95EFBCBDE6010A6D8E3983DAA,1880
com.mail.mobile.android.mail,B7C5CA1D1A95B79A5D133E74DF98548BE465A674C4EA30B5A5ED488C03F8E1AC,404302
com.melonsapp.privacymessenger,345B51291A8DA1F36923179053003B7D808F1453B06971DBF56A28463113E305,752
by.mts.client,137A506CBD4E4BCE0B370F0D9B91AA3EB5327304167CB6430062A5D18A62810E,303
com.telepacket.TpSmart,5577FDCF7C6BAF1D3F7F0027FB8BD6D1DC34C283DF76EB7BE6371E09C17B0F5E,264
com.androminigsm.fscifree,063625EAA44A18C5069416B88948785CE68A92D6C6A538766F574F3EB80E3E31,669
com.link.messages.sms,FE6063357F09386AE5ED2B35328E4EDF6A91907CD78C69075743FCC7B434C572,255
com.omantel,AA5B94DE94EE17690B612F5DA2567799C853CE724C5C3B3AE4AFAAE391C0C1E4,1625842923
fast.secure.light.browser,DFB37F47B8EB8B8F940A061B8C47F07F4E00D095B33A8A47570A82A6372F0960,82
com.flexaspect.android.everycallcontrol,4604FFC38756CCF6C0B603CEA075B47FAD22122F6EF6E1D103B26FEC008B51F2,40149
com.chrome.dev,3DB231BD35E2ECDB95C676CFD1AF8DEB2727D84EB8F506371E81CC96DB76D991,466300223
jp.co.rakuten.mobile.rcs,525A71B330B65A03EF393D2D7E9E37155D2D6F7D078EF3952B5E8C94B9B2E2FD,192
com.vivaldi.browser,B1BCF1F46F555C058E2532179DEFE729C67B063AABC68DD72B8892D84D9028EB,524390035
com.browser.tssomas,F21B822833A8E48E1CE86A392A1B0A7C0C6878A38D311B8CC6D7CD7C810965F1,500000110
ro.telekom.myaccount,8E020B216A5376AC777476D6C1D364FD76C15B2B1663E9715E4D4A251ACAC8F7,24692
call.free.international.phone.call,5DE176CB3C9EF53AE1D708754CBE92A219E8301E0960F9CD09A0F4F088EE5621,193
com.crazystudio.mms6,96D1AA54250D3B9CFDEEAFB91C19068CD6308F04870803DAA88021C8A6B946BB,161
com.hushed.release,641740DB0112DADFACC4324F9BFFEA90DBEB6A59599A34BD4F5A08877544F613,50603
com.whitepages.search,9097023044FBCDE74D5E8650CE66653037483AFC0BC2AB8189F535B873790F17,413
stickerwhatsapp.com.stickers,5129DB3ED973418AD1F77486CD673FD24380A1582813E7EBE5FBF68A6BC650C0,675
de.telekom.android.customercenter,0183C9205B6187EA378E70086E6192B55370DC03DC82B9E3C4E5FE4DF9DD3768,5336
com.nam.fbwrapper,3012B5D004C0BC97B8296169444EB612A38C896134C645369A2892B161E4EF51,90020733
com.google.audio.hearing.visualization.accessibility.scribe,F3656657EEA55DD45681E95209FD3B3AA7E2D19F452A9E4268EC9C3259C20946,62344
com.smsBlocker,898AB8F5E058F47AA897A7C1021B490819B7CBFEB26B4BB7EB87FD5E71EE1BF6,525
com.google.android.apps.tachyon,90DDFF5A5A1A1DA5D6C8C289B5689C61BA135C41371C9174D24AED02351E45E4,3251886
com.skype.raider,FA4433C1EE833FAAEFEE68B09D8E679E44A2D1D6B1B27F53C8820827131DE71E,1250113573
com.opplysning180.no,54A3408F102500E163D2D198533A1ECE90376BCB0F04E383AD20C1D1F1CD1F04,1078
com.psiphon3.subscription,D6A1E49C6789C67DC6EAB250CFE1AD592600F9C9319D6251AA48756498BA5047,327
com.ram.itsl,25AFC7A883CBE16426EEB1E3F171FD2D79502C2B8B52EC94EC2AC42A9B42329E,85
com.eyecon.global,035F13DC817893C9D4708E43697B88855FE9F9A8D666C17EA3DA0292B51C0AB9,392
com.eci.citizen,424AEF1A4F89DD3A4512CA0C8132F9315D0661B19B0A4F3F2670E932A9DEA588,184
com.groupme.android,6945C70B550645AD2F8F53AB7EBC3F47439D92F10C76172FBAB7B37B6B59657C,212730104
live.hala,A22FED8C41341C129FD9A6E89D9B8526F212B589B9D993C52F84C30DE056F1D9,100144
com.texty.sms,56E304F31FF598C145CB02A190754DEE2863F32D7306B37A14B8984558DB247E,552
it.medieval.blueftp,88ACBDAE2A723FE9626D8F4FB06EE57B7E667EC0F4FAD0FCDAC5BE5ED1FB4908,75
me.talkyou.app.im,DA02FFF3ED7BBF7C8D648023C4119DA3E1A0DCCB674C9044C5AB137F7800D800,891
com.banana.studio.sms,9B87FCC37A4F0D4EB14FC4354E00A4FF41BA547A84C31693468584695DC047D3,34
com.androhelm.antivirus.free2,FFBFAC5248E1BE6367171B98335C097D4E08FEB26F8B12E59440C58BA7570681,129
browser4g.fast.internetwebexplorer,51A1AA0008BE216DA56DEC1C2A7EA3A936A3F086B3EF76073E7A00DAAE5F051F,2350
net.idt.um.android.bossrevapp,01EA322EDCD0309C1FC934AE92AF74BDB446DBCDCFF1028880CA2B036DE97A76,5205
com.touchtalent.bobbleapp,5B89709893F3005D2BE32E0EECBFA06377CE182C294A24127B11646C98BEA1FE,6210032
pl.tmobile.miboa,D288BE872337806BB596D0CD0DE600F1B65D4664668A431DE0FCBF01051AB0DF,24679
com.finazzi.distquake,0FA7CA3807942807896C18CBAB2D05889F8207CAF5B995BE420C98682D014730,689
com.connectivityapps.hotmail,D4F153DC75C548B7894F0E9AD78E683696FD964D84E9C98EB41A731DD1D0B8C5,74
com.tsdc.selfcare,874CE0BCCF64D49D4EC274B1CBDDD9CDE339D0B5411480FA1FC574217357D438,500005
com.beint.zangi,55134E267D30CA19D829616434D27C39DFA6F4492C86A4D3243F1D8AAB614D77,662
com.truecaller,365989957673F712FDB29748DA0DCAA370E71B878C89BC5CEBE945F228BD0DD0,1180007
truecaller.caller.callerid.name.phone.dialer,2E479995AA7313036D2687E5C99323F0EF500F96EE812EE286C11B73B69C108C,1472490009
com.enflick.android.TextNow,DBB40CE723FD003DE4834F5D1599CA3ADBC2DB28AE490801CAA9207626261CC6,14001
com.smscolorful.formessenger.messages,2BF6958CE6397475A4023AB85A2C3F411241A48B93022571F332DA90CB60B787,64
de.gmx.mobile.android.mail,D5BBB4D59C29251D23D55806CD1D7B46255234E78988D1CFE27857A31CE26F1F,404309
com.kcell.myactiv,5ECE7743234905975DB81F44B577427590AD9AC315E1E34D20E1D334C38CEA8E,337
com.opera.browser,E1458C7AC882F26FF317068E4076E6F62FB59E62098DC4122BCF94E8DFAC78A8,1906517604
ru.yandex.mail,778AEB6A27DCAEF55792FA0A48322D3D08F9EF6BAB3C4026A38B3C5EA30B429F,91609
com.tabletmessenger,1F725E584735A6FA7D7AC68135FD651E02FF76213444D54551AAA008660B19E5,746
com.safeum.android,4AA26C6FEB240914431431CD270BC1A032C2EBB7DBC5D5847D64FC7E3CA18CE0,1548
polis.app.callrecorder,2E03907700FD4592C2679921F0AEE82CC93963BE60EAA12E1D65036394465C63,164
the.best.gram,749FD30052118B38495A552BFBCDA7FE56BB82400A5C63A135A973BEDC4CDC12,1005105
rs.telenor.mymenu,1902C1AFC965F231D14B361EE49C9948731B6C01C5AAB9ED80111A07F8BFF99B,93
com.mrnumber.blocker,73237ACED5A55BC52A10726283DDDF245C7686224FADC532F60634FAC955C8FA,110303
com.allinone.callerid,5201F64775FD683D520101D0EAEC18221CB7F2C84427B13B47B57A3416CE18E8,262
qa.ooredoo.android,BABC5BB70AFE9A24EBE96E7DFEF0DA7F91553451F8AFDDA0B7232EE8E40E4D66,480
org.mozilla.focus,29EFBC4D9094A8351255493F3CF23EA6A1620A43101E986B7AC22966472C9E5F,352731722
com.xbrowser.play,38113B82CF24E9A8FD2E37CCC3AB91A0184A7E540756A83FD53AAB8ADF63A81A,580
new.WAStickerapps.bigfunnyemojis.sticker,983F6E8FA36260EDC5FD1A8160B14F5DDFB08FA41E58569E53EE2961A0CCEC6C,39
com.discord,2774C2F66E85B065A69EA2F50A317456EFD80A48F8C4C6DF8EE124A6657F4B36,94011
com.gemtechnologies.gem4me,9D17B71FD9CCB5221FED8CBE26FA3295E72DB0F49A131B12EDD1AD85B4BC4DD8,19279
com.ezetop.world,42F6436E82803884896D4A400F309566A0E6CA0850D168A02C3D80D66DFF3CDD,41100
lifeisbetteron.com,DFFF30028C0D1A053792D579DAFCA4208F490CA80F96F5E02A617115CE359184,2000394
com.xplus.messenger,A9DDBE7756EAD286F310DD59D3F7193EAF4A669703242F19206182BA11FDDF30,23965
com.webascender.callerid,0F86D3B5E8C7E4D4480454FB0992335D48BBA82B14F4978B826F3A1308DCA7DC,110200
com.vtg.app.myunitel,1FE1EAF33ED47DDEA5E1751EADF831EA67BBD42CD20827D54CF9EB43CC7BABDA,78
org.easyweb.browser,F88C3EE769456DDCE5B5F29118534568707B1BEB1EB806075858B52C2F6334B2,211
com.rediff.mail.and,02A7BE854ADAA7D72FACC5F950914509E9804202E85845DF2E8DA2F3FDA37FEE,105
com.recommended.videocall,E58322C76AA57FC0A5D4B2DAD3FD0342837ECE06F8C8843D2C235541CA3E54F8,1867
com.rebelvox.voxer,127E4A65950E9F68793B9BC87F7584497F45B22A4E0D18534F1F528CD20B1AEE,2953702
com.facebook.mlite,3553EC9EB79F144A46DFB527635D33ACFE230898877CEE1A5BD59646127DB19B,321531127
com.turkcell.sesplus,69FF5BDD59C54F9FCE37B638D13CAF023F45AA3D75A14A753B3F37F076B7F474,661
com.powerasdev.wetel,05CF68AD1C8A497F5EA2CC91B64409504A2541BFA99EBB5F4EEB08035C29A841,29945
com.cisco.im,20CEABF18C758DAEECD390A5D46B8D92181CDB33A44E432CE00EB7C062D0784A,130171900
com.ringapp,32B45C49035C736D2BD9501EE32348645AA0D3AD46DF27DDD755605F5690F5EE,47203695
com.rebtel.android,298FDD23D83D70E57E93ACE711B65653A0DDC98AAA329B01CAAD4112648EF848,365
br.com.claro.flex,9E23655EB96429A13EE04E61CF6F7026617A0E5620744936F48E7B7303D42D2F,202
de.resolution.yf_android,04FD08FC9F054A93E33B90FD944629E7C57F43FFED2EC1BDD0F90CB63BAB516C,2021061801
com.meihillman.callrecorder,EB4957DFC4743E0A4D9E4BFB9939EA49057727EBD93F53FB58B5E8A6FB2EBED5,252
net.omobio.dialogsc,10900D9AB729BEC39B73C83BF63E4FA022DA0E467CEB88D7808F40DEE766D3E2,1117198115
mm.cws.telenor.app,BD09411EC82417FBB1E00EAAD381157BF90A9A87731BBF7727D78845797FE431,99
walkie.talkie.among.us.friends,0FA10C51B566E0DE50B40CB96FE781C921DB4F9E3776813EDA93A491BAE85CBC,210930317
com.movistar.android.mimovistar.es,B89E7433C5CBBB2068F22A4AF0BC9F0E1A638D9AFDA117D10FB29DC110A2E7AE,123
gogolook.callgogolook2,73DCE9BC83D5CC3EE865FE41DE96DF55B4D44FC2F7306A674553D4849412068E,70000305
com.telenordigital.contacts,34CE9A9EC7E6DF112D3DD7801C877FFB30E22840A17EE13DF35009C1199FADFB,80108
com.OnSoft.android.BluetoothChat,06641DD51EE12565B449D970B0FD7873CB95004574456D1DB15762F125D78593,268
net.whatscall.freecall,E9377CC5BB65B03DC49FCA876163BFE79018B78E31441486A643120EC404675A,200044
com.proWAStickerApps.catsmemes.memesdegatos,ED306154BACD376952F66C6B5F409BE1B57D3079A165B4C53CA3CFBAAD847D7A,8
sms.app.messages.app.message.box.message.me,08272734FE69CEA2D1E9EBDA36F2B991935B409D6B7E20806F6CACABE0F16543,36
and.p2l,03A7E777BA9D0C0835BEE72035A90807A964EDF14F96A68341C327D11DDF552D,189
com.android.chrome,7A155C6E7532106DF08571B2F680A3A29C99D2CAF3937D3B0DA4306050B52211,460608023
com.zoiper.android.app,EA559903781C663DC6D062336A105E4526E9C54791EC8C05466D3A62009198C2,442
com.tuenti.messenger,5391D67C7D1EA819EFDDB1E925A35B2B5B5E6BC495EF4D46D8A1EE676CBA8AFE,412110639
com.yahoo.mobile.client.android.mail,4E89FA6834E3C5E0BFAB84B8202C495C246AF39B31654606EDB6BDBA0326B6F6,1589160
com.skt.prod.dialer,CDE3C72205AFA92CC050C6EB18EBBAC3C25589072F7CCA1543D1C2C81E81A00E,10339
ru.megafon.mlk,8F243889EE1FACD05DC41F032F8D2D5B49A030BC2FCDFD3DF837AFA7405EEBF0,42400058
com.kaweapp.webexplorer,61B86858754D85F8A8FFA9DD6C0B8CC30715D5D200FA59B0F7D0D8593802E853,104
org.mistergroup.shouldianswer,E2D760EEC9BF536A8CC663BCF61625628ABA9B844388A81DCFD19C7841E52011,191
com.opera.touch,51D41A694987AB63C9D5C3C613F373CCF85D01EF469620A60194892A2A4DE392,151
com.zinn.currentmobiletrackerlocation,67A6581908D0150407DD68CF2C3D4C8523AC593FCE736D61B9769ECB9365DDFF,22
com.mglab.scm,26E6E7723BF1C1D2711ACEB54B089677F3B6F25B3782DF428EB22751D310479A,377
com.google.android.ims,1F807800360FF47365D23D1CFC38D3E0122D104BFE02EA2124D9FC4CFFE5AD02,30519600
com.wastickerapps.stickerstore,04213A7F5AB1168F05F8D4428CECC6B175F59F972718AA1213C8B308CB72E87F,184
ir.ilmili.telegraph,ADE32625EA32F01F0CA21E1DACF2F5CE686A496554BA23CB9DE81AE68876B3B6,24335
sparking.mobile.location.lions.llc,50B80CF6303C59F268E7C24505A6ECE061A73E1A6B53E844582D5FDADF91B81C,20
com.google.android.contacts,EB2A50EFB57D71C8FE302ADBC4CC685F9CCAF85EB2F4CD0817497EE1459B4B5E,2686726
explore.web.browser,B85853EB56E83EB8F7EBBCDFCABDE66BB9CFFAE2DA030B7BB7709232D4CF16E0,59
wastickerapps.funnyemoji.stickers,EB4BA5220A01C150C63E7FA127171FAAF128A0FE1C7F3510441598B9F12128A9,7
bg.telenor.mytelenor,C73718BDE7CCDA29F2770F23C262349C0BB4BC4B408A71A6772B021CB0F3DF33,96
com.jiochat.jiochatapp,11F5A0DDC1B8D6E499258532805663D4D6F62372EB93C6F2C07D0B0E0FECFC7C,2011041627
finarea.MobileVoip,5455B6D8FBB1EE76FDFA7828DE8B1096296CBCF3657C20C96663CCB6664F2BEC,110804
com.caller.id.mobile.phone.number.location.locator.live.track.tracker.callblocker,2E4616A238D11DF9A827652DC4EB5A6160C895C49004DAEAEC5E530AB905EB9C,57
com.mobile.truecall.tracker.locator.teccreations,DDFB834075EDC0713DAC95B0F17546F018C741E9FDBDB92EEB3AFB8625159213,186
com.omesti.myumobile,F0CE8FA3544572BD4AF2A2BEB32926BA24B869809F9BB6D8871FF7FD09879FF3,201
com.cake.browser,5B028EF96CFC9788F7B75EBE4E88260E6F322855F4B15E9C8CB0A00732341B9D,262
com.fsck.k9,79A4A1C7D610694A6C27B1F906DE4C1506A5F26808EC0EFAD85F723F475FD076,28006
com.jaredco.calleridannounce,39B7932359DE92442A39F0A6C1D840E1A3EA470D28CC5A3B6466C95934F54E5C,362
com.bf.browser,5FBAC6F818645AA1777BB34A1A5158FD5BAE8B14ED75CD9635D8CF5E9F2E38DD,37
com.kiwibrowser.browser,C1EE996D965D5F7E661CB9CDE53454B3000A2BA1643F788DD15E50EA798CFEF3,460605615
com.stickotext.main,A0BD487F96BE596D49C5265E8AEE945C4DF3037A2F86C5A170EBD94DDC1FCB5F,151
de.avm.android.wlanapp,2382DE43DD3A8AFB84AE8CB519844CA265A50A66556773988FEB446068F8954C,23507
vpn.lavpn.unblock,F4C941AC73F83C96E3FB38F012C28FC80B627535785A066A45FA128548AAD5AF,52
livemobilelocationtracker.teccreations,6B393DC2745D999EE7022B88518123D8BBA5EFD82182CF1B451B91B799E33BF9,223
me.freecall.callglobal,64B589C31C0B28E2B32A979643D5F2B84848EC3C4D588EBB9D7F35338801A72C,100070
com.arena.banglalinkmela.app,66DD69B0F678D2F25E557D03CE6AAB0C83DEE8D2DCA2F8607D36040F9F4EDE2F,801004
com.google.android.wearable.app,FD0BD40A897E0A2FD4226D616DC9B8CD7F883F9CCB796022E21EB8A9CDD553A5,773290023
in.number.locator,6EE4292AE9BF0070B856C80C5BD6D67CBC27350EEEA638AB2270E361DCDF3342,54
com.ciamedia.caller.id,914DE105382244348147EE3A35907D70179AB54B9DADE459762230B18E9326D6,5606
com.samsung.accessory,1C9DB936E45D81438BD539E7999A792198EE63B017849F7DA423DE0841E2994D,319520401
com.fastsigninemail.securemail.bestemail,2904A800E76F4CC4B84FCCDF1974E93A31F3FBA9006929DBAD841A0911E70ABB,38
com.mysms.android.sms,A3876494A26E85205214F4EE54D98EFD4FD0D6EDDE29E51A3E553A8C44478BB8,285
com.voxofon,FFCE11173BF3D39DCD43515BAEB9A86B80380540CB88B5CF2A0C5F027906DBFC,64202
com.matchtech.cafe,1DDAB801A55F9F32F608D00C6D46C0930C8BC5F01E177236A9B6319989874261,75
com.fineapptech.ttalk,3B92EDBD6D68C93BD7AA1CB8DF259113115C8CF5D37D3FAF0C38B43632B82B0E,140
io.miltec.vodi,1A41122816C5D6FED59416168B26FA5028D3955E782BBE5CEA7DCBA5950FE568,3152
ru.beeline.services,BE05F91DAEF87145F09831CE3520A8C59C622E73A89732F1D64032F93245F02A,1021
com.calea.echo,8701C8F03D8CFE2C5666F03CBD71EA0D1B8FEB9804C3F76E5F37E04CAB0D2BD2,1961
jp.co.rakuten.denwa,E5D04E967B9026C4A82DE510494FA3DD6CA9B35AACEE8A98985B31EA8B60086F,3140
net.daum.android.mail,0860C3F1BC18C2F35DB53FE2527DEE4991A14CB7ACC0FB5361ED6489917C21DC,1166
com.mentisco.freewificonnect,A1EDA7C012E54736852E37CD8ABAA9A0020696C240E8E06B94C80E563769DCD0,72
kha.prog.mikrotik,DE17ED4D22BEEBD4F34C05C5C553BD5FFBBB152FB957AA279B3865F3A60E7451,195
com.fulldive.mobile,E3497F106135F049225E7F7C56FC24C7758B07923EC93C975A2424086ED5D894,4970010
com.google.android.talk,72B84AE2D3AAB7844A96FFA306E4775192C14A8364D067B6C952A03309092A20,27184776
com.google.android.apps.googlevoice,4146B2EFE3B75AC4F7442A2DAAE03D527F6703FA634184BFFAF265D85CEB77CB,3271287
com.whatsapp,3A08BDC87F50960A7B81A48AB3B95C7709E13C625AFA7E86EDF90C4451423D66,211921004
org.mozilla.firefox,A3D29ECEA36809087279C33F9159E65DD6403F2F6800A5987F843F25CC7B47E1,2015836707
com.enlightment.voicecallrecorder,59195E579AEBFEB1177D9532B1DB4CFCEE57D160437A2ECB6CF42B54EFDC0D06,155
com.gary.NoTePases,05BCB9BAB33267CBEE258C0D8837EBEB5E993C5015C5C1B0AB60CF2CA14869F2,371
com.azka.browser.anti.blokir,ADD366E5D0F4E85541BC95F6BF9B2E0E525F7412940B482A41CE7C000706AC92,290
com.iMe.android,4EFF11B4F1D85831005A180168C2C12687CD29C735E14C32D1C49EC07521AB1A,810207
pro.whatscan.whatsweb.app,E95449E32F2CB27FEBD8627EBFD0DDE6A284C07B5A2D80CB4646D8F636491EAD,24
com.promessage.message,5B19D02483B3062AF826956F6F3BAFA9779CEBAAAAF5E2549585BE12061C48BA,142
com.tunetalk.jmango.tunetalkimsi,B2D5216DE94E2E1C00A88170EC64903B9D8F6F687172D34F50ACA912793389AB,670
org.torproject.torbrowser,C9A9F88513A09A94A9B95F0A37471626D41EEAB4B57CA18F9619D2D994A15314,2015808979
com.truecallerr.live.mobile.gps.location.finder.callerid.callblocker.caller.tracker,EF4B00771A6787A7E6874AF1E20AB3479AD7829A3CC8D2CACA0D28B862DE4EA0,54
com.rsa.securidapp,C286FA34ED76F2A73D8F597F9666AF820550E35A9E6683D55575A28BC085034B,81
com.bingo.livetalk,AFE68D1E354B42D6CC20E9A8D201788D74DCA89BBC4864686E1F7B835A174180,300053
ca.virginmobile.myaccount.virginmobile,A6AB45216F3753BF388D850D0FD6A3B0093DA6D433D93D3CC12FBBF2A9144676,208
com.sonelli.juicessh,D6EC629543AC8B1C1320C9EAE6D9DFE1BB733DF1C5713C74516F8D02AFF8D2E5,200
com.contapps.android,499273B912E4C1C471DACB2D26AB2D359F48A307E50DB062B2D88E476CB9B354,60220000
com.hsv.freeadblockerbrowser,969D1B711E0DF866D7E11324E9352915D4740A54FE3BCA98517348A905025088,2016123432
com.speaktranslate.tts.speechtotext.voicetyping.translator,F4C75EF9F58D5D7EF406E31D6DC7CBF54BE8FF82AD423963E3DB963781453E67,72
za.co.vodacom.android.app,D06860F29C9CF5BC78A0FC01EFE5951075EF7B4EB9456D5F8D9D589098C13ABF,1000
pl.gadugadu,6CDC4F6AB9733223A8BC87EBB6B982493A081110E1FC3C5AC96C3670A95E2F47,20488
pl.onet.mail,1E85E9F102BA682D3079340A27BD92E121E9E3DB9BE046713BD2A84F30ED3984,2258
mobi.skred.app,BB8744BB474D79B539CBC8C54930B4DE775E2C44796A7EA692BA73300E6F4F91,210
im.thebot.messenger,3BC80D60ACCD86453F7B74835735B07A262AAD2BF702E46485B774F5B45180FB,186
net.tech.world.numberbook,3151833F5DEB179C2D54CFD23A61230607466747BE8D5C593F616AF565EA1EE1,213
me.truecontact.free,D0FE6255BE2BD75E8CB7FC29664C287F8FFBDF65B55754FEC747AF541182455E,585
com.validio.kontaktkarte.dialer,3C12BD5D302E2C607DB308B5DC5F855B6C4536661DD4D15EE1AA405F1ED26BEC,156
com.sec.spp.push,9CB772CF4006BF9071DF3E2D8BACC64181858E7B327919EFF71716F1D5934A55,331300100
u.see.browser.for.uc.browser,1C4F3B01CD4C0432DDD9E0EB2B194D3BC1E381F34A65DCDFE09714D29A0A998D,37
com.github.shadowsocks,AF378123B4F09F35180F49E5B4732873C1495F68FDC0F9CF62CE18532F36A908,5020602
com.jio.web,7A6096A19A71EA45048AE568F2F225CF16EBD5D36B51E98CDD70B724052DE319,183
com.juvomobileinc.tigoshop.sv,1F038D941862CB08CE326D6C47BF62007C8027B9236D06FB0485C77BBE89B76E,470000406
com.whatdir.stickers,CFCEEA58DB4BD4B1CEF9E80BA5A825DA21AF302BD7BBCEB1283F617A9D1CCD28,46
com.vladlee.easyblacklist,D07EBF66009CA2F5A6567E380C54768068F45E5518A0EEC735C51AE73A14D03C,436
com.easycodes.memesbr,88E8AF6A32DCEBD67DA2600A28AEA3EB152646BFB219A60376F664BA9083F59A,205
com.drilens.wamr,07BF59DDC678641BAC87D5A7D0164BC3F7CB720A8AA4067741B8361D14AF31B3,44
com.wephoneapp,B6AD051BBE910F065C81B96FE472DDB8C43E4DF27A84DFFAABDB2B3AF3A67B99,21092817
com.noxgroup.app.browser,2724F2E2E0EDBE6ED21AC700B8838894CB108635CCEA5C54001BB51B07EF526B,200079
new.WAStickerapps.cartoonsanimated.sticker,61BE3D75411BCF3E990C679A65B0AE1569635B8FAEEC02724BFFD9F8A630F4D0,46
com.talkatone.android,42CEADA4E694FBAB0157362A46A3AFA16BA1EE064181EB4B06768764366983DA,2012100917
me.number.app.im,5CBFAD344A2CA9DE9209C585DBACFE601FB9B194F6F1BA3CDA3DD054ADE3A119,220
fr.freemobile.android.vvm,874986EEEAA405364EB7B8674ABFADF4FB2C877E21756F6CE407712C9AAA6D6C,6292
com.muslim_book.muslim_book,28B21CFBD1714278A3CEFB5BB09B22A901C72F409DCFED2F2254F6AEB8991DBC,2033
kr.core.technology.wifi.hotspot,17D878D6615EAF3E67675281A8544150F22E70908C5C5EF7E9970EADE6C1C136,200
tkstudio.autoresponderforwa,11D95F13B098E7493EA3005A07A6C9FEC416498D70DB20954615BF2E1C106C79,207
cl.wom.transformacion.appwommobile,ECC5F85C07EADBFA614FD765A2FC28BFA7EF1D924CD0416FB0F884F0A376291C,139
com.cloudmosa.puffinFree,F4E4AC40315F0869A07A8625CB2B2AE5F4450631E2AC4F6D7B1F5EEB7A9A7969,50898200
com.dolphin.browser.engine,BF07DFAD1649DB7AE9762FBA03864F532405A5D48ED2DB090374D55A170C3C31,210
com.mail.hotmail.outlook.email,0F1D618C9CE552E84BB3FCB3F21057654FAD0F89D69E6F7EE6D4FFF35E5E2D2F,11
com.aleskovacic.messenger,2A6216BE1CCB662814C1183E8599C6885042E8D5660779611DC3328D737E4DFE,150011503
com.jb.gosms.pctheme.newmessengerversion2017,319F4341482BA111844D811E60EB302DD844340608A397875171AE6F0B18B802,180
com.vox.mosippro,D09B2220AAD01E4F4C95D84DEFF8674682E3DB259F7266D725ADD008C3A9CD11,63
com.ace.freevpn,9F7549E9EC9BD142C88E36D61206646B39CE16032483E21036C509EC27768175,264
com.uc.browser.en,E6437FA6D031714B5D73C3C4644B59BC058C167446D9C3F0318C6F7069D61231,258
ch.protonmail.android,34879DD1860BB981080D177F5BCADAF3B666AA26FF18CAACA1A27238263884D0,782
com.syntomo.email,6C61E7A925996B172FFB85BEAEA364075214CA7972A5A8369B2CEFCD350F1EB4,535020
lv.indycall.client,E5EA13DE2C42787D5403BBE445B7442AB757B411265307DB7C02E360E1D06BFC,462
it.pagopa.io.app,80B29A70F517BB8854988A548CEFCF105A09E59059C7821AC1654EE840CCE4E9,10094117
com.verizon.messaging.vzmsgs,F3CD4FBB2005E689ADFEEB85E557897A1F68E3148EC2120910B2F32250CF9321,31099
com.ekaisar.android.eb,C923943AE2745BEE96D5ECD21A7B42D11AA6ECBB71265F1676652F0BEEF046A4,2434310
com.citadini.dev.memescomfrasesbr,958CF2476F5FBA0801E965896CD553987A41A6253C7AC996C6BA4A082B948008,31
com.whatweb.clone,E9FBDD765B5784E9E89963924DD5FFC274C40CD887C43A704DAE9EBB069E0586,53
bg.vivacom.mobile,9FC776E578A7D6CE17A0AC239B7002D67EC3507D4774A3C43ABA7A0848C09348,1101
com.kyivstar.mykyivstar,DB86CC9C73A01003A00271B4C8C860FD011F02579AA73724210A6AB35688F2F2,23296
org.kman.AquaMail,478FFB1DF9FEE2EDE9B455A755EA2CAB488BB67B4C3E7245D9C7EECA5EFCCF7F,103101002
com.ktcccp.videofacetime,4BDFE6EFE4826B01C747794807C5919B622B5005E8995448465F4DA62970B599,29
com.blizzard.messenger,62D2EE39A51EA6606EFBF88E9C45441DDCE6EA4BF9CFBA48145402E9E5B193D5,11500112
com.att.miatt,7455FB6385B3D497C089380E961C0B91828A8D15B88E959A1FE562A294A58F40,76
it.italiaonline.mail,53EC1440E2E4E0922BE4881083DD4864909A5F2BCD73F5D03157DD513543801A,33143
com.catbag.lovemessages,BF262DE72C5E7DEB7C3AEB5425CEE73E5D9B85235ACD64C71F5BD45ECD3D3501,26
com.dish.mydish,85056AF9AD1AB64A3578EF0650767F835368B3D25C19182841B18D1A97BBD18D,3038003
reactivephone.msearch,DB8FD80FD949C71926463F97EFBD92B35ECC52BE3A8D300A802B02211AAEB48B,134
com.plantpurple.wastickerapps.emojidom.free,30B74E80EBDF38375A4A8DB02E8166D8EF9E6A054D3B2DBCB127A6C2FC1A9542,30
org.torproject.android,E96EE6A2E3CC8DDC5322333BF0CD629932845374184FA931BD7F9DCD85F5F3AC,1641300202
com.sfr.android.sfrmail,69DFCB377102599D69996D227AC296E6980F43DFC78ADA52CC92401D3ED0A17D,4303003
com.telos.app.im,824A0F7487E9C4A01201F94E9B0251AB1BB54744E573C144EB07507F708BD0AB,90
com.snrblabs.grooveip,C8AE77B223424A1FCBE1064F63EBC3C6C2C2ECAAC7D94FA133F7F9457838234C,83
callerid.truecaller.trackingnumber.phonenumbertracker.block,E51E59CDAE089BB58990CF183474172BE9E7EE0B662EBA94393F16974F47B262,27
com.antiporn.pornoblock.safebrowser,59A6CDF91A15806EACB24850C599C17B63AA42BEB44CD6B7BCBE22D11784AA2D,1300
com.imo.android.imoimhd,B9A9D449A05A2F430BD6BCCA099AD0666EE98B3EB4D49F9C8008FF293410CEBC,21091018
pl.wp.pocztao2,C26B6A9D58C00CFB49766506A0649293A359088E7A4141B64EE05C63C73E7902,1402071988
com.abtalk.freecall,2F23D71E90465911ADBBA99151223F0C1A3CE870625662415AA23CBCFBC0BECA,11092
flyjam.InstantTraductor,DA57B211BA71FC4FB687C2A8886E77E64DBD294E5D257C1DF225BF6322CDC2AB,79
com.tracfone.straighttalk.myaccount,64B426F44D654E46EF3299E55BE35E25347223713CFA149DB3FAE3847E84B653,5475
com.utternik.utternik,7CB89D9DA4B5C7355D78AFC802E77EA180E01C79B5069B06B226C3936BAFD505,30405
com.dsi.ant.service.socket,0D3F5FAF2E85A3F0932979C4F5F985345D072E1C0693B7494E93B7F1A072FA71,41600
xyz.klinker.messenger,C4FC9D78C04BF0D97B51B32F45059A09B8F3998F5E0A1799E97684B1055BE8DA,2863
org.randomchattalkstrangerieltsspeaking.app,DF16B966DA450034DAE1CD32179A6940FFE9F341DF3D828F084ED2B26615EC8A,210421
pl.wp.wppoczta,5095606FE651441E1743995DF5FECE695F0FC73616A03ACAFEA8E0B983A1872B,1402071988
com.droid.caller.id.phone.number.location,0DAD262FCC67E53E8486B414D9D986EFD73094F695CFC934CBC830E1DB62681F,22
com.handcent.app.nextsms,60A1477A4833B9D02ABAC7355AEA55F4B4A8D3CE403381469500E3059B87B722,40900702
com.mixlr.android,83374179B909D07EC79EF7EBA69FCCA67E636B10642F81F3ECF4720ED3D1B967,1040100
com.kivra.Kivra,EF9886938B3525418DE127316C5A5C46F1BFAA75E7A990ACD2031CA1A124C3FC,23150600
com.mobiles.numberbookdirectory,73EDFB8782AF0BDFA2EBE27FB428654BD4223F0DD1DF3A74441B9798CDC975A2,423
com.turkcaller.numarasorgulama,B0F3A2DEFBF0EC05D657BDECA1408D4FE8266636FEBAAD15F76A656853910F18,562
com.nymgo.android,B9CFE099329F28949D15AD402CEC9A8FFDFD57107BD1ACA8EAA5ECD53EA068E5,70370
com.stickers.tamilandastickers,4E3758F78321185E91504164E19884B75C1FAE7DB78A7E474A0B6FD95AE29073,88
com.proWAStickerApps.stickersemojis.WAStickerApps.emojis,0ECC706CBE00BDD7E2C854654499C99BC39215C37684EA68C436F8EC355DD24A,12
com.bd.livevideochat.randomcall,1AEA7662CB0C23B03F68E4EED4EE02E0079474EA32EA175D4B79ED46F1A7A5F5,27
com.popa.video.status.download,DB1D21C0597CE3D8C17242C6BD086AB536EA8A03C3F4CEA9467F84E7EE66C66E,99
com.openvacs.android.oto,E7D7D4AD6FC837BFF867F62D39F2751DDB6CC130CD86B279F2535919DD27B995,107
nu.tommie.inbrowser,C984AB224B90E0ACDB6B1351047CC3CEF209FB3FC934BF817CFBD7D171855C90,80
com.smartwatch.bluetooth.sync.notifications,25876CDBC2348D7C3E58AC1C1D5B0C3D3E9092953B3B75D7D34D4252C5423074,120
co.golder.me,9DFC0AFAC0CC2F714603D773F9842031424794F050A27F4412DC6A61FDFF4942,20570
com.androidworks.videocalling,AC60A296F559B74917F4618F7990B56E2B39E49094C13D09B14E580161BF339C,300097
com.tmobile.services.nameid,ADF96AE8918991C3921E238F48DD4654EC97D405EAE6BE5904C3D89BBD585616,3378
com.helixdev.onesocial,2565D96D7EC1925A8A46D6D50543B1007269A038BD10A10E221F8109AF3952F5,57
com.dartushinc.callername,6DCFF5821A686DEAAB77CEEB15E00D68005BD9904F855827766A10A316582339,11
com.youmail.android.vvm,1D75A9F02E56FE7737A194B90DED45EF1E85167F4E91936413AF607C84C93CB9,12431
park.outlook.sign.in.client,29628B2B0678289EC57834EB074C72768452A8DE8883E76FBEA614C1E4DD10BC,34584
com.killermobile.totalrecall,B247E8D0B9FC32D3870CDEEE9365A99A0F30C51C287F434E52BEF2ED6DE438F9,100
com.att.miunefonmx,2009B64F507F4CBFC0AFDA8A4A7DE38D75D8B6015C0C04871688BB377D55A317,43
com.WAStickerApps.love,1256FA582DAB908C45E86A09DBB49F0C8F4F1A1B678D7067FDBB0B5FE8ED63AE,7
ar.com.personal,701DECBDFDE4D17C24B5182D4BFE1CDD1C207071916982054CAA34B821D85C48,10003
com.rimnicapgrt.org,508E1AD624523223E49A068DD82A06521E03A8575671357DF7667C363C56AC2A,34860
free.call.international.phone.calling,BC79924CA1F09B7544AA94A6F26FB72D7B5FE2DCF2F53834B5B5910F3C6F21B4,182
ru.tinkoff.mvno,28A9C3628EDBCBE8286CB3D0E1261F13AEB90BD373DFCA298174471DE3AB6D8C,1177
com.imessage.text.ios,12FD8519A76DA5A868E974AF794FBC1EA86FF9651CEA6F1232F3D184A348866A,93
com.dartit.RTcabinet,D4B5730E254961FEA1F21577E2E0BA7BA224ED5537766A55612D84A5C5F7969B,2052301
com.tracfone.tracfone.myaccount,13A73E47D429114081957FD854B52CE92038D6D17F93814EA510822EBB181B8C,5475
com.jb.gosms.theme.sweet,14057311B334884C302704E95EECAD625283551EF015C3DCD57F699232F6B053,1
com.att.android.tablet.attmessages,1465032D1B2224516808206595070F4BF93CE3A69A439A39D23B329DBEC7F44E,658
com.speaktranslate.englishalllanguaguestranslator.ivoicetranslation,5BD2EFF638F3403EDC682C4464C9161D767CA71340BD2A68936CFB1614EE784A,2027
com.glowapps.memestickerswhatsapp,77254AB89C481B611BECCF623B39E2DA41F11EC8983786BCEC2ECC4B30481A19,109
info.indiapost,14F79086897E8B2C2005CAE3D4E7D1534EED3CAF76F6A924B28C7F7538CCA299,48
com.pdanet,7026DCD80ACB5888916ACD24A6A0047D6057C24304DFFD096F379668075F6C9E,5232
com.adhoclabs.burner,F14B22087AB94ABD4CDBAD6DF1061C62473E57C406880A938B54352E84A6AAF5,1004
com.ayoba.ayoba,28C29A77B65ED7E8424CAECF2BB0C6299AE78F27A70824781B9B28B8CDCDD18C,420200
com.jio.rilconferences,BA0B50D26ECF72935F9A4A2EB1CC669E86944DA11FCE90A816EDB0F46484A4DC,304216
com.freedompop.ott,6931997BD22AAD3EBC18562E18E93481921CD1F66F96E2B2D18234077D60AAE5,260130000
tl.mrmobogram.com,5359DB263F46F725539263BA5BDFC26122EB2F93262F1DA8B312D73512A60AD5,201460
org.jitsi.meet,19658E5E8499F5B068207B5402A63709CFA143A923074941DC43790A334E41CC,8662254
com.magic.wastickerapps.whatsapp.stickers,9F993D213F5C8CD7485B8C32B2019FE3334FF80FE7D665F6839212DEE0E5E21C,11
indian.browser.indianbrowser,7BB2343041429BEC36FD48B69FEF17CA87A7377323CAEBA77234B6DC329E8B8A,45
com.orange.vvm,1F2A7B5839CF856DC4C7EC2AA292392BC848A9B07BA3593D115EAC1F708A3158,40500056
com.speakandtranslate.voicetranslator.alllanguages,C4D5E6C4ADAB0A2466E3F79A83955EDE9B99EE4DDCAC5109853CD1E1F139C788,53
ru.vsms,8BCFEE5398B6DFAB95709FD632A5E688F5F051351FC88F551325106733414232,48
com.personal.sticker.maker.wastickerapps,3AB79E508CF9591CC2F655E8FA7A9DCFBA2B6ACD57F0FDB5A611410C53AF4857,70
com.opera.gx,C34E0BC9F9BB901AE199897A9D3ACD62EE5C348F15B8067D81EE1E9F82F54FA3,24
com.nhn.android.mail,5E707A051F4B2B7A028151C8E5046ADF1EBDC78E966CFB1B4CF29B4DC19238F9,2020500
com.imo.android.imous,9BF56365DD6912CF4FED05EA4D43F5B31134E7B705DE32ED2E2F042F74489D56,2011
com.monogramm.sr,B1E27E608F324B0D7B1E67A7547B7716448604F2C2448EB53BF929C0957D50DB,23109
pl.interia.poczta_next,7D381030AAD414DFCE941C7AA5717E5364428EDBA94217E2DF46A478B11F4D25,1900020839
sms.mms.messages.text.free,932894784142188FBB06C5287C0881192AD1566A3495D14466FD9E21A8B29E4E,1780000999
com.mobiu.browser,B95492A68F7A365EED96CF6D4D1065F3697F9EB312B9FF098FE45B867057DBA2,1012707
com.skitto,643B3B321C4A8FCD590032251E8853D4E96CB86B271541B8A490E5B59DD09748,65
com.nuumara.numarasorgulama,E546EF8258699D2905379E5036A8D0E793CA3E9A1CCF16C856CC4DC0A8443469,566
com.couchgram.privacycall,45358BC41A396846DA83E73AEBA3C0DE4D16B2B89DBFC28438A8480ADC82D76A,15400104
us.acremote.tools4tv,AFCB164A4AE59FCEEDA950CB950D5EB3A522BAC2E84C56F3D56255DF5C51D3C4,6
com.flowerstickers.wastickerapps,2050A12DD4B6CFCD6AA7E351A64D37824681F610B59F7C52410442139053F974,14
sa.jawwy.app2,8D389D1E6BCDFAE3415931614D3E4EFC7F7C7B3FCEFF88A65D267216F252AF7C,410029500
com.sh.smart.caller,49F6F239C18E55DA3A0B82FCDC4E8608918560AA96530520EAE9DE34C739D268,24
com.firebreak.whatsclonemessenger,92A8D9F0451F1C8627FA252000DF0FC35AACB1889D6B7A6B7ABC21D485F26574,11
com.viettel.mocha.app,4E111F4AF9639E3D03EE60AD61EA51CEAD42B2A1CFDF7054A6EE71AA6C4932D6,1370
com.free.wireless.hack.network.connection.hotspot.password.wifi,D1150644F6FEAE3F4242662D550CD3A2A7577FA5DB1E14E5D95E933FDCC14E11,100031
org.adblockplus.adblockplussbrowser,D29459F11835093581CCDC6952977E332405BD84CAB91E9149268A2DCF23B245,18
com.rms.live.mobilelocation.calculatedistance.trackmylocation.gpscoordinates.findplaces.getlocation,F3271887900369D5E0C8D269198F869A1BB725741E0699CA409A3BB31D1BDB85,21
com.bestfreewifi.wifihotspot1,30319605BD4F4620586E00C2316B118E82813675A77D3607191B50A3DD4F4FD6,100049
com.tohsoft.mail.email.emailclient,928CCFB2CE1357A3F35E15A51A2B6AE5E68B3E69A6D1D238611B5C25B3BDCB55,63
com.turkcell.yaani,51080B424F1CD294BEDE01F1770BCB6BA91C47B275707ED79381A270CDEA4EBA,50000844
com.guca.whatssemcontato,26B03847A7CB121364B814AD7B94348472B7078BD5155375720FDB2B901CC594,12
com.easyway.freewifi,406BB32CD4721CACCF463906703D7652329964A1731CC9448BB4CCFBB02C170C,20
com.picmax.wemoji,2956DE53551D6FD62F506AD4D0BAC774B6A16CE289331475BFB46EE4D512615D,11
com.mobile.number.locator.phone.gps.map,53EBC2B685DEA5734EACB3CED710B0574A42BCB430D742C21862A24355406F91,23
com.aironlabs.whatwebplus,2A55E7F3B0C5E09B6DC48385820F4C73CD452AD30D83A26660F17DC172AC697C,17
es.vodafone.mobile.mivodafone,2AA6A10062A508889BEF67F3B44A4DC70BA10BC9821088D4BD9AE50F5A645DDE,148
com.vt.love.photo.frame,2C2564B9F29823BBDE1FAA11FF9B37E5E18FB4D04FDF1E3CC3949DC05F197E08,6
com.clay.redtritium,2DD68C3F1840A19797D315FE8053B140D0903D8FC4E50933A9D4501059D5BC1E,1050056
com.mobo.filtertel,C6700AE378746033DC8726FF4FCC3694D2E8CF3BFF4A179681C56DD84D636278,740
com.esealed.dalily,627CBC67DA845B1394A080649E8F48E59E308182878EEA74CC2CB201AD94D273,155
com.loveshayarisn,789675CC821AB9BCB62F2114A2B88C80FE4F22BDA897049D17525A26CA32C348,13
com.truemobile.caller.location.callerid,334EE81636A923972E50C6C5F2312CF27F7F06BCB74F69716E08436E2A0BDF98,21
com.ktix007.talk,98618A3924C37AEBE35691C1DC5350CDD5670E7585A1D86078501F28982446DC,235
com.libyaphoneguide.showcallername,7CCEFBA7C1B7E2B0162C0AD0F4D3637AE1D68E251A0D21732FC28D950256926B,22
spanish.stickers.wastickerapps,BB5CD3F6DB01A7E959827A1984F1EFCE5364900C65F57A4A54479949C6405851,102
org.prowl.torquefree,AE6262945CD2FB75CE0376B12ED1939DC746E2BF1E7E2825C922B6B947ACC163,1222
com.catbag.messages,B3847EF58239BB2B5FC28CA8F83F900DD3AA3D5B1A725835C0AF6E7FCF40C70F,13
com.tencent.mobileqq,76F72E9942F912292A19888F79C153975723155C064EC18DE231F66B1641CCDC,1380
www.extremedroid.com.a4gltetoolkit,E2A4162CF9ABA5F9DFB429D30BB67A7ED6BDBD4A4A726C9E9B62446ABF2165DB,10
jp.xrea.poca.antennapict,45E92FA0E0FB2C0E03FE3D0F14001CF4761F7F9FB4BB931C20072585C0848059,24
com.att.callprotect,45EAAA2B7D13FFDD79A4CDFFDCA5FD9C879D7B33999B147D34A13622CF319BC9,327000
com.studiokuma.callfilter,519BC9F178D3457FA336AF66E38BA6A6EF746D4A36788C52DBCDCD211C257771,61
com.elgramert.org,CF1BC70E862C9B3AF0075BC1D1A9DB206C6D58BCE1C355F8F1FB81924044373F,22739
com.micromaxinfo.browser,7866A031CEE041F0715B4CA637B0ABC675A6765DC27D5AE24E1B1DFDBE67C41A,188
co.cheetah.gram,7F4B23FEF602BB80E2E7B47F7F59DA9175842437CEC119012D0F975B03DABBE1,5600
com.wifi.hotspot,ACC5E2CAB6CB06634375E7CFB032E86351178E5EC33D510411EFEC79804CF733,100
com.osmino.wifispot,E4F8F22A57C99379620D15396C78173045C345C3A595C23750FBB1722274F2CD,100804
quick.browser.secure,4FD6A972416A6D413AA2C79BE2CD39253CD257D4E79EBEFCBF849F887DAD222C,24
com.sungeram.app,B5245EDF0B41B00C9C64ED65FB09D89CBF681CC76ACD3DF1E0572CEA6DE776FE,300200
com.services.movistar.ar,E6550C9B96E3A400A8A3A378F4E0E6E102F8B6A3420E1473A3FC5CE3AC1DC95C,412110642
com.talpa.hibrowser,D8207D34C9E7510EDD4DA7823E1ED92B1A3253E992756B2CA93791D31A24557E,2001022
com.contapps.android.messaging,5BAA09B9BF653ACD9880694F92C0756872EE324DEC52E37989C6664D4E3B644C,5280000
com.google.android.accessibility.soundamplifier,8C47CB079E291037066DE5E21D0A9231AEA86E98106F2838B8586C223EA25B06,51857
com.brilliant.connect.com.bd,DE823B5BAD16E61CD503AA3FC656696FA20BB8A5A02F512E23575C4248079524,194
mx.weex.ss,6161EDBA51BA5B66254D183492C2F596FC8CC0803A9DE71735A685F2C212E1FB,61
com.caller.id.location.gps.maps.phone.number.tracker.mobile.locator,C4F291C76ABBBC20C852832695318CEEA90043F9E6254BC9AFB8946FC366DC9E,23
com.proWAStickerApps.memesmexicanos.stickersmexico,E0616AE5871B634BCED2A9840A55E8AEEF50A76804123C09FBFE0DD53342CE6F,16
com.movistarmx.mx.app,704055C1FEDE6E5474C0671871ED6E0293B6B397997D03B2B7289E723CE6ED72,20069
com.WAStickerApps.lovestickersticker,D0D998E8799C8A1F4F8E76057B632DD8073D273E84D79801B856A048FCE04847,7
com.vinsmart.messaging,854E57815CFEA7DA3AB72149756F4FCA6C3DAE38B1EA019F14CE766D50A65F13,10707
com.majedev.superbeam,FF73BA80CA866AFB3C691F62F0875025BA172F1ED1D631D298A98A31B6C6EAC3,5008
com.asus.contacts,A2BF1382BB2961A6BFD306D3E47ADF0BA2237A4270BDEF2D8EA07C6E06E05646,1520000094
com.af.waradar,A4334446440800670D296E243451451C53ADE6AE181F8DF7C1C85AC9F758E9BD,23
customstickermaker.whatsappstickers.personalstickersforwhatsapp,B70D4DA53090B7A43F6EC6BDA96864B085628A2DB5CDC266AF2553434FE5E4CF,8
com.comcast.hsf,DC850F77535AFCA0AA763312D8DEAC348962078483962EBBE54547A668CE0519,912
org.connectbot,BB62E494CBAF8BCD934AA84EAEB0526C104CEB5571080BA0450CF6B93BA68DCC,10906000
com.vinsmart.contacts,E1A495D7240190D71AA317C8286B0A3262A199B10524653D947C93A8927EACD7,10219
