package,sha256,vercodecom.cougardating.cougard,C12A3F295FF0A7295BD9D8C495736E827A79963E53612312229148961888E260,15
com.ipart.android,35BD743A56A13A5C8071A612863CE44550B7637C660C6FBCDF45F34D747E5564,1218
me.fup.joyapp,F9EE43417126CB39D00736001776AB7EBBD054C0DF7E8B87147110E11F009B2B,3104
com.davis.justdating,6D88C5BDA76B196C4BFE807F67FD0F2D831FF5BDD5D860B570B7AD17F4AC426E,214
com.bang.bangwithfriends,DA4BE932C5DD77ED0A64F7F67A02260645B34A950972D3EFDB3AB09494DE53E3,387
love.waiter.android,6F90E26B6635B8E8904456423A418A60683137249E2406F27A5C32E7577F674A,172
com.soudfa,36B762148F93FAC926BBA88F2584F0D061AB81ECEE74DED6A77976853757EE2E,210828
com.harmonika,BBC9DBB3F59CC795F505B1BC706BC104623073C489BF0846760769BE459BBF9A,4196909
com.evermatch,F0A733A1D8862010901F831C4DB0E7004A066FFEB77B417F0D8C42BC5C19309C,344
com.roomco.android,DB5A99CFCEDB9F47ED34FCA0E294428BD37D36DD559969BA881951023243B169,325
com.dating.android,31560B8605302DA09BF1BF16466AED7FF298D1052180549B9BC62F8D0E9508BA,55198
emotion.onekm,E2F2884A738BA945B9D413B7031F690A4796A732137F5653436404964B34B4C4,12604
ru.loveplanet.app,F9E7227EB383DDF98CB10396ACCFEDBA51BD29F719D3EDCA469D76C645E154FD,300009932
com.dating.justshe,83B2B580EDE6438636E074389B8C5C785F785503631788BDB7F3FF0902EE54C4,146
arab.chatweb.online,981BB5036D177B69C0EF294DFD8F0E227936C5004A1918BC60AF2D5202962636,75
com.app.vox,8BFCAC02CE9FF3959523C1F343DDC812CABADF5AE2E1EAEA4BD8CBBFAC8B4EA2,2107
com.veggly,39DF726EFA4DAB211A179FF412DF43591F4EB74EE3F54F15C6812CA5318ABA34,99
co.hinge.app,A02A2B6F57673D4833E062756AC033612A62CD0ACC74DF2A95F0021103A5B144,163338068
net.ilius.android.meetic,35B2F440F5A2914246457E7A50037CBFD26219E2E93A443B159EDC6618827912,55902
com.cougardating.olderwomendating,B1A6599FFB7DB8E606B2D4F8944959380F09E0BEF9721E3C48FBB3AB04C4049E,100213
com.successfulmatch.seniormatchdating,D6CC722D54AC3D07198B2157CB070D2C99C573F07377D909A6921C7C343F5C48,400147
singles420.entrision.com.singles420,CA53151E8FE62FB736BF446D2EBCFC4F765942814F44EA6FE4D597729C5FA71C,143
com.buzzarab.buzzarab,58B4708122B41488754E9D7210D0BCFC4455989C2541BDF83C9808D54F5437BF,405
ru.fotostrana.sweetmeet,7B31A799C0253E9347FFA56699A588EBB4D13DF765533DDAB9605CAFCE1A7202,910
com.over.seniors,205CD1CFEC06CD494CAC7C0A3C4839D4B03C82F2D3F69170C829D855CB727B4F,202109300
com.irihon.katalkcapturer,B34100C969E13770684305CCC5B02F4E4827D24B46F0039E86E9800D22898425,343
com.tijari.telecom.mesyarcom,129175BE6029E22B3D122D3BE2CE3F3008C011B9A6AD7D7905FEA3A9206D92EF,66
com.cupidmedia.wrapper.latinamericancupid,1E07E4F16D407C3B58396D9BEE97F67781355EFD82586DEB55CE496D48941CAA,42103407
com.ashleymadison.mobile,2308ACE975E839974F3B91D97A98C8906FC13ECCCCBE5DA131EB6FA217DECE01,703
com.elitask.elitask,E86254F201514770ED0950C8D8956F925A1182E520CFF08E3B5D141765CBA2AD,111
com.msd.community,242C085EFC2CDB6BC916779D78360AE2C46CE30BF9DAA100926D95A7CD35C30C,78
com.muzmatch.muzmatchapp,B21563DD1915D682E84288F58E24FC69E61AFBCDF18B1BCBDB52886D76DD05C2,500002625
com.golivechat.ahlan.random.livechat.wawa,4F28AE38A0B9827A56AB1D504DA7273BD53956EDD3ED66D8A9B744271C93BEBA,16
com.woo,B98FAF7A216EB2B6F320F5FF7391070008DA1018370DDE71C9FCE27F30903EF3,201
com.mdd.dating,C531C39B3852487D82E3B3D4010EA33AF8A6A1A3AF7E1E1945EFF00CC1011BB5,50
kr.asiandate.thai,395400B8A214676A74E81BD9DD55C6FC4CB9D140779CD29C8E161A8B404A9AAE,82
com.blendr.mobile,6DC56F48F0D78D8492FE50478D33340ACDDA40BD5E5767FD9A6D98F913C656F8,4033
com.datemyage,F1FF4F37385517A09C20D8DFBFDBDCA23E0F12F242C6C0471BFDAC953CECD95F,51251
com.parship.android,77EE5856B6B9C28D38E700555F35BB87F9B56C2F9D699D29D77E144F436A5FF0,2021090702
ru.mobstudio.andgalaxy,594DE827791EAB99F42A803E59CF9D37FFFA81ACE040759F030CDD8E5071949D,9050900
com.ihappydate,4BE143C452F44E7B8724DC6CE997F960FC577D6B9DE89B2F98C708857FFEA495,60
app.threesome.dating,FF08732F9F44AA65D585BE0CB42CAC99F84F7519FFC4DD66D06197F9F15EEC30,47
com.okcupid.okcupid,C297AB5CC76FC30A8EC0A8B4368FEA338E1B8D1E3E3D908123373B42BE6E317C,4750
com.hugavenue.app,1552FA3780B0DBF3A8FD5AD51B79AEA79A3596BF44DD7DD7BD79A6B7EBF6A4D0,127
com.heeyoung.whisper,5F2268DAD8A90B28554AF40CB3ACED7DBD2ABEDABE5BC698D3F322C9FAA11754,217
com.wapoapp,4191F71249CFBAD39B0C63E2694BFCAFC5B878039DEDBBB566B5AEC444CEB740,138002
com.lesbian.chat,F0970D42020F6D6A8AAE8FBE871A2BECBCBDF55AD1DFFFD00119BD82B345793A,120
de.yalwa.hashtagdating,499B199CD5D91DA072739A877338851ACD2EB6BB60925507F3084896362DAA41,4232
com.luxypro,15F0E6955ACA04CCCA4B30D8DD12667C346E22FB01123F16C44A58A5B5B693A2,625
com.cfishes.christiandating,00DE79A8A78D89BF9F46EAA08ADF083EC3901BD8A05357DA3D2278859641D57D,24
chat.meet.date.me,317EF47998C631F86C89F900E3746F0DC4B622D4178882854EA8083688DEBF61,2263
kinjal.info.sareesdesign,EEF069A0007086A04B19F7617383443C7CFE5C1A834571F599A1C92712D2DE09,105
com.wildec.dating.meet4u,966FC8995914F7A508544AC96DB3C4737685C5495AC9714F7A5E28ED3CA81CBF,118
com.badoo.mobile,568B547A36E0415929F5C973ECBF321D1DFDE529C8E3C143F42B8E85E2632D39,4027
com.wildec.fastmeet,74132B4F2467627B39618CD9401AAD15BAA80C70379354F29E80E439E0270191,104
com.brotechllc.thebroapp,02CC0DA259FBF12EC3B9AFE81F729BED7AD9CB6EEC0A29C7C55949B6892D1C32,110
com.peoplemedia.ourtime,E65D48B227C214E63C5E0E218039FFD9FC03589B39DB482EC5BB813F2629DF58,881
de.mobiletrend.lovidoo,81108E96E67E5BBDE86BD9816786420B99BFF8F08D59A1BF486C916424017F1C,14130378
com.infostream.seekingarrangement,D0179C2F80ADCAB818F4BCEE7A793EDD06957451925729094DA60C2C1261784C,253
com.meet.mature,469CDC5688EF1499542D42A44F5AD789E573BF0B9FA7522EE66ED9C2B5B05DEE,202109300
com.aff.randivonal,91C40C40F824A584C070605A9753B1C87ECEEF7AF5820567F7D6948A3B78FC90,5000231
com.neenbo,5A433E386922FB0FBF6238BFE1F253EB926181AD7C8B79E5D8A89FABF00051EF,456
com.hily.app,A411AAD4B5B8305CFDFDC6843C69449ABB15A6389FEF97958ADDCE149EA82E5A,289
com.bsapps.randomchat,FF9D62CB72022A4C8FA51AFEE843F31C5E98730DBCEB65994470353FB8D4D61D,30
com.dately,6C9740DAA908CA2473D49142B4041E810AD64DA73CDC92778C495BE05BFA562D,421
com.dating.threefan,101F3802276F7EE1D17052B17C7E23BEE8D4EBA59A2BF81D802E55944998A985,13
ru.mylove.dating,5988170272D6D87AC8CABA3BE28EA94E4052C719DF8175A060812063E1ECE9BA,112860
ru.chocoapp.app,5C09E4B7554073CE003582BEF99D97B757592E0EFD2621C751048FC8FED73C4B,1046
com.jaumo.casual,C74FC67AD13C8EC90DD6A923F699CEAD9120C444357E5F2C3E4EB1D6CA5A5A39,100038
dating.app.chat.flirt.wgbcv,0D2AAF00554DBE6707F82475E64F98181B6D351127AA9DAB18D2EA41F6291DEE,159300
media.media1e1a.arkadaslik,671E5B9E6DE74A5361F37860CBBA3B9877CD31B8553BAC5E11D5FEEEF9FB015D,52
com.lavinsta.lavinsta,9D1A5839C0D09691E1A585F3220DEC012CDB46CBD0030077080052E799907220,45
com.random.chat.app,0E969204949D966F2C91AA331C44E75707ADFD1AD6754A6908913244D9F5861D,177
com.eatme.eatgether,E2E7E4F448B35A2B57DFE00B5624F35657CB620544F29ADBD7863DFD1BED6764,463
com.cupidmedia.wrapper.ukrainedate,D6744701D4BF89F11CC6E994221D80AAD0803A77F8588A183A0438C0B536B827,42103407
cdff.mobileapp,DF2E634433C60FDF21FB3610E767C4164359C667DA88E144F9011F40F1CDBBBB,150
dating.inmessage.net,445BCE93F5C9C31ADC2DA347C0BFE10FDE40FDFBBABBE2056DFAB32BAEF09857,11
com.aimdate.thaiflirting,A0835C7A48781E26A0D7CC8E1B66C48E782BDD39787B95FE41D08B6C45095FC8,10704
com.mason.wooplus,A9C4E17C7D13258D59A41164BEEE7B56C47D81F91F5F6234749ECCACC7B85F4E,4831
com.pembepanjur,06B5C227A958B1EDFA545B52737503C08440CA8460BF25F4C309B26B4AAA910E,60062
com.AmorEsporadico.QC,8A27350BF4CD2203A331985B6AEEAB10A905E43F44CA1C1A9BF1A62F1F8AB66C,20303
com.youwibe,4B3AC6339891DFECA3CA60F4152B295217929B55EC33375686B15B89A6E08E0A,519
co.feeld,9F7BF763D613C2B890B3E270F23A9634D43B545B8D56056C0FE4521A073DDC95,488
com.yuemeapp.android,A59C810A28CCB2C03798059131F53A20C0B577424E6A916BCCC8389745093122,15
com.cupidmedia.wrapper.muslima,03E3A974D02F1FC00C1F79E15CE799F898400CB6476D4C72D097B95580205F75,42103407
com.vanillabridge.app,94A7A0783B22AB62A3ECD3BBB0544E986E4D87BD1E007E830A0B3A16E6A40AE7,120
com.bumble.app,EF877C714C5295D1A81E6BF8F06D39A2CFB897DB10672CEBF26A87987F144C21,2562
com.random.chattt,2CEF3719EB68BE8BA3FE7297552F80AAB0AC9E2422D7016DCA30151CAD5B9053,4194354
com.chance.dating,36E417497B841866B1B4034A761D3ECBBE1A7D8024F491A5371ED77EA28B965E,44
com.koko.dating.chat,0696C5DF1A167D5277DF6AFF0810EF5ACA3C3E7A798D5F4ED2EDFAA03084EE59,2431
com.sweetringplus.android,80CD6A23AD95CEBEB554D906321320B247C0177C160A2CCEC18DF1A934EED98C,178
com.interconmedia.whatschat,8F75BDAEF0D40A00D8C0040BF212530645042255C7FFD3589098723318E459B2,52
com.videochat.dateu.online,0BDEB2157067780ECB133F1536FAE4034C100CD47D537BDE73273B2A3826856B,98
com.eastmeeteast.eme_android,3201F96D70F9A95019374629982848AB61E829A6F8623FCF1258979C4996156E,364
co.lucky.hookup,AFFB43F5B113D8E59F736D1CAF0EFFB3F00109B339A4C0B67C9E488829F9D634,280
mingle.android.mingle2,E7D4FC588F0B23782D21F0699C1C75BB00843CD061B29B5D187DBB8800FBEFF8,212
com.arike.app,F5F215675FB1701016CA2E57881CE2385A2BB67A7F6FE7D342F530D22889FCB2,36
com.eharmony,A900F36C6B3AF11A6E74B9427BB4B6AEACE5E299E106F85E4F27FF082F80608F,2021090702
com.itonline.anastasiadate,2987165A84C02241D2C440870D1ED1827145487462EF3A17F6680E30CDA77665,26231
kr.jungrammer.ranchat,08429B3C482BBFA8C8A18E3709C793EE35432E7711EEC89AEFB6804C757AE64D,417015
com.cdate.android,1149E73E8323015CE05E25CE293F3A30404B54940B532230B96CE85FBFED2DCF,1439
com.dkgohil.mixnames,EEBB6F544EDBB388C474AC8F6016C681272A00F4DF3FDF733227A1FB00CD4B4E,75
com.jaumo.mature,70281C891357143FF72B1A29D7C2993E4D48D32AF5273FB624CEEACD0F7880EF,100038
su.xdesign.skylove,1D76F39845150485E02397534CAC6D7A9DA6AA1021AD13BCED8E569F0DB31DB7,358
com.ltservices.mektoube,106DAD300A1BCA24E1A489B161F5561E1252A67B9AF60AA5C15FD4E0AD4DE09B,512
com.match.android.matchmobile,0CAC86F95039FB18B5E0E4AB9B97FA9D7F3C65B3750D0A24B1EC7B913602040F,332
com.newarabchat.nac,1360060A2725016E3938D7CBA5225A6435353011A8D40B509512BCF007AA6F62,706
com.cupichat.android,3123F327983E175201C589BB9D7E7D97E30F968B48DEDA610A1F6E26648D2DC5,89
com.coffeemeetsbagel,0ABBE0465DEF9D493349929355C2895153B3264FD99C71E675D6D980BCF7F34E,4480
com.olosho.olosho,9B241D7E445F7356B9412D60CAFBAB969F48727534E141214B45A8063E85FB76,74
com.choiceoflove.dating,05CAAABC5BBF68F382AAFAEF85B3C8CBDBA98BE97044108CAAFCD4B93E6C149D,1600476
com.one.goodnight,9F9835DB6ADBAE37BF699334F181B6CAB1BF76D7A41836731BC91D33A6C42195,509
im.twogo.godroid,FA3B4B138EA3F4A4C75206A4EF6A09340320A4AE6AF416A40C9077F80431334B,16150052
com.dartushinc.videocall,0E110CB779B75E66F79622C4EA63769E3FB344E5BED04352814FD040EEB6ECC5,4053
com.sisomobile.android.dating.doodoo,20390A9D72F46E7A1CD174A94CC178590802F902EFD0778F1A0C235740D95C62,45
com.flirtini,794A2E745D6E04C689E09FBC26C247933FD2FAE6E4E8783F5F2AE913728B1012,2300
com.trandrapp.trandr,F6B7E485EF5F7F4211338C644160A5D7DF602BE4E5AE9AD9693C7BEF37D85FE1,34
com.mequeres,D1E5189C9B65F6A73C51B32F6DB775DD8BA0A753E75DF4DB006D18D6570AA8E8,158
com.idealmatch.idma,2AAE8A358EE2C88091FDD0AE29B47CC1CE3362A930C7E2641FC5EC86446120A1,3486
com.omnisynth.monchat,0313EBD8D9E2EC2CCB3BC318C2596A508DFA39A15BBA8BFA53EDBDFAB641F071,10257210
com.two_love.app,CFF2941DDF6498F5D3E553E3102215AE93A94612E4C451E15F762573EA137C9C,179
mobi.skyrock.Smax,51A1ACCD6E54747466C97FCB276CF6136FA36D11EC6A34355B67C118AB48B9C5,1866
com.cupidmedia.wrapper.brazilcupid,4E713FB2F2EF196ABB14937612B2C8522BF136A05E3C7D4C383DE08FD0632C2D,42103407
com.appspartner.iflirts,C36D460581EBD3AFA9F202EEFBE95D37C5C0F869A6DE4B495F9CA3A07137BFE9,53
ru.tabor.search,97BF905DD579C490A75002C78DF600E6BC7DA3FA5175EA49CD43860B53EE8B1D,16020205
com.meupatrocinio.dating,9A14B47E3E4815A941C83F038CC67120A74A459F916B2C6F663A45419437CE6B,35
com.icatched,D9550ADA35CB376CDE92B678034B72B1F9EA13141AC56D063CD496464E9FF3DB,4194519
com.eurodate,C8AACFDFBBC5014CA1538ECC5283580BE263B2E5C249E2199524BCFD2ED3E0E2,51251
com.hotornot.app,6D87A4AB6ED15DE3754E103E1BD489B2089E05AA9D725A4B5EF47987F6B36536,4027
com.zoosk.zoosk,0A78C4BF822E68C59015EDB56D155EB82262D5891B4A7DD483C44809287D5A37,620
com.strangers.chat_developers.strangerschatapp,D656DFBA5BF4C81A4579E8A1A686C44EE01E143A5007C22B15AF3F2F414EAFDF,177
com.boranuonline.idates,1FE3DB6948CB4EA59FA1C07B8726DA8461F984FEF54CB954C95C5E8D3B3F2D51,140
com.wildec.meet24,6F348429BFA87AD4B695D7933246DC37E18C293B40347CBB65DA9278C1586CB6,207
com.antiland,BDD60A731BE9B84D1946439218706ECEDA80928995142BF59852DAA58A096D08,7017
com.spark.com.silversingles.app,69666F0721B5EF4DEF05BDA129AA03A3063334B57856B6D13171FBB1EA5C763D,1005261
com.francekarima.dating,3C83BF01A777B64C68AF39C3878EDD1A4C9B288B18BE5C6FB4CC4E54B7D354B6,17
com.chinalove,76288F15209570F62A4475AB1B7A295B9936303408C0F10FD1C5EFA7A36AC354,55319
com.league.theleague,436B1C82EA30964A53BC08F500602809859E4EA8F2660B3D2974E877D4894E2A,1230
com.meetville.dating,DDC407144DD9CCDA021BDAB7ED245AD8CCF9459000368CA703E29D00A395ACCF,222
co.dilmil.android,7CF46BEA63AC30246499DB31A43620773344A548740F02A0DA581B39A0918ACB,2026041403
com.virgoplay.tchat.weezchat,038A939C9C6A173342E45D73BDB73F68DAAABAC496ABD70D57634A9E00AFCB7E,102
com.sudy.cougar,689676A1E35B416B82205FF7216A0730F2FDBDE14C5B2EE16AD3A02957690D97,35
pl.fotka.app,FF368747013F49E3DDDAB4E4137DC6ED774F503C28B78A6E6603FA503B2B497F,117121354
com.meetlove.dating,C2CFCFEFAC648B2C45B7B9127D1EA77956BE0F6263413E9429327C9E7EC4615F,26
ru.taboo.app,37B12DDD7F9EA6FB993A56C422F8C98E04D1A59B7DA023FA9A0092E32281225C,155
com.hellomarket.chat,7E6F069BD34930A51CD5628D95DCB4186A37A84AAB1317E01C7A5C0ECEC704A4,293
chat.divorcedatingandmatch,C22B2EB3DFDEF15FA327E9FB7F7E737497CD0516617DE6277C6432481B7CE7EA,193
kr.jungrammer.randomchat,0A058E2B008584F1570F56AAF9BCEC40F2E01207127B3DC309449C88B719023F,417015
com.sudy.dating,3E52D2CD10C3CF9B93B6BB03AFD605E67E462F42D94AC7D1CB2B3A14F60C624D,145
com.affinityapps.twozerofour,A03BA7B377EB9BF3D18937940C8AED460233EABB60B78A8D823167FC43B9F00F,1187
de.affinitas.za.co.elitesingles.and,086EEE7BCA85FCF276DA42E1965CDB1B8099AF6A15E8881F3C46114BE37298B1,1005261
com.mobile.live.video.calls.make.newfriends.sn.random,4C4657CFA4AA86271881A12CEB96F1FF17E07965A7DA6E08FE8A7C683D0DDD0A,14
com.free.date.dating,49B38387EA123FBA33A2A5AE5D0EE4951BE6CDC84169D9D26FC244F783EFE293,30001
com.mutualapp,96CCE7690847BD392D027D89172D853F041BAD4C356FFCB7A69E96CE242A36CC,1380603
fire.ting.fireting.chat,95A5DC163491A086144C9F06B88E7DD794B1E1B0BCC96DD1901C67671824B7FD,22
chat.girlsonline,DA73EB6BD7B673254FABBF783287105CBDE281B70F75D0176FE85188B6E7F0B8,65
ru.teamo.teamoapp,283B8DD0F12D0B81A36DF545F01F2D362FC79F1268494FDFF734DEB444E65336,110
com.socialnetwork.hookupsapp,79F27E9E1B778B3530DFE2F93B5531414BD87F2004BDF16D65AB02A833AC2EDE,19
com.matchlatam.matchlatamapp,0A2F9F0FD4D659DB01146100B5F933AAA13643B56A5C918206CFDE9388C24B3F,36
ru.photostrana.mobile,0EAA8F316AE3B37437CAF6C08B2D4A88F08AC03E8210EA5CCCD0F9786D992A97,637
net.edarling.mobile,B795B7E0DC7CC2B33C47EE528E1F0A827B7534FB64D7570F265209D54376B9CC,1005261
com.lovefeed.dating,814942881B1D29C87FDCD1670B1B348FCF8D5D25D9D42E3A9FCC8A0929266EAF,42
com.getpure.pure,C38A9516072E35CBAE8EA18F5C26933624D09F48A3329E761ABD523DE1501AB5,241604
com.meet.pure,23377C323AF515CBC9F98EC7C8680C0D529CA5DE8C91B8FA0176EFE8BCDA3695,202109301
com.draugas.dr,C1E60E7E285BF92147E15B9F431C54F4700ADFDCF1F6F1698FF6CAAD69376747,210400
com.kinky.fetlifestyle,C1034F157E777F1F580A68212911F4C02308BB386FA29144780762E16F963169,71
com.mate.korean,B76EF63E7E4D4993197B2746C4E6CF43948A81D3368CE6B674CE1EB41907FFB9,157
com.Adanel.QC,05C02B3028D3837B0C748AD93103A920AE72D0C928249BD78E87049E5664695F,20302
com.m123.drague.android,6F44F8184AAF7ADB2F950A80A39BC104319D4EDB2C1030A57F5B4F8C6B4BD4B8,3152
net.ilius.android.dating.ourtime,B04250B951FBEB1580A21F18EEDBAECA0AD70BAA2E60CD0098D21783DE4834EC,55902
usa.girlslivevideochat,CB9C7F95AF307AA0F164E7DBD31A7EF0A8D36A580E306C7ED6EA7D454F183D9B,17
de.appfiction.yocutiegoogle,BACEC8C319079018044E7A67BA6DCEBE6505EBA64A4B22AD6A58075DC87DB619,319
datee.mobi,32D27C70402C53D18176554DA8C4A73721F7C4E0130022D2D91FF4ECB873370E,3052
com.cupidmedia.wrapper.colombiancupid,79AEF1FE3648FA662E581B107A6D0AE114579049427F85CF5AAFFBD8063E7956,42103407
com.curvydating,6873AA5E22845869AC3131FC6376DAC1F8CDC999D26C786EA8CFD18A4B2DF2D4,23
com.chat.plus.app1009949,AF284653BF2CC30EF4FE13FBA8BE01A725DDF1193D51D7EE66CE206EF43679B9,13
com.sdcmedia.swingers.g3,FCDC2828B545B9A3675A035B371252770E5D9412339B58E5C2A5C986E396D747,170
com.tabooapp.dating,497693DCE5F2211DCA75113E8871AF72F01F144694BD5B4351200CF2AF880B29,179
co.adultfnder.android,94B497BCADA92FE0096ACFEE1941D2CD6A7C598CC5D83FA3D1E7CD4F53F3D926,17
com.spark.christianmingle,C84424277C2416EE8F08AAC3981700F7712C5A1B7BD36D281965D4F62D50F34D,50203000
com.dating.diamatch,DAF12237165D7055A7200FC3CCC39B4576F43928B1397441843B5EAFCBBBFAB2,74
chat.arabi.wts2020,11070BFAC5644A530E37A32B8897C6337C9104EA9B49D062F1D875AFE111634E,18
com.cupidmedia.wrapper.internationalcupid,F0B696AFEDE7BE90D35180FD4BD46E7E3B78F230B7B35255D3BCE72CAA6AF321,42103407
com.artemis.tpgirl,9DEDAA6A8D5073A8B798A3D68F7E35307249169E7B0E66AE95A20E6CDB035EDF,222
arab.dating.app.ahlam.net,78556B3B878124BB5BF3715A869FA12E47B7353FEA90AEDE8241074EF4563352,106
il.co.dateland,5847D1D050D18BEE40BB6CC82FAF036927BB9EC3ADDFA45195BAEF1334656C33,125
sukses.xxnnew.browserselalu,05A1C9B0EF3B3CC3E0EF7667EE65D3BFFD4C045E1134D4D57023A6E21851E491,700
com.bdvideocall.randomvideocall,8799756E88C9F5255450D3E16C71CD1C09CE412705843139CA1A713C6BDBCD81,16
com.shuggr.shuggr,9C19AE7062EA360E74A4F8396BBE8A407E362BC08269AB2A68FB59AB27BD0A05,113
de.ideawise.popcorn,426F149A931C67145A7E3F22E7ABBEB7596D898F4E9AFB6401FDF2D2C579AB26,3000085
com.maybeyou,8F627AC2262432E1115EDBA8143DFEAB6FACBC7CEF0B658A4D1E3E4ADF7A6148,67
com.amolatina,8027AB2363617CD6CE6D2FCC398F94BACD1706778F3DE7315000AA38A70AE410,51251
com.singlemuslim.sm,F045DE58E74DCA72391A95E9226EE44ED68C72108D05E45B3D76CF4C821AFADF,178
com.matchlatam.parperfeitoapp,6FCD34A4C7486C43EC019F0F9D7D487818162458388CCCEF28C49B7B0AE5A1A4,128
com.mignonne.mignonne,0D617E844CBF391124ACE76A56C0FA7EB754CAC4D3905351DE02161F8F52ADDC,3635
com.affinityapps.chispa,55FBF1674AC7D90847149051A378E8531212CA62AF61E86B47FA5868F9F6EC76,1210
org.imperiaonline.elmaz,8C027E6ABC4F771F8E934ECD8CF6EB869FB286A9D36599CB6DB102ED216CA88A,53
com.loved,FB7F721B5340711EF4696B6F078D37D9F042C0B87ECAAD6114404D401BFB2C2B,24
com.m123.cybermen.android,7CF32B4867018F4F66055DFA9293BED737D2A1D338A322D31B90968BE7138351,3152
com.once.android,347678929FEC7F18C0BD43C670A69AA187C863F99E6D68DAFF358B80E97FF2DA,2910
com.stddating.positivesingles,38C4B8F501D45D1961922E92FE74FF0234AF00792F2071A4090BA46C1BBA641F,201
ru.znakomstva_sitelove.app,8477BD1F20CCE075ECB50B1E79D0B19F1987DE77B56294A182FE5CF578B38B32,210251
com.luzeon.BiggerCity,977F3923F974E00AB4851B5EDFEDC8612EC3B0D61AD0F1C85CDD4FC24D35AEC9,451
ru.denim.app.android,C15076081D3189C671361796B6BE546423A3A40A01DBEA9836A191797DB59D4F,627
com.flirtwith,EB3FC34AD76BB1ADD7DA45BBB3D97FEAAFEB447F6448B3A46A91462E642C6668,51256
com.social.onenight,0C731BA1B3B01AE1E4E97FFF347F834E622D3D23D6CE37A72D26F631E8075D91,34
com.taptodate,5EFF7E5611AD9E123B158A0E6120A13F1945C5064502AEC88D19933CB96F642A,24
com.meetai.dating.android,1B32DB11647FF91A4D9B12183A3B35C79F7B3F70981E386F70B79EF4B6AB67F8,5606
com.jaumo.prime,3CA89BB41B252AE0E9C37175CB76B7566842C06C5981686435A0CBA1FB1B0CD7,100038
gaychat.partnerapp.dating,753E911F158E7590DA263654D2C6818686782D435C278A07392623A2B3D915A9,190
com.kooup.kooup,4E7A8BF3D3FE3471E18283C56F828AE6B1F2E144F971CE5E87EE0DC1DD718361,134
com.inchallah.inchmobile,D0DEB4E4CD9925B041A50F40D5E8C23F265B0741EE7AFC6A66E2887908A59E4A,300055172
net.ilius.android.lexa,8EF32FBF63384F196C06447F046A924CEB6931BEE2156AD313E89AD3A09CBFC3,55701
com.yourchristiandate,682E2C8F0A90859A35E5C4E97A2FA6299642FB9B512AAD49229BF2089AA251DD,51253
com.techbee.yammydating,E2D28ACDE25F0CC79AF4C17E11DAA6811490E29E6F813B1C57D44080F0CD99DC,2051
com.ace.android,89B74B26020A142EE9091CD50CDC21C27D78E5F536CD519AECF44BA2DB7E8282,190010915
com.foreverbilisim.sevgilibul,8D732DEC650C53E96C44F81CFF315C4D777DB05276A04E13DE2E3B678014E2B4,112
com.niyu.livetalk,C071817C201763A3A48CD4E38E26F702EB2E3E94E5E51B83E40DA139A1EBB014,35
com.cupidmedia.wrapper.asiandating,E9198319B540B12A23B244CD5BAAE12B2C182763CB517E57BE2D50CCC56EB37A,42203426
ru.damochka.android,FA672D51BEBEC3F3E92ED02164BE6435852883A0E08BE00B23C7CDE09DCDB488,112004
com.arabiandate,8C091DBB84D08E8C25BD3B6F0333885AB57253CC725AB6618A4FC47E5B585F91,51251
com.fbm.aventura,0902430F8F7F49DBF4B86DC439E64860B265A25C499E142D4C5BCDBF31B5604A,92
seniordating.app,E1660AC96E9BF9CE8C0CBD99C3FD0D332F87D87F461AF15A30077A3565B27371,250
mawada.net.app,F282672ED0A1BD166941AD0F932725B604EDCC1EE1B1E6E41963FE61FD9B355A,15100
fr.android.v4p,75D80EF34C17D7DF9C8712609AE1200A54AD2F0B24865CF43134E4A8B60FD7C8,140607088
app.date,B79A3621F7D12C35AC04C631A62E89AC65BB2F5307CC11E24FB2C6349178AAEB,549
me.mint,2C79E7EE76C50833A849E02C474D0A30AE5DDC5489828BD819B33B0C382DCD6F,1100900
pl.onet.sympatia,49370E228E8D46927527C875D07934DA2B53A0A5E4E8200A3CDB591EFCE1D665,520210805
com.app.rondevo,48B75F1751F2284B6579B34A3AF72788414446460D5E3DDC6CA08E49CAB44681,78
com.ymmrnt,AC28EBBE57D004FCF80EF4D747E86A921CE214D2468EA0247C1DEC3D9DFC5AB2,92
net.couplemaker.meeting,55C26DF4CD97D8795B32B9258DCDD58EE1A0A47BA13F7071143568C5385537D7,98
christiansingles.match.dating.meetfriends.chat,96F48352810850F74A6B096664AA4BA0025CA54004249445DA5F9B0C56984D9D,27
com.cupidmedia.wrapper.filipinocupid,3C649DBEB7B4448E4E7E8D8566FBAC516D99D690384B9BDD5F947EA9B4495529,42103407
com.beetok.beetalk,0AC0E55B5F5C69457717F7713ADB4561431CBECC56DACDF183547AC69DF90088,86
com.deccanappz.livechat.indianchat,816F1DB5B5B14378BFCEB667E2B7A8A956DBDC5742BFC642EA7834B11B3E9ECD,5
com.glambu,52F7301E6989303D135E4864E947BF96935B0C78F5D5767B590EC049B9A641D0,205
girls.chatmet,71B376651005D654633838B54664236DE2CDF834C75E8F28AF19E2080F6E4312,18
de.elitepartner.android,9E5118C9593DDE4B6B112B3CE77EA8EB7607DF7B912AF8E4F5179267CE9B7272,1002007
com.fiixapp,A3D2AF96EBC3CF0864961F797A0CEA79B35A3F48F208811BA3FAF8A5A73B6778,105
co.clover.clover,0D3FFBBBEDE15378E39C6651D9E925FAABC17C20717CA7AEAEE0F9506556DB5A,102
com.asiandate,92377D1CDA8C2E31BB5D72A90D01530C4EAB09C0BB862ED9D3258CA47907545A,26231
com.onlinebuddies.manhuntgaychat,E65497AE391A2581E87910148290FAA7EA3139FDAA0BE4D27D1DEF973F3EFD75,48
com.connectllc.ship,FC818FDF5B5BC45FE7690012CDC38C698C685B00F519B51271F44D05204C97D8,210958540
com.singoldating.app01,DD41700BF962681F014FC3343B602B7FA08847114084BF557EDB4E5DE1583051,124
com.livevideocall.randomcall.livechat,1EE87EBA68CBFC8F1DA5479D31D691C44C785CBAFED2DB5DC7B505F73A194DBE,60
com.mydating.golder,47BD184FE72BA229057175A6D56AD9D5C86659E0D4F1058A453A19848B9CF985,8
com.m123.babel.android,23B18A73B7B0B971CF3DEEBD41BEF4AA23E494494DAED64D8DFB77F572D7BAC2,3152
com.wannameet.android.app,949FFF6DC228C63F8FC40D01852C12A0D26BBBA00B0BAD808DF0F1261F4255C8,167
com.improverllc.meetly,FBC862666D1BFF92B551EFCFFDE4EAF52AE3E5CBC738D4E62F097C1620ECC588,30
ru.loveplanet.scandal.app,0AA19B465B7DF48F717A522C07CFFB56BF96470C2754A1E88DAEAE6C2C93B468,100110
com.ht.realblacklove,9A618DA21CE78B6B348D4436FDD4F9AAE545DDAA082BC5528C11B596B4D52AB5,72
kr.co.attisoft.soyou,0E1689EACD5845ECB34D6C24C400DFB62CBFB9D9DB625207A41D8FAB9A024A7A,438
com.wonder.dating,E724158064AA3B9DB055DBA65A60A70C77C50E38D7B3E610907163360445090F,52
com.mooq.dating.chat,7545BD1FB618B584FEF01E63CFE8A377106C30BD89939779CEF4231EC2A94A07,158
com.meetapp.free.loveme,48D9C3F368488DA1FF5564ED6E1CAF3D283C49CA4B1C071E90E854D4931A9A52,38
com.covalent.kippo,797BEF5BBE6730A86F37B31184517C280EE29BCC4133864B1C1E993DD6CD386B,11605
com.cupidmedia.wrapper.vietnamcupid,7036C7AA3076C030F9C7FE5919AB4B5A63A94E6C739876FAC216715719FBFDB4,42103407
com.cupidmedia.wrapper.interracialcupid,451C294B24ED44662C20CA12B38D4F04088AA332D8B634A13AB1100ADEF095EA,42103407
com.planetromeo.android.app,51C465E9653994966BDBDE8699A3ACA4685610359EBD646395C1AB2D3C62D3D9,1000000662
tool.go.livevideochat.randomcall.livetalk.videochat,370F7DE67931CC87BAFC828CFCD7BA46C0CABDA6C1E1E759A2C90FA8A83CD682,11
com.naimstory.soomjjak,718C6852148D2B48B825383DAC4B536F1CA1458316C0C149F685B317167946F2,10701
com.capes.skins,CA58E436A4593B44DA47EA214C4EC15FEA3FAE3D45B1200DECC9C074D259C41D,5
one.night.casual.secret.adult.singles.dating.meet.match.chat.free.video.hook.up,2E3E42337D7FD5538021B02816A766E0019E008A5E0D8D4FC20607F5ACD57003,170
chat.anti,D822CAD84CC50BA71E40A4082D8D993CF444CEF373FA63C02580142A116E53F2,7017
com.wapoapp.wapa,2D7D453283BE394E99188B24CAAC9670853AE039E16CF83FAA6A9AD2E8B911AB,138002
com.m123.tchatche.android,4576D534A40A8477752B36FF1BA3611C79440DE0126A79843121C607BE9BEAFA,3152
com.lovinga,738DB04968FCB1872B167AD6A3819C469755A3027934A135B10B1AF559A67A23,34090
com.bi.bicupid,2D9FDA960CC22D5D3BBAE7AB49239706FEB1EA4BE722E75D7F161623A5B40058,40162
com.rusdate.net,85357EBB814BCB8FEC25FA0142BD9FBD10B26E58FD37799894E6363230122E83,225
com.wedate.app,2A1B9EEE12BEBA9DEA2B41173CDCC67E65B59DD7912FEA73F2E003D3EA5AE6EF,56
chat.roulette,E8FA0A47F82A54C46E7C4B136E80CD68106987FA043B61CDC4D2C0B8B4129336,30
com.eden_android,8E8CC87EFC823339795AC52C594D21FDA06AA274C7C6184991E0DBC35685F2FA,389
com.les.lesbiandating,8456921FDEF6DE0FBE938EF66B75CF6265B2D0C0E04D0ED823E3506CE13BAD1C,62
kr.cmonster.chat,16A74C621C6DF4460917469AC50132F300E4758EC680B747A34A476D258B634F,774
com.ionicframework.vznakomstve,C2AE24D0CF33D66C63CEF9E6EEDC2D44AE357C019A5D470467E43C86F3AB284A,202050
com.turkiye.turkiye,AEBA41CE6D623D80887F9B391B989B0E9EE6F2701F1AC45C9E98889F3E5CFC7C,422
friend.max.com.dating,B47BB03C3CCB09CDFE7A31E90A67A7588EAE24586B8EFE8B4EAED5C959DF5CD3,80
com.mxn.falo,2A63D264A4696CEF917EAE0B63898E130D45F4A74A839707A6EBC5F9642D7122,84
com.weloveapps.truelove,23D0377EEF02EC3855583EBDAE61F0BB49DCA8C9A32CB3CEFF1A2530CECA64B0,15
com.sugardaddy.sugardaddy.sugarbaby,0EDC87E3205996C9E638F56A6F1FB97B30C7BFD98947F7A8571C2842E942A19C,24
com.labelsoft.trydate,988A19BC9431519B9FCF461AF9A92DA452557F0D2B988DBFFBA0853CCBC0D171,254
com.lovetastic.android,72467AE67E271DF1CF340B93F2489E68FF9E293040FE283759F1EFF40A095140,82
com.rbu.saktalk,774EB2DBE004922101AA434E5A926D04CCD0DD0A33B6DC39CDB46892FD109BB0,1820
com.affinityapps.blk,8D6D810C0932CCF4E44D42222AA24613FFC7880478D0F3E4111A576A26757AE3,1187
io.gonative.android.rzkyq,9651F960E8CFACA311A5798B197E0A85EB6BC15CBB66EC3B841506D78ABA287C,47
vidocall.randmtech,EB8840052B3884F75894E5ACB2AF5E5E18F452F1D08ADE874C6B9C935AC26187,14
bdff.mobileapp,B70CC0494E85A71BE45071E3BDE139D33920F16621DDCD41845E19FC26E1393E,27
online.girlschatmeet3,80B97F9F115A36DF66F1B777545A3A1861025BDEC4C59A3E2BBA079C81C4D48B,11
com.paiq.android,432FE0D99BF0F59C7F4E01BEEE0B3D61DC79F90582AB7FA2F72C11EC3D88966B,308
com.arabChat.dating,706DD7CEAC038F4EFBCF48A7A51B22334AABB12AEF46A6B4968DBC1526E151A5,31
com.pl.ajoinfinity.menwomendating,2DE236876054D2122D7C52C4225B926F1B5EB2353566D504DA04845795474709,146
com.cyou.cma.clauncher.theme.v53cf5cffcf863a303c7655dd,10FB3E60CE99EE490D15AA28BFBE6122523043D9A347049C3CC75ABBD080FD8E,38
com.sevilapp.com,10FEB55B1320BA5A11E31CFA0EA0C133FDC0050799329186F67BF087FF169070,50000
com.motooo3D.mod.Guns,6EF1D85CB826ACD5CC2458FB316582A0E7E9AD4C15CA5A4D5C5E4EF49DE5B2F2,4
dotsoa.anonymous.chat,F43F58B8ED7B72A02D87A428D313E5CBD62461F3C286EC2C11123A6EC37F0FAA,263
ru.iloe.chat,5C513C6F21063E2992678F4D86704DCEBD197CFE360C88B5861332ADD837FB98,49
ru.beboo.reload,FA0DF2890B687CDFC34CD0FC3C67AF1E2A00AE34F8888A602025EA38F456C037,85
com.speeddating.ad.pro,98F881A42CFE744FB021A50D0CA7880531769FEF5A61B00277097441F8C6EBB6,39
camtalk.app.com,1189FD8692F4683D3083C6F6CBF8C96D0C92635D8ED599E608AF8B2EC6284675,33
com.peoplemedia.blackpeoplemeet,48FAF55AD2AD693150EB9CEA236EC53B5C5234F9E647CF3093869C76BEB140E2,881
com.cupidmedia.wrapper.russiancupid,579E7374A40496F9B14B946494417267002338C02D63BAA4D094FD8F39C6A71C,42103407
com.yourtravelmates,7B749CF4AFF6CB05FE1D28ECCD99C64E912762E8F81240217056C55182E9F90F,51251
com.abletree.someday,CD519E9389E2B17B11BB9814AEE2247D0E2857D9361E63E1B51E10E23F99B4C8,191
com.matchlatam.divinoamorapp,7A26A3F73281689DBC847E23E6E176AD95D86201C8D762E2DC10553E3F4771F0,46
com.wanasa.wchat,15256955EDDAB0AA14BEEDDB5F0175A931041E2FF9AF33634B517A1A2D88C917,43
com.shineapps.onlinegirls.videochat,2E970ED9C1515BFC7F2FBF99DD4CB7FF916D7EDFD74DB355AF62BDD3A303B90A,2
com.frenclub.ai_aiDating,5099E87985EFB442513CDBFB30562AA021540F63EF830A16A5DAF9922ED746C5,95
com.mobifriends.app,F9FDC29BF2482B2223D6158EF6FF4B39CE22254C912C0A339D5EEC96AEFD44C1,35900
com.sugadady,C1022EC32C858E4DF1628A543831331A43456860F9F13108C0C84609743F4A44,40200
com.cupidmedia.wrapper.afrointroductions,7C2D5B3724E92EF22355DF7A9AB3149C48D7723E598A9CC46DD5F4B934264A9C,42203426
hub.mtel.kissmatch,23AD9C2522BCC18A723D65EE5E568A4C120A2BA901B65EC2DADCB218AB8D67C6,47
com.localhookupdating.android,1301C3216A4B7B0DD09C47FB1E56A48AE820C06CC0B23865292BED35C416BBA7,50
kr.jungrammer.secretchat,C41F13AF566D6AEA7A6DCC49D2BA0BE4F3AC2D43FBC20342948336E5C1CCD527,417015
com.thaijoop,76C179983D01D2EEC7C27AF96B037DA324D52EE0FE9498828344D52C8849186F,1040
bnb.rightnow.ting,4A21F23475F8CC76E29306BEEA262274659D77E8C493B237E70F36E48A079181,85
cloud.videocalls.livevideochat,60ADC70C37D7F01B9242EA81164C4D8AFC8246EE279D362B3AEE36F027B06EBF,26
com.baloo.lite,183806B7684314E2708A6EE55F48A7992E90F9EDC3B0AAC1BCC7E2F2E974DD32,7
com.lovestruck1,B26662BC988D083DC6479A83DB2930DDAB481A975B5079B5D172C8D294E394EB,513
com.maichi.catchu,F9E622EFC69FFF69C02D9CAFEB0BA1C5968DF9931D9593C44804F70B6C2FAB89,17
com.cupidmedia.wrapper.japancupid,156236DC4A3D019E2B908EA05A241F457B76C54FBCBB813746470B39BD38C720,42103407
com.blackwhitemeet,D9BAC6169E57765948DF9DACD6111313A324EFE7C74B7AF7F21871333791C2DE,61
com.millionairedating.millionairematch,CCD08960566840C5946369B7F531DB392378900BF33E51086D4CFDF67717ED22,211
com.leanus.loveae.kr,ABF21A309058BB97F473C711DC95B5A66EC79DF6D28D8212B0C4B1367A7B050F,3310
com.QueContactoscom.QC,B6E589E03EB3FD2EEC392C4C2EE6C34E2E34432DF23760A4BAACCDEFC0FD06B3,20301
canadianmeet.dating.chatsingles.friends,7DC9570A6461ACAEF4065131A88F3BF76CE5B613699C4BCBA84C5982FFEF7A2B,16
com.dating.sugara,3A364534623902F63EFDBA1DF040D45AA5CBAC776722F2463670873812677F6F,10009
com.waagbwassapp.pro,21C2E3EAFACF60ADDE829A186A35830F74F525DABB0EA91C447D869B6032E5D5,4
com.boranuonline.mydates2,DB8EE85FA2C88E732BFD6E3DAB21554A7BF62608204A8C6D88B3FE076F8233B0,111
com.findmillionaire.android,59CBF1B212F3D3D73B26AFE295FD9A27E6F10CE8DF1B804F629E8EDEED65F80B,44
com.divorceekarima.dating,9F1F85D0CBA95485031F49B89CE36C807F5D3CC4FB21ABD78AF3A17B6BB6E487,15
com.honey.yeobo,4B71D7C3D018F52A0D9B8FB4A13C188AB5E0888A5D9DA9A6E4AEFB50428729A7,161
com.QuimicaCristiana.QC,F9AB93A74476965C352661A69D1DF895A987ACE43FE604716AFB504160E0AE51,20300
com.cupidmedia.wrapper.thaicupid,18D8581A7C61CE5BC92DB9B89DC093CF132DC8474596C11144C826183A83DB7A,42103407
com.bbw.hookup.farmers,C6213E6687AC3B75D1F47B45D80A8519BF3BC3FC911731A19BC4F3098B7690B2,38
app.meetya.hi,C46706456FB9E9396EAED68DBCD7DBF7E3B361FDC05E7150E122EA608D985E54,81
ru.dwerty.android.anonymouschat,C102A7311E2625BC0054B966EF67D84F26D1587CD255A19A4A041FE2E96A7C64,46
jp.ravit.and,A921EC7EB883587D3B785412720FA2BC284D86177CD939240060B3CC8C66156F,132
com.td.transdr,577967ADBA5BAF034C7D673487E37C50A6C01CB5CFE57085498310EBD40E392C,56
com.akt.randomvideochat,A39014D992F8291B3E64931A0AB9F295A79097DB7C12FA19030A21F11AA9D492,6
com.tyteapp.tyte,CAE7E661CC001536E4BDEE41546FFDFD578EBB8B53185C664D2FC5EA7F4C3228,120300
com.badoo.twa,EC3766D808D91EE32BFF8817080C268DE26022903BAD1F17CE8B44B39DE0C50C,11
com.wide.amorefe,1A93C97A455FC9F249F714CCEA5C42B8A2E1DABCDC72E1B60ADABE3B101793B5,4216
com.pikabu.Pikabu,A3706954C1E815AA64D402C4FF457AF914F791A2806652BBBB9B2418D4BA5C6D,157
online.desi.girlsmet,1A9E13D61F2EB44C9AB2C38CEA29E75A52D5A0287A15E035003230415723953E,8
and.app.a10e,F0436C4AC983947299189C64797D534A4A578D3C64C8115B812220214B5D8096,24
com.rometic.trulyasian,23BFD7372782FC2FB88DFEFFD69CC84192423A6FAED5EDD3E9AF5772469A2F82,207052
com.datingandmovieapps.livechat,FB32F6A81D5FAC61EF415F34E3D17090A8FC9D976EEBC9B93A74245759B48F1B,23
com.friendsdatechat.flirtogram,9CC02F7BC44574CE21C6539577D814C9D2C65D6BEC836ACAF4359EFA6D3D82B3,22205
com.estickerapp.android,5EBD3C8DECC51680A039475A9FFB502E06ECD1D503D3C9CEB1B13739F2699818,216
livegirls.met,B73710B3E407599EC497F68215AEDB5FE800684F150D296C0832643CABBBFF3E,10
com.fwbhookup.xpal,C883997A2ABE58B7D8A1558D6F35999CF4201BDB10C36AD1444806A84E819323,17
onlineauntylivechat.kingapps,1DA8E227FA3E7655686FE599739A09144F636B9AE48CDDA2108399A1DE9CEDD2,4
com.testa.lovebot,4958A35C9D3C7FE3A66AB53075800BDB677C8620806773FCB3DF90D41588BDC6,40
meet.new.people.make.friends.free.dating.video.chat,449B86AE9E6E681952F477CF4978250F81ECB6BC6209F828408A5509EAB094A6,42
com.fake.video.chat,1F643E37D1040AF92F6ACA69CD27E0AA980E345826C11E17986F125425E975E3,1023
com.recordmedia.lesbit,C53E59E2E57E77E4F4DF5B9944087C8FC2AFCB98AE5970892AE4BF1EFAF5DBB1,20300
com.wamba.bbs,7796B8883EA7EA74DCFB2588BC12B603A46C41B7CD57388436EBDCFB0A8881D9,75
com.meet.adults.only.hookups.now.today,BA7D86F851CF1DE146FC2E8FC03D83DDE7CCD9B61D37E463647E410498BFB77E,7
hookup.sugarmomma.hookupapps,59633B9B873444F632B2F69B0B1EAC1629FEC4AEA388C20CFE4E54EC942F271C,3301
com.cougar.sugarmomma.sugarmummy,6348BA732BFD1ADAA12591AC587C3814F2F131C84D696AAB20C47C7A63DC2BD8,3301
com.rayandating.seriousRelationship,F5364367FA1434DD53ED04791C15D5382297E62785E736E5B08BCA6847D0E736,13
gayfriendly.gay.dating.app,2232A9F7A8ACA571CCB0A1A9CB5BBEBC7237E675508A39D9233CD654F5E373A1,80
chatamerica.net,ED2A0EB43B32BEAFBB1796E8574B197C008EEC111C17A99743500220D92B5FCE,11
american.chatmeet,A4BA38892CAEE0592B650D92150AD1D595EFBCBDC56ABF6A7B36EFA5DD632593,36
random.video.chat.free.chatroulette.gay.lesbian,242E6F7CD8100A22A8440FA2619B76FAC70DC4B5033C10CF19C98D532D247643,3
com.sentiapp,F195D9C0D8ADF7F34C2997D6DD23F8051482F622E1B5023A876EDE3CC6E08F76,30
com.yournet.bestmate,251FECC703242BA68DE12A631140A05CF699642FDE80C722C3641508AEA3EAF7,14601
net.meetking.android,254619B43E7BB0A7C47433CEEFB855F7BD3C3D8ED53EF3F8A6DBDAA673467660,100043
com.lifestyle.kinky,520A17FD205CCCED3668991D6AFA831A746C4DD69808BA859E4BEB9EF731499D,100
com.gathihi,2685AFFE28A67E13E1A66A8DC80C65AF4ADEFA26B8ACF3223927BEA112C642D2,26
app.pickable.android,81278D84385464F2BA73825348CE43EC3447D43378CDDB1CDF23D4982E2B61A2,1189
com.free.video.call.livechat.indian.bhabhi,5E0F7534A5D4891FBEFDE8EB9ACDBF8070F3D7D1112BEF538F1343129AA3CC0F,14
com.mobiljoy.jelly,CDAD1F69D887F0A96F697AE9428D2D10979FF793A6264DAD1EE9995A67C22901,261
com.videochat.videocall,280572F3965E84305BEFFE4C515125AB69F524438E50F52003B7DE09EFFC581C,8
com.av_projects.horoscope,28CC37321D33B3728C63D94140D2E4F5C485297F7F752CB55BEB451B3BD91132,7
com.freebbwdatingapp,924A16DFA076CD816312B85F3D0029A53147284CAD279A251305487C56A5C62D,70
com.uxdeesg.chatbee,CCCE7C887285873D7B9E1A44A7EB1D2A6AA1AE70B880B9062AB27E4485FD04F4,536
com.ncanvas.daytalk,EB44C1946CD3DF34419E3F291BB221CE0F03B865F89170242B01B1F823BFB8B4,157
meetsingnear.android,DA146CE102F1844F4AC1F5DA0A8C347F4D87A1E930A093AF831C14C759DBDCB4,137
com.weloveapps.latindating,612E88CB0BB26D77053209719279B4032269D2358C64A0A4B217C89189B3452C,7
com.olla.olaa,B7F98AF91F773F7CECC06EDEB13363C310F3E4CD253297256DD87810692406C8,10
com.realu.lite.dating,32BC2F4E7E375732173F1DEF8A9BEE5A998A91C33679B4D894E955235A5A23B5,170000
com.sexygirlsonline.videochatfreedating,2BA1D261D88274A4AF00FF6DEB0B7BC7E322B51B41A308561A402B60106B40EF,2
com.ecift.android,557F7B10D9C93E26C9AF8856C2E0CC730A5655AD3A9A145D05B960F46E57536A,135
com.udates,DD9A479621D3E1BDF998888C461CDB1628C3A296C7F6F641721C15266B48148A,32455
com.livechat.message,2F627C056228EC8FD08F99D2F50209D3E2E3531BB951E59DDE7A1D6BCC87B76A,27
com.wgirlslive.videochat,30D627296CE64C05BA01710397D8DE9DA4595E9D55A3B64BAB3E84BC33A3B98F,2
online.girlslivechat2,3134181A3D2292A696F1FE5F9CDBE618E950BA1D640E96C109FD27340FFB36E0,13
com.ciliara.doulike,8DBE397A27D9EC2243143FF413F07DE65C993F6379D59FE53E4C2410F3CF3C34,140
app.hybirds.skypeople,F7967F76B5519CAD86B9722D6BB16BADE3D9CDEE1378018A7DC80445AC218BE5,222
com.vistudio.randomlivevideochat.hotvideosgirlschat.indianhotbhabhi,33C6C0AD566B9B615338B9A1D342738BD5C34A77F7AA1D7AACE73E059DA309D7,3
com.beleashcomp.ktoreadom,DBEBEF4112945B2281282F646343320D5A7D27C137C6FDBFF8F0B69179067CED,16
com.wafi.roomarab,4D2C023CC885C47C017C3F6F33E045ACEFD80981D5D9CCB3E7BD3506348C0CB3,16
com.StatisticsPhoenix,C323D70B481EDC6205B3DC7BF19637E7807C1BE95B0E0A64BABE025108979732,1009
com.anbe.app,F5B80B3F699B23BE92690CB4FB5C0BFCB70D8E62173E64B03EB03B73ED9E346B,20
com.chat.blus.arab.app1499400,C62A9C24F1B930B135CBAD20F2E09FC06356701082DD0B624C60FB0A3299ED72,5
bebozoz.vvin.danmb.bebozoz,373552BCAE25710EA7CAE2DDD248A0AB1E61867425A34D3FE8A8C7D1DF91BF65,8
taarufapp.id,9C2957B6CC78E19A9B453568AC865BEE611DD118AE81BB501BF0DBEDDB25F71B,18
com.yoyo.chat.meet.video.android,3B412770E2A8D66AEBA4F7E01A90C049852C196A0B6C70D70A8F9C2F73D4059D,5
com.catch.fwbhookupapp,AA48FFF555A3CCC05A5EE5CB2AE8A244BF2B0A6AD7BE40B249F8CEF49F114768,80
com.afm.ahbab,BF9BFE7D6EF8AC0E64317363F8F6719C838F48E2C014D31082526517A746462A,20121
com.onlovee.com.app,3CF327C5A53D38E40F90EBDF9A416B88BC6BCCC8AA62588861C33357AA625A17,100013
com.cupidmedia.wrapper.indonesiancupid,3E990B25D3F57B33EBFDBA224D1AD31E2B58B4DD0BEC49C222D84C3C7EBA7F76,42103407
com.noonswoonapp,F987D49C79A458107ADA678CA0424B398938CC238BDDE32AD6BBEB4FB2EF21CA,400157
com.cupid.gumsabba,41D1EB2B9E5E6BEDC63AC4C12156764CEEDE8C78A9E4E176D179DD5CACBF83D3,87
com.potatolabs.banana,97269A57D7FC31DC8456488EDC7C90B7E66E3EFAB45DD5A590A040D67165FBFE,61
com.goctamhon.chatstrangers,B1C78747FE2BB11C33E1D2B00190282C5E3230533948CE4AF5D66C66401A9332,205345741
com.banana.free.dating.apps,7D12D94D91DE577FFADD0B39557242840240CE6ADC9862D46F3E47BD7F9A1CBC,9
com.datingapps,480E9B071CDA3E9FF9D7C1D7A067B2A906E01ED32958AF9AC2978E5DFDB7A0C6,30102
com.beatstudios.katacintaromantis,79E9CD5EA0CC6EA1FAB2A415D30435BA03E73B9530A7CA5EDA905FCB7B1B0937,3
com.kpopfanatic.bfbrowser,C5299C2966FCF15FB9ACBBD7A50327B8CB47FEAFF07DF219B6BE4C9E4E117650,430
com.indiangirls.videochat,6DD83FF932CB3F1650F3F91646B612D8BB78573C8A7015ACFDAD7F2AC0C11153,6
dossi.mipo.co.il,4AF3189021AFF65530EE00811619301DC73A2C24C43C62B93752913F906DFEAA,30501
com.deccanappz.livechat.bhabhi,4C36223229C0F3F3338770A68E797FF164EDAB0E76079CBA0E12AEE459308AEB,4
my.filipina.friend,4D0293ED832781CE15E696E68D05B2B1AC8CFA5E3E6FB19ACC41536E977FB41A,4
com.sexy.girlsvideochat.livedating,4EA2482BFDE84584851BF192FE8A71593CA30CF5FEE6296A294DE4607A0D14D7,2
com.amorynam.apk,4EC9D70AD5284902B4C27CC14F8FFCE30041FD9968FB85706C1CBA4FC93818A3,5
com.w_10080801,CB190090454FB30C782762A8D0E09805D2340DEFA9194EB4365C13E4D84F0754,1555301415
com.zc.zonacitas,D470AB4C0B382F4DE08BB722DAF0F4A9EF4FF6DB27F752F122AC36F5969FFF5D,20046
com.sunpromyproject.meetlovingsun,56FAF9F492E5498DF6C700B6621EA5FE17A2FD0430A579DBF8EA28242447BC9D,1
com.canadiancupiddating.friends,58C257314DC0F1964013A5EC7CC92DAD950E04D84EC7AE1D4D72A86D1D103CEF,3
th.cyberapp.beechat,92B8CBDB902356D5FF4AABD1320D6CC04E4FAD119AC3472FE992AF7262155FDE,81
com.nobluffdating.com.app,5BA84B4213DACBBF0EFC96342641B010B302AE96E7D17741D45361473DE6B1EB,100002
com.newphototools.bhabhivideocall,D888614624F607C6D258A2E229164CB5571CA1D784A06AB7B002F72FA2B7A916,10
net.dateangel.aos,FEA9AF7D74A5B6C51D172525D16DFBB8DE45579BC9FB8B148B42587E36C64B45,32
com.arkadasbulapp.mobileapp,5DBD6374A96478C47B38DA32B535970EC79D81242BBACBADCD22CA836985AF37,10500
random.chat9,5E5F3A6E58D2993C4433882023D42596EB9817E0AD6E8600166BB27A102BD45C,1
meetd.dating.apps.for.singles,5E9B99C7785038CBA3D75E92CB58A3258CF40AFBE11C8E07E9A19D0DFAC4680B,15
watts.abbeyblus,5F1B810978393C4A35808A5F334CAF7836B70CCF88E9C0C42627E2A3E70D9CAD,1
br.com.daddybrasil,602AB8C7ACDB3189986C8BA74052094BFC4E46E0E7EBE9453F878ABF2FD46E1A,2
chat.arabic.arabicapk,6BFC822FCFED0B4D992C5F1AFE8564023A3422ACDD540D744D5F83E6EF4A483C,101
com.livetalk.randomvideochat,6107CC152E7CFFE0F5831059577C2065B0497391EFFEFDA21DB76E2AA8FD4B6D,7
com.ruizlove.free.dating,A8C43B1651AF292B57B15BE4A6472671F834F49B218CBB32F1EB1B2464E5420D,12
com.finance.iloveclub,D509C223CB0C159530983D736FC224FA6C9FF6749F92E61DF4569FAA94C5013B,6
com.aero.simpledating,93771A52958EE8FCAF3BC7251217169CD314650AC5C701C5F7DEAEC41DDF09E2,21
br.com.esapiens.ysos,6C9D3891699DF33CFFB68426DBA9635C3CCB1329B746EA1B53A3DA1012D6CDB7,93
com.diavideotalk.videocallapp,70AD42DF7BADF62FFED990C185112A8747F9941A593D2D9972DFCBEADF5DE318,2
com.loveapplication.loveapp,B3F8C8BE40CA8E5C35775338D423D284EE3B53D03269F1CDC54BBCAA5BC1E7D2,4
com.forest.kakao,BB7F753C1F49F488C3E9E32E9BB6C45156C72ED0CC2239C53E06216BB32BB023,4
com.taarofbanat.banat2020,9CD0C54DCC9D7D7EE09B8D326CE9C80ED726F27AD3C1C78A913977033BB9A865,16
com.zumlasevgili.bul,7CA627B0D626E33E9D1E79D61A07C011EF4C1582ED995920813AFD4FFBB33001,10100
com.findme.datingapp.localdating.compatibility,E4CADBBAAE384933E076F486587C4C287127295223781BC44D30975C9A37CE5F,87
com.matchlatam.singleparentmeetapp,B7BA61569337FEFBB4F702EAF66731C50E055551059C475FF180A1F4EA165DDE,4
com.findxlocalmomsx.momsxplaydates,827C5FE1477872DD96CABFB7955B05675812ECC93F68349D6AAB2CD1E7B71671,2
com.afreedating.friends,882A7D59D6AF87797214EE60FE151E359867151714D149CC9DCFDFFB1F9844C6,1
com.chatgb,D04CFE6EE9919C58A15C9CD4375E1CC3C0CDCFEAFAFA6807790F79FA05B74D79,6
video.chat,AD09806D333AD6F5B4738E4B4101697B071C05720A7510519E231A903F7707F3,18
com.ayonikah.app,9A08DA693B69CDCE53815D8CA5F722C99741AED962AD5851759A4E6A551E33EA,20501
com.livevideo.smartgirls.forallnewpeople,9B40443AB4608DA3EAB1759C2BE6122EB45170A0F886DA5D9DFD475ED438E6EB,5
desi.chat70,9D21299128D2A5499DBC6AC80A52D38A3204CEAE7208D50BF995C2EF1204294C,2
com.chatlox.mobile,A4987316423A2ECF0344E081E2D3268316AB45542A720AE7A59070C72411382F,4
bercom.wholoveyouinsecret,A6BE626269E4667D4A320742143FEBD1A59C68BEB8B1A65FE624C53A8D3350D3,3
com.kismia_app,D2B195D1FB6AA85BFCE275C34CABB78380A6EDA22F0E29731062DE3D1256C1AA,13
com.momsforflirt.meet.real.women,DA22F528CCC7CE8F7516877200807F0CA8E01866294686FE6707EB3B3487EE66,2
org.superchat.superchatapk,BE92BE3E86C2C3C180D24E3D19E8FA92095B8B6CF1987AA1A796341415BC2760,8
com.chat.arab.fun,C100D023EBA5047F103377A73D625E70E16E98BADD64CFACF67316F15A3D8457,17
com.turkeystudio.boitinhyeutheoten,C2009EA3C3747B69410AF7242E2F1E082E297ADE3E92CC5342D351D0C3545885,90
dinoxz.inc.whois,C877B86C1CA68C8D88A36154854BBE7938014CE6F7278EDE716069097E30C548,3
com.sugardaddydatingapp.spoilme,D0EF6298E16A833088341B57CF257D8C7080FEF05667DDAC044B644557C854DD,20002
com.sunlightmobile.love4youchat,DC6AA8132C29B541A7241799878ED0D8E7A17B54BAE8960451661A81420102A3,2
com.farmersonly.android,FE477766C0438E6BBBB93F3EF84613BA5903FC734CDB3213BEE16668FE74E8CF,157005371
com.foreverbilisim.evlilikislami,EC47E927C5D1B58960A43E71E818BDBE461EFD367A88A8CA038E1C67FE769BAA,24
com.infoxapps.whatnameq,F69D1BBF2B874EA3BA8B03DAA4CC4B755A037856EC58A9252ED7CCE17EC95430,3
