package,sha256,vercodecom.infolink.limeiptv,540E7FD9F7DAA35862CF6CEDF2B52E2D0046BF075A455B995394F3F7CFAB65EA,608
gg.op.lol.android,D53744A1E3BEE32582D0179DD50AF8B9730593F8902DB8BE987B2D9124572A82,230
diy.slime.simulator.asmr,55C1ED485EB1C16CD2D871D17B5E7B5DBD8661940B9233ADFF18F175AC89B347,187
com.ninegag.android.app,35BCAD039A312D2861CC251E737E046175EA5600FF0F0DAECE7B139EFC743CE9,61150000
com.ldf.gulli.view,BBB58FE998341E71ABFE2CE2178BCEA6EBF50AA876841088191D731B5D1DF3D8,449
com.free.caller.screen.call.flash,A652CEFADB063ADB8DEC3C035C7E86F8F5C0211DAE884BB4BDE6620502CC43D2,22
com.mistplay.mistplay,E281016BA455F1757A397156671BE717A5A7A25D2D3A74DEEFC567FD45583AAD,8664910
com.apalon.mandala.coloring.book,52921E55E7AEDFCD1B0B4AB5CA1766E03277A8B397BC41244D4D1780C966D3A6,161
com.zte.iptvclient.android.idmnc,48F11825151A724240B4FFFD7B7B411274F2C7D4F4D667CDE44E05E96B29AAB2,60066
com.imdb.mobile,8DA11186233D2B19A78072B2647369AEF4AEF70B09FE7ABE084ACB8B05375B20,108480202
com.movefastcompany.bora,0D9F5C29B6AB5A6CB14EBFEA66D1C42585F7A3FB8E0B13AC47EE3F08CEF9B190,591
com.womboai.wombo,2597632911CA6D220D394A210180D60D44794E07D82E658BAAB01DF2DE487C15,60
com.uproargames.memesoundboard2017,FEF259CCEA385899A70FDB3506C5454F428467BEFC86C9EF4A944417A76C1D69,4000001
com.mitelelite,C53B4626EF36F740A2402A0F761BB5ED8FDE8801BC967330477FF85AD082E75C,1051
com.google.android.apps.youtube.unplugged,D0355B238949C564B81E0FE254A21A6B93CB3CD3468FE9353FC5E7FD691F9573,205390110
com.starmakerinteractive.thevoice,459CCC9B024777AA8A18966D241BF00DCC925BED3600765BE6B6FA018A11486D,84806003
com.ninexgen.karaokefull,61B746F3F0400977547D05BF495AEA17B44185A74D8A47561ECE0DC261E14904,494
com.nono.android,507F2BE3F0A92EFA00308E6893104D75F446AEE970EEBF3317A929B8DED8D099,607
com.movile.playkids,97A789C8B53627C8C073D959632169B76672770F8BC3A7BED30E110187470FF1,1151
com.star.mobile.video,FA9CC5AF796A0F081C65865D9B9E848A9D19D9E96E4681A9814580540FB23CB9,5210
talking.toy.funny.couple,17DFF0F17588FFA4BE87CAF8D52C2766D761CE6680859739F0365A0655C47B4E,934175
com.scannerradio,810B7C6B47345EB8D63F0DC54EBA63100487535C137978DA7C3871926D518F88,6937
com.ryzenrise.thumbnailmaker,BA1DB81219C09FA7F28413738A009C9CB08BE7CAB638166A1E0D1237EE85D25F,69
com.mandg.funny.rollingicon,7F34CCCFB6EDC5F9287C36945C2A18D2F9B728A1A1074C4FE05F46781418D420,58
com.wemesh.android,8E2DBAF12AAE408BD9D0DCB7EA6983B602EF4951CAECA369589CF198566BC093,1018
org.fortheloss.sticknodes,8D9F94D28FD34F6054140D3F8662B668E4B579B737B752ABBE086EFB1488147F,125
net.mbc.shahid,53DF1E701631832ACB620553248D754C04BF559D391E3845FBCA62534945C03F,4276
com.yandex.zen,FD63A71D976E8274111F2D9A5B67CCE1AA8920618507DF2C468E7C9BD6B10BF8,12030
com.vostic.android,838886E9EAEA59F8FC74DD184B6499A67671F05FAFB5A2C1C6D5C78FDC3210AA,1511001
tv.twitch.android.app,23AFE998FE45A1480DCF93D7104D8AFFB60645D16DE619E45A1FB3A4A4A5CFF8,1107000
com.affinity.rewarded_play,8561A887C3DCE6F02F1F80650881EA8913A5F5A6FF33AE42D55545121F703117,2053862560
com.iqiyi.i18n,210A7A371AF0FC77F749D5798E6720F0C647BE25ECA93C6E6CB0C7BD9F14C62F,265146
com.jmsys.earth3d,E31B54E97D77FF6D2AADC036D616D5D27872D7C58108E2E146201F4AAABEC5C0,721
com.netflix.mediaclient,1AAD5372821F0E05C39AF2245E252D2C6F90D366064011BAD67C802D380E5B80,40022
com.hkagnmert.deryaabla,8959FA8F8F1E43C7363E59C653B3593704787C96E207949B12AA6A67C99F2050,306
com.davexp.dollify,0F2608D424699CAC8E9135C2B88E597B61DCC3820FAF42952F35F6EE712DF30C,201
com.hbo.hbonow,62D57B3B7A9F917F5CDF3B2024EB37C9B06E7891A2483F213CBD12583C931725,35050086
com.cerdillac.storymaker,7C90D97EF309CDD62AF2EFEDB57F54ACAE26FFBB7C6C294960C8413977104D11,168
ru.otkritkiok.pozdravleniya,A6F898B4C77DADD0112F69BCFA4292F52C36A321029216E63B693078653CED1B,116
com.gamepass,57F14CC2078AA44C6D68774D7A2954A585086D0E2C2529380846DDB89E20F69E,1927246750
sandbox.art.sandbox,6F532777DE7779A72720E3472959A4786AA898E83F0E7E25F91B192B83A9827D,178
com.blizzard.bma,1875E51866A5398FF1C41C8353DB60E66F8326BCB554BD1F607A0F30DF1B903C,20500014
com.zombodroid.MemeGenerator,0E2189E582CB6BFE551EF569521BA6C21746EDED572873E38D866404F68B7EAB,46123
iflix.play,E6249CB961B47262633909BFCB7387FBE429D6BD13C9F8258A45395333D90B52,603590640
com.fun.share,B02B1157A276C06C9D0EF5D626DE8C39D37943CB61FFEEAB531DE477E8F426DD,18706
com.google.android.apps.youtube.kids,596074EB15D7033D8CC3C4155DFBCB3EA421259A8D01BA0AA67990A52C49FED0,123403030
com.chic.colorlightsflashing,70593E4FE6FC3A45B6A4D4FBDEDFF8DD98C63F1AC0C566BC6F41CF98A104A9AC,72
com.craftblockstudio.modsforminecraftpe,F7FE595AE96D1C1D75BFF090B9DDD52AA577EED96DF2A8FEF7093880B7549C33,47
com.sling,2D9BDE0017D8807EE77DDB279C7103DC7920FCDB896B20C79B895ACC6901FD3B,90746915
tv.molotov.app,F19C3147F0BEC2547F6D47C34F9E5E527842E3266A5369FA549D418C7DB1C42E,4127
com.sonyliv,CF0E67B4DE8947C94D6EB8BAFC323C2721F7CEEC1F51B30C1187A81BC5A9B7C6,9540
com.spinthewheeldecider,14FA1EB68B60A942AEC9BCCC45675E3011ED6C8980CEC9B1E87761147EB27A80,3000789
com.tencent.qqlivei18n,C576130386EA09962A84B37DDB8DA232CE72A19729E2952EBB79D5B1893ABC13,7270
com.plexapp.android,6055518968CD87D490670FFFD26477115F78577BB7A574F0A7839961ED3DE9A4,829872465
com.cinemex,5A67D144F728B9CEC52AC641324133793E329A8BA8259679A858286653CA20E0,353
com.dsmart.blu.android,3B0930062AD4B0AB331D09E10C4DBF6A0D0D7D30295D4B3CB17652BA570EE096,62124533
sixclk.newpiki,00C9854530CFB35B5042572E30F9153D6030AFEF1BDFCED6B10C03A586E1BB8A,410
com.revanen.athkar,FFD575E10732E6498D307CA926DA8D105A509E7D6B3396BBEF02E8B75665E111,101
com.microsoft.xboxone.smartglass,9C10605DF82A2541ED63C7BE37359470A02FD7D82A294A8BBBEAF7A689358A95,210910003
cgeo.geocaching,896609D8203440327EAA29FFA2FAAA78B23769DA03FCAEF2A5143674AA2D3440,20211008
com.yomobigroup.chat,C0FFD6E43F4BFBA2B5F51EC188FACC1CCD19CC020271EDEBD9B3CE0DD9F1C6DD,100210
sg.cocofun,17F498AB17E14EF57B1ABC60A17E92D892D92C950399B24EE87C0D5284A9E288,176100
com.showmax.app,BDE8A94BB7A9852C967C4EA5D3FC3E69A325E7D997131433426EF9C0367FB7BC,7100005
com.fandango,439113978A3ACB1B506DF173287708443F7A321E930202A109FE5499F9B86621,278
com.tru,C2B41D619DE409C5DA2CE4AF37F3FA37E2407C5CFCF4F91EA02B0B09B2C12ED8,11347190
com.transsion.tecnospot,B0876F893D88E911351CC84A5EC20B39DC8A036AFFB027A18CDF608C66FEA2DA,30348
com.ncsoft.universeapp,1886B8BDC24042E4593C4FC14924460788FC67C56051611AAE01E86C67EAD405,14003
games.paveldogreat.fluidsimfree,651BCFD985DCE89AB32C63CD0AB4C71C17A83BA898A852F232EEA8E7FB4C48AC,2003170
com.meiqijiacheng.sango,A1BF8760878723F7E550EEBBD31718CA116875A19602FEC887196467E62CAF1D,190
com.mentormate.android.inboxdollars,72C36FC6418BF6A2F2A265ACF935E717E215F018D55F19E1903E3F672BCE7322,865
com.applepie4.mylittlepet.en,6D3B503DEEF0B6797385E9F8245B72B98D9555BC2009CE32E0062766A82F8FE2,148
com.amazon.avod.thirdpartyclient,97B57ED043E464DE4BC101E026AB553CE6E8C6E1922081477DD22E654ABF1169,307020547
com.eventbrite.attendee,45462ACFD1094DD7BA2B28A97B857F2271963E33F5B9102A2A7BE5A19F0A1486,25113
com.instagram.igtv,C1D49641B2171AA4DB64DFBB010730DE4B720CCAC7BC949803DA0CE2C00B0F99,311637935
com.ugroupmedia.pnp14,E0DCF38A622E7F1C705D1C391996B74C920437151055351E4530878BBF7CA39F,15014
com.outfit7.talkingben,F19A90131BDCE72A7B85A611E917F2E5C5BABC2E2CF3C48F87FDFDD03693A1ED,330
com.viki.android,FB316218F15CDCDB941CA30777CB1E3B7727D0502739491B6E90130756E5C81F,53400
online.appflame.app,58A5D53F52DE11509A53A120351989BA7E75C76BF19E1FEFA88DC0620D3A9D31,415
com.devsoft.android.ClapClapToFindPhone,8D12D15E01F8968D8C6B44425C7AE86DEB937FA06B154B97BD7FEC4A0C5F4B92,96
com.popsworldwide.popsapp,715F8A1F9ABEDCDA1331D426F38E813B8E7B1638991ABDFF352F58740B72950F,3773
com.vidio.android,B2D00681D12F3C30D2E54F151D5AC2D8BC59A619EBFFA603A61D4A3DAB419656,3189105
com.buzzfeed.android,9A62B6BACA4BF5CDFD63ABA0F294809308460873256D3A95DCB288AC8C10A44F,202118002
com.nousguide.android.rbtv,0615B9C71C168C8864DD4C282C10B821D0F52F2A106835199ECCCE5D0D82BB93,1620196
net.ib.mn,D86458414086702B37E14009EFE7A421D9246B7C810188D6AE254BA3719E4801,2694
net.ky.lovealarm,3BF63E90CBC2A9A80717792F7895B5FB6DDCC63B806C2553FDCA66219AE8E26F,1011201
com.erosnow,44935388EBBFDB9B01F872CE66FFDD53D24036E12F9FC8F271A95B716AE7FFE2,770
com.magicfluids.demo,963BEB4F43C450AE3C50D45DFB53A6B412455077A7E4C8CA1C679EAF3E6069BD,186
com.textingstory.textingstory,7461FFAEFBCAC0E390804BEFC4FF1F2F00CE412B9289C44AE4C7E7FC611BBD1F,68
com.pixign.premium.coloring.book,906EA2A2B53AA3315D0A2503ECA382E1382AE94CB1C119AE99A0F763C6F705BA,12900
com.cashitapp.app.jokesphone,A8172EB6359E6BC3CC4C1BE4EBC4F804EF9E46474A5E8DA52D9F15B528D9799F,172
com.wallpaper.background.hd,F490E5AB9DF1A6CF76384E8C4B3BCB97205481709F0723C03E4478370FA312B7,108
com.nickonline.android.nickapp,27451FDECC97038F1BEBF418790AC7452BEE4F189DCF0E74784CAA2D6F2D66F5,172543984
mobi.ifunny,0C545BEBEAA5AD116F634B60991B585A0BDE9E8397AF031278BCF03EA90DBB0B,1120031
com.vimeo.android.videoapp,8CA948498AB53A48B64298F9078253D1CA3AB833A3436C41FD2707C2126C6CE6,3501000
com.ryzenrise.vaporcam,09F687D7ED15991D6AC9362CEDE89F9F4C63D4BE002F4617700DBC4D699975AF,87
it.rainet,2B03933A75923F62B9174C6E35DC12BC1B8FB19AEC0A0FF33CB979C3A6B6A8D7,1903020504
com.appspot.swisscodemonkeys.bald,9C910108B014F407261AD88DD63627D13DCFBC3C493C1418B5041B7C2427E574,37
video.reface.app,942F38D7256529A526EAD6CFD24F7156F5C1DC0F364BEA2CC29DB17B4FCA10B3,253
com.digidust.elokence.akinator.freemium,2281870990B79F613F41F0C325151D0A7D2ED5FC2AA5B8E2E0C18AC6BC066876,226
com.graymatrix.did,DF801D56AA9B0DDF1C5674276236FD8290ACE063FB705513F4D55674E22E2341,203230204
com.patreon.android,1089D4A95E609A3175F9B4FF3F21BF7F45210E739FD64CCEBFA7CD3713161A67,647
com.tva.z5,EBA6C69390EE318CC21F1E775B060826D497BFD66AAB69CD5965262B3CC4C35F,192
com.spb.tv.am,5C4CE0A0D0A3E20C81EA9029F25483E5A7FCDCF2E1AD218087014471700810EF,10210
com.cricketwireless.thescoop,C76061B7C9E004AC906399A7ADFC24D1E30F746D82799DE3A6BDB6DC1CD83BA0,760019
com.dailymotion.dailymotion,268E075109C53A6DF7723765B049F004B751BC32DEBA5F6FC5335E05C0E02756,16315
com.africasunrise.skinseed,E0ADB555DE8D959ED8BBED1100D2DF5F54DA36886A14CA53E6919C9750DFD75C,167
com.anhlt.karaokeonline,118C4308D39D976D76D1B9981A1B9863835463ED5C9A1463E1FED6F633B77199,45
com.skmnc.gifticon,906321B5C74D74D4D43AF717EE2D3EBBDBADE90C8371E17118791F9AA8E7ACBD,188
com.ismaker.android.simsimi,E50CB586B6FD9B3194CB935C1C586E28F5EE98536D3F92420D803413D7398C15,526
nickname.generator.free,A9AFCA2132F2B8EA85479A6F3A112BE81399035B278727E6534D39BD8EA00898,32
com.didilabs.kaavefali,28563F342A68F91763F2DF47709045CA0FD1B65C5474DB9CD16A45AEB75AFFBB,301
com.poly.art.coloring.color.by.number,E07D7DFAD8B09C7FE6D694ECF5F1BD268931A8FDCCB2399041736A60909F5CB1,42
me.zepeto.main,1353B68BAA0F9A5B854068B4761616A742D43D204099B7D17D8F1A4DD9198CE9,30612
net.flixster.android,7BE551249AE7A2B64C2A429C156900826F85A31798C2E16EFB809C5727864CD0,100000039
com.appcraft.unicorn,08920DAE92E5217C0CB45B390DED269A02865BFCD975B9D4CDA7AEE23E7D2DCC,1490
com.tvtwo,AE092D61E33474A189F809B198AA0F88D43581FA0325958427F6A41C8C09F13B,16010
com.goldenheavan.classicalrealpiano,58ADEE6CFA5F58D4CDF3A619FC45F02919F8110D289D2DF12D9515B05EF6FDF9,18
com.turkcell.ott,6BB8289AD937EBB1004CC9B3305B19D2E0FBB0CF92B25006DD6274D5EEB14E08,5100002
com.enhanced.skineditorstudio,3DE27433DD874CEF008404A6834E22FE57391D357AEE959CDD6D75A96D0D0B43,1340
com.wwe.universe,2B01B6B7E234A321D77B03A681941511D9A1397E03CE71EABAF2915D1D219D31,400000089
es.mrcl.app.juasapp,D47E69913B8D6CA6A1FA1056DE3FDC5F92EF45D68065818068326A725A5A244A,141
com.newidea.mcpestore,B1DD27F129BA8438AD2A264EE4F463B3DD3FA4E309BBB15E858D60AA0785ABF9,146
com.parsifal.starz,AE5CE509475F8A0BF68ECFFF5114264F9CC9910888A91D84DAE92AAB7DAC1220,2044
com.naver.vapp,4FBC506C30973A37E0E2C8C75987DA28C25130B3D17E71F48232897D376E1486,5040100
com.applylabs.whatsmock.free,99D451961DFD524180D7961CA36A4EDD4D1C07697F19CDC76B27F5D394CB92A4,48
com.outfit7.talkingnewsfree,8217A1AEF4CD4423717E13DB257CE98DF9B644E4C326D379DAF3ED6B3DEC65AC,160
com.kitty.android,2336FA9DE9A3AD9928B80CB5CD5B3B057E57EB6B437EA4F337AAA7B5F91C564B,150566
com.applicaster.pe.frecuencia,7AD23BDADAA500F968C710E244739ADDC2790DC3FBEEDB17306672C16B73518C,94
com.accordion.perfectme,35B38963857491DE06DA364581C2C3914FC1189F2464ADEA519FDFA5C7F21D4D,255
com.babymariagames.puppypetdaycare,29540AE2D8EC9585597DB5D6F27863CF2CE94D77DC67C8502DB7B7B8E1D802B1,40
pawelz.Apps.Guns.Shoot.Sounds,06EEC9C3FE2539B0B12D5A9491FCB93018C312D007B85216E1CE7CA6C2218D25,88
com.roku.remote,13A0BF597D2F811424D5D3FB9898D9C32C5E678D25C9D0077EA13E017AC546F7,128
com.amc,3DD51E13C51FDD81FC24A5325CC15BA71CB5F71960EE22C40DA0E6F6C66B641E,600789
com.hlpth.majorcineplex,7A89AA6AF7542123D3F5D11375D575DF6752724A521BC1DF43C99B4970817AB8,184
com.rodri.maquinilla,5BAE5E4A973BD7E8BA2BFF418F8891E7958AF76D4ABFC00C2F7FE2841ADDDB70,48
com.xfinity.cloudtvr,C2EFA4128835BE6782761BD0B67260C849F138E2FA187596AF7786A062AF2003,60905001
mobi.byss.voxelator,4FA6F58CAD9C7A4F858D69DC7F6E2BA8129FFE90490359E606C8A2B6CB859423,282
org.retropixel.GhostRadarDetector,52D772EB27C7F569EDC4E2E4B234CDBFE40DA56246CC088286BC7DE4CFD7B7AC,22502
com.WallpaperApp.CarWallpapersHD,3EEFEF20A99FBC0FF5A380E666B6A331CCB252E8FB39EB2B30C88F4F91D67B89,57
com.cw.fullepisodes.android,E7AD356CAC7533D883D47A93EC5A3F7B4E0088C6429898B23D6DEB89B549E843,2109
com.funnypuri.client,0FD2BF4FCBCBEC8792ED715C75211AC682BA71697EF48CA7644EA3502DCAB296,20200504
com.huya.nimo,E0679E7A7FE84B70FD439A2B5A57CD7327EA020620391A35FFE88E8E58475138,8375
quize.redvill.quize,81C7774526A6D3108A53D57D97C6CB8F8D29F583BEBE553BEE38807B854CECCD,293
com.appgate.gorealra,89CA51824A215DC17FB1A6B8DD37BF091E77DCAA9457452E617B424D954993B9,203
face.cartoon.picture.editor.emoji,FD137D4E96C5B6E749D9AEA042E20386BC1BBCFC40D62CEF0FAE897169CB5F80,62
com.incorporateapps.fakegps.fre,6D291284192402434A4EA0FB2701AADB0087676C4C2F50789B9766DD5A770752,108
com.zdf.android.mediathek,C8A54D93BBA601725AB562AC32B139046C19DFD08027780F2539E44F2B4FC71D,21100582
ru.kinopoisk,05585B39D805F283F37738684F955BC047CBE4162CA17A3265AAA9960644D213,31333
com.bitstrips.imoji,27C8E588A9ADFD0239EEAD83B2C408DAB25EE7E74EFFD0167CB6357D377C7037,1147009159
com.tdcm.trueidapp,F1F85216D8839F229520D5D021BBFA5E2F247DDFC37195E586157B8A38B60D2B,620100
com.eijoy.snake.screen,503A8B2A449CF8BD1E8F036B5459E5FBA277CE55F13547BEB1164CF67EBBC6F8,14
com.gamestop.powerup,8CB744CC6CB43CD1E76B6C3DA321567B4F5461AE1B31399EEBF157F67CDA3069,14273
com.megogo.application,DE074985F49D69D0FEAF49A877CED65E364C8520B226332B10FCA4B75DC62143,257
com.ringtones.androidringtone2019,4026CC89AFDE56FEC014A6BC301C008996EA8F665A768EDDF21C06E768105141,35
de.twokit.video.tv.cast.browser.samsung,19695B85EC37B13BE496A4546B48A44863D0139BCE215C774C39B2B9C2C0311C,267
ru.idaprikol,F1DE52251ECE6E92BC8FDE784867C6DBB0BE4805EE945BE0E7EBEE2F8E285EBC,1119699
com.ldf.tele7.view,17AD2878A591EDA7DE06DD7CDDB9DE9C73D44A96138790FC6FBBBCF6CE8DA079,631
go.tv.hadi,9EB91C5F6058244C72F1FF0722DC679CFC65CAF1C1FF3FEB9D13672322FADFF4,10097003
kr.co.nowcom.mobile.afreeca,7F9662FD29491CD1744C9C1277F903BBD2914387AFBA310E5E18CB27714BBFC5,606102
com.mobilplug.lovetest,68828A9DB0318FCEC59A314EA527CC8DCAD45007BAC4C26091B343BBBC2DB5DB,12080
com.pixel.art.paint.coloring.book.draw.puzzle.game,D28807C70ED25EF8A9E154D19BF3EF15821916449478B675C5A51E75CE37B9BD,162
com.wavemining.emoji.elite,E9E010C5619CAAC113C269BDA51E264C8D61406C7832ED72F0FF9BB2050BED34,171
madlipz.eigenuity.com,AB90CDCEE8AC95B3522FEBA7EFB0166251E020C5E8B63E855D9C6461DCCE79BD,133
fr.bouyguestelecom.tv.android,4C2FBF7A6D5919B682F4AFC921D8644FFBFDA969FB7A224BC830DFEBA82C6862,202109071
mcpe.mods.modsforminecraft.lari,6F7D4E2B3C3CF3CDC81F8AD176AF481C000705FE072BA1468333AE590E4C576E,39
com.sunglab.tripleafree,68C0FF7E491F51719A7777E65579B9D003A0414483D26A1193637562AF7CAC81,47
com.outfit7.talkinggingerfree,D41186E9255AD058FB08C91E18D743CF10A143295FF3CD0CB837B22FFE9CD50D,360
com.no.color,AB8C32F8C1A048536931AFD34200233E208740ECBD8B5ADD91FFC24418678873,800
com.nick.memasik,88A5D6C4DDC9F63D62955417FF6295555F10AA8B528CA3B737808594871DE8BD,227
com.bongo.bioscope,127503DC38D92DBCBD0D717937E4A7BE76045CCBB8DC7072B5F8265A2A702AE9,190030401
com.cbs.app,898A9388BF23950B767C2E388D35FD0FEBEA7CAD14EFA1270ED497AA309574D3,210803633
ar.com.cablevision.attv.android.myminerva,C5E7C058535EE1202A6C585DF9545687B4201840B80EF3F63682FCCF444FED15,7328020
de.tvspielfilm,8AE76941012EB2002B9D4BF13959C7C763C2522ADF586F503C501F441918C340,19010816
ru.brothersappsandgames.smashdiyslimefidgetslimy,C86D8501C68F2BEDC9E1C86C0502061FD5F3C5BCCC72DCDB8E275006409E1D0C,177
com.allocine.androidapp,A231DC9737ADEAAF909388247D36B0181ED600A6746A3B0C7752412046144A02,369
com.catbag.whatsappvideosdownload,2D971CFE68FDDAE0EF602D8D49214007D850DC66DB082E32490FF25A345BB41F,136
com.google.android.play.games,CCB808B59BFC9E9E215EAD32097924CE9111EDB62EE68834829C7AC8E4B3088C,290970048
com.ryzenrise.storyhighlightmaker,E6F7FB8641CB81664FE93CB23C634C48AE1413411CC3DCA4905B16A26FEB335A,115
com.canal.android.canal,CB8E60850006AE175A08DABD30B11260D2B67CECDC6CE13FCE44EEEB5430A407,440022050
com.mambet.tv,4017A40BEED20F0457CB6D826366C1A4DB117DFD1E0B17B3B2C6589DB81056D6,423
wizzo.mbc.net,147851D79AB9C00742B5CBA989E95BCF25BEA2407D67898405044D55F63431AD,182
com.ternopil.fingerpaintfree,B00404CC34B315A05F87F3DAA7E54407E3981B0996377C59D4DCD097801C9124,43
com.bluesky.best_ringtone.free2017,27FD3D9A56412C971E2445742EA0A5B0BBCCB3DDFB72227C8B5DB47D5766632A,2034
net.yeastudio.colorfil,EDF63E8D3234170DD7980A1802A21EDA90727D0B17B7C9E20C5919FAD09CC31E,129
com.net.pvr,7EBC3E484AE661C1D8D56875340B8CD0554C00E62E987ED1D754F4A7736F8176,129
air.com.officemax.magicmirror.ElfYourSelf,BDC4A1D690879E892A941A18A837177AFFD68130A8B5958A6268F8DE7DDA1927,9000030
com.forshared.files,5D44FBA83096A6050A2AA8E07D7FBB64D8664AD09EBAC088336D0782C54D0D67,30014776
com.kayenworks.mcpeaddons,896E1FBD2D349039346BD581F836516D5ED765982A296EE07DBDEF9384DD04BA,89
mk.g6.crackyourscreen,F4EAEF1A8E6C80C130319D75A7B2AC5F0396048D645ABE872CA3F4C87BF93A01,69
com.outfit7.talkingtom2free,48365D714AD075520103D4427B2B08FE3637DCBFBEAD3D6CFDB30EEA3854E838,480
com.number.draw.dot.to.dot.coloring,2FBB5D0EC9781C36CABA321D1E9CE56FF184063F1986E49AC1FE638B4C89EC09,37
com.weieyu.yalla,831625BB0C40B4191FCF6995C0729A83441D346B2202578CB8755085AE0674E5,222
com.crunchyroll.crunchyroid,7941CB5838AE2CCA0910C6485211600DA4D73FAA4A573E05D73D66523DE30B77,528
com.absi.tfctv,C1E75D343F8F6EA1370A3B8FB312E16F476BCDE4ED3834575DC0E28C25EBEBA1,4194790
com.redbox.android.activity,92F45E05D65C07F9559539CE7AEF08DD9B9B4DD9ACE166B46A33DC9CA870EE6E,5003863
com.tvf.tvfplay,631E1CE2D8E3C0121C890CBF5F7B1AC9C507C100C54326D685A6DDAF281A5E16,147
de.twokit.video.tv.cast.browser.lg,644444C92F9E19EEB03BFF0DC8B77B40E929007048A06E0D76418A417213CD48,45
ru.cn.tv,A2D4F4D5D14B6DF418C43CA9D17C758B05D9E8C5D592D61F64ACCC75668E5EE4,35609
fr.playsoft.teleloisirs,D7D5A8E1B0A0E935B96B64918DADC99A0163F33106E87E9AAFA0AB6A84810553,7050400
tv.pps.mobile,B74AE568243260A3E9D83A728ACA12530965F96AED8EFB4D9D894EAD917C62D6,81015
com.tozelabs.tvshowtime,62E2FD82D6BCAF8E7213EEBF7332BD7423DDC2BBF831AC654E06E12FF27A4A88,2021083104
com.spacetoon.vod,E4C41039A650A8BF8F0AF8A9496E20B5274116F862E39947980A8B4479B6BED9,136
com.fungamesforfree.colorfy,945C8B99FDD956B6E9D15CDF0ECBC2495C8EB6E4F29F37DF2CBD35524FF0D668,457
com.inapp.incolor,131F35D46B2B58E66F9BBAC4741A151606D365145F026B20A1A21860BC4CAEFC,62
com.facebook.games,50A456912E6F13E7CF57BB7523FD67F211BC52FC708AB01FD13A8A646D9B7241,323134416
com.microsoft.xboxone.smartglass.beta,F166C9C2EBD1857488F014A4096EEE9374C32D089992DE7046F516FE02F60A38,210910003
com.sm.SlingGuide.Dish,B9EA0A117159B09A19A2B4C218E4C75FA74DABE31CCC9473B4389BAA1ABC1869,5033820
com.jb.gokeyboard.theme.funredroses,7EFEAB35FE47D0B3E9ED142207B4195E516031DAEFFA717A3378F8D15299C120,151
com.brokenscreen.prank.free,7DB6793A68B628721F24BF754FADB9406FA6D79F2A7B40DAD1AC81D724993CA6,98
com.tiawy.fakechat,5201FB3FF56E16FBFD07539C8D998A36762463EDA54C6A16E7D66433BA9832A2,21
tv.kidoodle.android,050FD49BF5331D51E4C122C8FA2B140FE67EB262EFFDF2635FDB953DE9F2B723,762
com.motionportrait.ZombieBooth,57919672D4D2177762DC4D427C6CBD5C4AFDEF52931D3A6DFC563BFBB5F33B03,441
com.a3.sgt,F7167A92A90A06C5DFBE48BCDCA6D40FEC400548CB7A49F4D601EC044453F6B2,231
com.ideafun.paint.book,6426A8A35B0C4C9023B68DEA46D010970DC8B94B6EFAF3E1CC5EC9C9D12A9AF6,10031
com.astro.astro,C3E074D5B3118F2C5D6B91F69B88A61A64CB04078384234EA58E34602D3542D4,80472
com.audio.voicechanger.music.editor,29E160E7FCBCC464B4BA5E40FC5436A1023F27E4B9A9174FE03301A5218B9288,55
com.shinemusicplayer.androidgpmusic,E9A5FA7FAE630A85FB3326F1EED4864962877665A00F2C65131E43A62C878A9D,320
id.tix.android,30762B41B70A2D549BFB83D87B12F8AE701E1D79710683E11B1235E279764364,73
com.nbcuni.nbc,B7B16E5EC3F8E79DA6C405621BAF1F900ED80E63642BCFBBECBDA26D57788558,2000002608
com.jrj.loudsirenringtones,AFD7E7691F418577C3DF685A530259860CB18F334B327A50CEED09DEAAA03938,53
ru.ivi.client,FBA7F126AD8204E7B57AB4C7FCEF33750459BA0F9E4F8F08843C03FC6F7AAB6B,12530
fr.tf1.mytf1,18FE682440329EB9C80949D5D9EB3C88015DB8A1E7FA355C61AB03052C37A77B,7301
com.tdcm.htv,CFE52DC9C9EBF557893C2A90C1C27E8D899B0FC2A82B10F46BCC029D1C5FA2F9,580200
com.batanga.vix,30194FF3062D360C6234550F82ABF60F32939865EA950A4793065E91AAF229F9,2004205327
com.globo.globotv,23CA3E6F73DAEB90928D75060F2B837288B71A7EA75796AF719D17A4A07AC18F,592
com.imbb.oversea.android,A63D72223FD4665A91CAF81AFEEE573441AACDFA78EDE630FDFF4CBF0DF5DF1A,98
com.moonstudio.mapcoc,55A21273CA5B109C1B10A6EFBE1ABBA3759D25BC992BEC59FBFE001527FAA745,78
com.palringo.android,82FC7A8483F043F0F2BFA52C2FF3610482E225EF7C1898F7BD84D3D1FB432A08,459
com.vidangel.thechosen,2A737831087716C14C0E976A6A4975776771D30632907FCEE2F0BACCD13631C8,136
com.viewlift.hoichoi,6245DF1889A95675ACF3FD416151DCD934F1D2E6286FA96D82999BBC790B49FE,101074
com.foxtv.android,ACBF0FE9E13327FC5AAD144917EDEAB8C31C82F85DE3BEED61455AF3372C218C,96
kr.co.mokey.mokeywallpaper_v3,066132388B2E1B53CF8E961EB92D3E99F7ED9819A3711D68F85EB64F4274C44A,142
it.fabbricadigitale.android.videomediaset,1A8D783623375B05B3F8BAF52C3553C331DF82CF1818160EAA1373DAF12F4B22,600004002
br.com.telecineplay.android,5DF0B4CB57564B12D0643F9893DADCEB317933CEC3562F18561869B204EF3A86,4525
com.bng.magiccall,0A1C736EBA6CF5C78970B1CAB617BC83AD2F2DE760D093ABF9BA0003D70C6587,729
net.telewebion,AE536FF6D0A841F48C049ED43E982771313F12954CBFD5B7B0D0CB23DA62D76A,163
com.telly,4E435CDA072BFA0F292A9D61F2604E7435EC92B0A2BFFDB06EB8A6486B79DCEC,6003111
com.free.drawing.coloring.book.paint.by.number,09A02EAB81626B34C00C0C44DA3A02E84A56BACD079912BBF0FA64BD26E66F89,114
com.balaji.alt,1DEAA96805CF97B77CF2DF64E91322495D22EACC989E31391BA1A6AEFFED2A67,6837
com.hello.CakeCookingShop,0BB83FD3054637DA0E7749831A921168F515D7AB0D2C04D537E7EAEACE56F62F,22
com.anhlt.karaokelite,0875E373212CAF6CC5549A8E1AF7C264CFDF98A1C16CE141375DBFFAD2F6253D,32
com.appkarma.app,7D265A0AF73C3675FBC0582E3CAE07760CF3BE0D633A61E277914860763D53C7,160
com.playstation.mobile2ndscreen,DC142CEE051B8CC6F12DA1698810C5E7A3CAACEE0A85D50F9C2044E26B8B23C2,13
com.ipspirates.ort,5B88693806051BA13D2D97D38988D6534D47DAEDE96FF17ED7EFB7474B068D0F,588
com.polysoftstudios.www.fingerprintlovetestscanner,37C7D5371DCEEB2BF36F4AED2D61B1C1219E0395603A8CDA2F206FC1B1A9E8E9,1200286
com.digivive.offdeck,F483F30ED5F2071D3EBE5B41FD0B635B885BCEB21C756C0EB614B2F42A9CD9BB,14990
com.sumoing.recolor,69FD9BF0570501B4B8108D510F36016DAD7C758569841CE5B47A96A2BF988FC9,205060099
com.gamefly.android.gamecenter,E1E3ABBFBF6D2AE6A2FD2470939F11C4F6B9FC5AC4D3822DB791DB8EFE64BD2C,1633468706
com.pokemontv,B542B5290B8B93B32C713B03299C73C0220C941E400118F8591A4BE6499642A1,31412087
com.app.emotes.dances.fortnite,E1F256E4054048BE21CA73728B8D41F14B38ECB417527DFEFA5FE2015B93AF04,35
com.drink.water.fun,350AF554101E4CAD1CBE4C63D88E4B7F6703B51D0556F54CDC1E672FF65E82D6,10071
cdi.videostreaming.app,2BE1357F6B8153561F701A1D6586A5ABEB1DB3363FE0A1C9C68907BB39DBD842,87
com.testa.databot,B272F0EA9DCAC1A32274196AF7A21689118ACBCCE9FAC2B448E83BC9A8A8C775,70
com.disney.disneyplus,5BEF996CF31FF3E39011ABB8CA4DC6856FEA86F605CAED15AA70A179625EED8E,2109300
mm.com.mptvas,261E460EA23D75B000DE40628062264FF9D698B5B16BA0C83C5E7E6E2C832C92,20210923
com.fox.now,D4288D4AF7CF3EEE1D2BD7054D821C981EC4E35F6559A82DF2101D48BDDD4242,21100101
com.imbc.mini,F5F60D13E3FD18A9BDE9362E330E232B5F50A784798280B7F82E3694791DCA2D,118
com.jibjab.android.messages.fbmessenger,31D455FBB70AEC09494DA1B35EED35BB7EBC7E140C4463522098F9D2089EB33F,3191
com.fplay.activity,1D8AA623E29B41041DBA507BC5E409FDEEB85279DEAED153B862FA3CBADB342D,1079
vn.vtv.vtvgo,8A003C306E044B4D295E2CDB95815C559FAA680D8450102E82953691D6DA9B53,199
com.androidrocker.voicechanger,A1DFEB0F55372BF3CF828EA1B4052712DA6EE9AAF894BCABC014E9105E83E82E,112
hu.tonuzaba.android,BDAD5D70E8A8EF0CA4814511CAC55BB571A9592DC5423C1BB58EDFC7ED9A39E2,231
com.dstvmobile.android,A0839B3C7BA7144990F481CAC2BCD0982692D4F77F83A648ECFF35AC2B2080A7,217020319
planetevoyance.la_boule_du_voyant,80657309534C955C5CAC52572DD3FDA753D834CB916785915987CBCF1AD2AE2F,34
com.kauf.mybabybabsyplaygroundfun,1047CDFF77EAFC4BADA686E42969FB6B89FCC82BE38D2F41DED358D8AC7B0E69,183
com.coccoc.trinhduyet,49F3B19B42195F56605DF9DE3B6E8EDBA9ADFB8923DB5FAE28CE44C95ED5F557,657709023
smart.tv.wifi.remote.control.samcontrol,C1A87096789965B985039AE5294F72BF9E3D9BF5CB353B019477DFB976A6A37B,28
com.tubitv,866A8F1850AFA1BE97F3776902742B926C3E1D76A9C2F1573BF014516BDB8F31,633
com.scoompa.facechanger2,17F054C9CD85C7FB1C1D6522FF8DF935D458519D9D751CA603629CC640AE558B,83
com.fidget.spinner.fun,A3C734C1726183D81B14EA5A644C1F6170659E522C89A3500F1A4FA7EC8658BA,10043
com.outfit7.gingersbirthdayfree,56EDF2F5A405F4718F0042933247E6B40087603DDD1EF71D1A05C473F43A223E,350
com.blim,32695C31562E625FB95C993228082255A06D201798867C633A244F640E95EADC,2190
pl.ayground.coloringbook,F1D0E1D62CD165915AC3E41A99C7A9201A095CF2069DBA3D6B43BB513F7D140D,261
com.haryanavi.dance.latest,E7EE778132E52A2A878BB27325C9A1E402413D0F9B7EBE64D1775916B4F03E2D,21
com.starz.starzplay.android,DA3F0B7EEE17D6F437F617D69F1E2AE4B3B706330DC29E2C22D6A1D8A5EF36AF,2633
com.fun.face.swap.juggler,2FF4677D6F359174775850F8096AE1731185A1E8E0FDD8A1327B83885A6B12BE,2053
com.orange.owtv,46B96AC74F4D3151F48759D45959565537DF58DE0900925E3E03FCFD4AB0BF3C,3924
com.dar.furniture.mods,0D18B2039EEA97B27BB75260F90CB3689895BD20062ECC06939D3A1A246FFE0F,16
ticketnew.android.ui,AF8214C8B5608B808D6391E5505986AC9CA7C3DA149191F64FEAA6D5C34552DD,89
com.outfit7.talkingangelafree,B712AA242161DD3C469997FB403ECC810A3269F5620D1DDFA188A067E3294DD4,260
com.valvesoftware.android.steam.community,098745C6EA98C251609DCF71836F053E655569CD6908586F5548A6F6EB0CBF29,6549178
gta.grandtheftauto.sanandreas.crime,C9F6636C8EF49FB7ED6CAF1B5554F582F98F0F800399F4680F5350D608AAA675,10025
com.zueiraswhatsapp,4861B45F717E237FF7566B1C1D9C36E278F8C3E85C7329F774FC16CF4041CFDF,69
air.Cinepolis,EC0E6981C730CEA2748CE8CFDA55BE2174BB062E53B32F52FF1F09D5F58E6B9E,50000036
com.globo.muuandroidv1,CAD76C28FDE39A5D46860A50378FB7342CBD2108F41E79ACBF6B24CD6FD179EC,212
com.fta.rctitv,61A3AEA5851577A136688D579EA25AF6C3CC2901D62D4F4FF897D94E4368FE36,131
br.com.netcombo.now,32211437EEA576087F803AB456B537D260FE707F5EAD25655A08BFFF59A4D243,10250100
com.spudpickles.grc,9F2DE746F20C167E743071FB46ECB85E8F7DD8122E99AA80B53E49C106D4EDE6,57
tv.pluto.android,3FE9A5462D286C2C269C03CCBFF3F78E4E7AC8CF51905AEC263704E17413918C,410400104
com.sa.electrico.tacto,0E925EDB25A313B05478956CA31B67E20087CFAC6B8DDDE6610146AF7E548BC1,183
com.kauf.soundboard.baum.FartSoundBoard,9150A25CA2EC5254224606659737E2F64FD195E1367E1EBDBC69E75A48F2CED6,140
com.qb9.skineditor,E3868EEC19CC976B8ED897FEE4D339D7296B9F560EC9216F1CE8265407517A99,95
com.aetn.history.watch,D67905286B0F34CF7FF284FBDFC84656FD113BE5D65170DEF949FB43603A1F14,38058
com.appspot.swisscodemonkeys.warp,20F96B5DDF58087069BFA3B0EC05F6BCC4ECF0E22056C6829D5F1DA97191B25D,24
ru.imult.mult,D404DAC286946B42FDA47706523096D5D64FC71A2B84125CFBD29FA8F7378557,454
com.bt.bms,1D2AD0EF70BC172457C99143031640D7196F3565B4A33D50C98A0A51B0F381C4,9502
com.rbcd.countdownapp,44A702C5718928D3E651592F9A5F7E1FC8F4CCC0CB1942D1B3C878EE796B52F4,11
com.showtimeapp,5335E7805B11ED80B1CC41F2176F36582E3D6FB8B3615E5A935A03F86BC408AB,10432
com.disney.datg.videoplatforms.android.watchdc,2EC6A5F183E1684AC299C477FC94290104C35901C3B047BCBB998B1A11D51585,1915726
com.picsart.draw,8C97CA59B3F7D157B973FD748B44DB84463D9F295821BED1A2523069B77BB1B9,70
com.TWCableTV,F86F37579B07718CCF7549910CECA0737A8FFECA089DEF683A8FA953D2725542,8340002
com.crema.instant,FFBB69528FD06070EF7F97A3F9D8BCD46D9E464C86A12856E6984403411463B7,40
com.lyxoto.master.forminecraftpe,27F58BCDBDCDA3D9516FAA68177FC50A6AAB8E33B27BE451CDD3FD879A57AEA3,91
com.kauf.talking.baum.TalkingJohnDogandSoundboard,DE8DDA3F580149E310A3D962CD53B9E54926667C2CE987C15675A360BB6D0596,366
lyricalvideostatusmaker.videostatusmaker.videostatus.lyrically.lyrical.ly.lyricalphotostatus.lyrical,8EE4324D04371333D5A9DB5A2B040521FFA9D90A31228CB21471AC516F2B5045,35
thevoice.sing.karaoke,F3E44DDF796A7E089EC5FEFCCEF45F01A2E5B99A187819B2C7F4B3026A62AACF,2001074
com.no.poly.artbook.relax.draw.color,FA36BE149F83BF977EFCCC672204F1FC38C7FC0D20CD7F4CD3D76DF72C8D1895,21
com.outfit7.talkingpierrefree,7A1DFC87842A6655B083ED54922DA5EFEA7CD7FDDCDDC7728FAF480A9ACD4701,120
com.funnykids.shows,C7FA5A28D7B06F843AEDF66C7187BE269739294F7B78A7BE33CD8DD5914432CF,20200924
com.playstation.remoteplay,0C2A7C6C1B3DF98D124C1A6A6CB512719AD0D59B7D1F6EF710A5E3808E3849C7,45152
br.com.net.netapp,9AE18BE0E3CF7AE8A76AEB4D1F097CE2E4956671BB049F87A5A46B6A3C86D65B,821000
com.playland.eyeart,93FFF784C124D5F73215806FCBAAC1C8FB57971FA3217489A051F4CBAFC29C0E,21
com.dogusdigital.puhutv,85820F65F506575ADBB63A97EE727DB7D6EDD1F7CEB91DBE0C57B34B0782C22F,275
com.powernapps.acallfromsanta,96B842964B2910B9179DB90B6C0D0B617D2CBDDF2CE3DC57FCE5813FBA59DA20,23
es.plus.yomvi,0D85B69C22E47FF9F0EB88EA7286F111FA60D20C3932C77DCA657A3BF502C74A,321
com.science.yarnapp,CB4AD12F0629363032FF562FEED31FA1F54215F0AAB448A5A5E69DA72983920D,77060
com.lyxoto.mcbuilder.lite,F37E4C3439C57423552EF2DAC6910BAA68CBC1A998BAA16C8329204B667F0438,1530
com.thechive,AC105340266DAA3814D470221E6A6298AC38C9D2CC14113FA15BC7B6672289DD,433
gpm.tnt_premier,27E6EE255FEF10216CB27145177BFA2214CB83E706A565F384BBDFFEFE07D84D,758408
com.style.sticker,E0696461E4AF674DCFBA1DB132085B9278802A76BDF385DE9BD1F1844470B9A4,3100062
com.hungama.movies,EE7A6CD5981E9C598B22406C399DE3837415856DA86129F129D46EC004EC660D,63
com.pjmasks.web,3E3016267BB3D7C98C1CD7235D54104434EF5DAFB382616E382B7F798D1BB7C0,300039
com.glowmusic.freetubeplayer,0EE77B0BF850B68BD2E6053C9006B5F9123446E4D403CDE9661AFADAD526AE2D,94
com.amctv.thewalkingdead.deadyourself,B654FE2A6216345BAC87572A66C2BCA43CE76C0353DAE9159D333F602A315C2C,2016010449
com.scoompa.talkingfriends,BF85C2107D84F69461E4FE515D97F389BE3AA2D4DA4AED9129CF7DF403284058,59
com.photo.suit.bodybuilder,E3A7AE56F4E9FB0306D130A4D4FC266C754822392F8C55B16A654624651E397C,40
com.disney.datg.videoplatforms.android.abc,D9B08745033AFF4E35E7C2612B1DB78CAA8E1709E566FC3EC3F98D4B38A6CA0C,1915726
com.peacocktv.peacockandroid,DFF5254DDDB9B77BEC7C8E7AB2A7DFC903A3F742AF4FC34E5A1EF645061308AA,121020904
com.vizio.vue.launcher,87C3BA8E6AE6E1BD0DEB9E22816B581852AA1175362B590D9F5DD7255C3C1960,8257
com.fakecallgame,DA9037C1177CB20554529185952244EF3531D3B6702B1348505C1B63442046CA,43
com.ubisoft.uplay,8E70D6BD4290081378DE87049C2137F11348E652E89A15732FE25C58129FAA2C,144
com.rtlab.namegenerator,C99EB03C8D960A185DD8E948A61C670BBCDBAF6DE490B58DF8528864DF1BEB9F,76
com.suntv.sunnxt,4506EEB926578CBBE32E1B4CE24A47D649DCCD09D0277D354EBBD55C819C031F,762
com.bskyb.skygo,10F64EAD4355E3FC3260139AF6555C9DF3260B8490C2F9D77CD8CB6E275490C9,51200045
fema.serietv2,396B25919C2C4B14A308BB4107F13C57061B899D6055597D67653444E0BF372E,274
com.ciberdroix.ghostsandspirits,5CBB33D0CA0ECF1BC95A9E66CC28A0AC580C70493F39B17D235E29A5B09396B2,40
com.bydeluxe.d3.android.program.starz,7C0E8C5B2DEF3680794805634452CB2C1FC3FB7C8335A6E8D522EBF2A0AEED33,2633
tv.sweet.player,8366CC572065E79EF21932A90E08C2535B14456CA10A60EC012827AAF18E789E,829
fr.m6.m6replay,82241BDDB00622F6B512A3345E3A2F83FA1611BD76EC17D758063180451ADB23,182
com.piupiuapps.coloringglitterkawaii,75271BC66F6C0260E26EAB7D618D67AA7B9AE79F15B8383E604033C9A5976B68,21
com.scoompa.facechanger,CEC287B7DCED33AA7BE1D8B4E66FAF2197B8E93546298A8BA9D25BE3A92B0447,166
com.gotv.crackle.handset,85289C02ACD61CDC4364A9D4D995FAE96A3538AFA3BF1753FBDF974632611B4F,200002163
com.kitoved.skmine.sfm,84094F48F896DB8CC618BCFF361121BBDAA91B78EC24645091773AE9F59E86E5,51
com.massagetherapy.bestmassagevideos,4E5C356031CFD5FBA4D14EF8F30BD905A7F8237298896B63FA88E586834ECE82,30
mx.naat.televisa.video,DA69C09E62FB4B2ECAFA4185D88ED4DF5022058B797AF75268D9090FAD032FC1,319
com.lemondoo.milkthecowfree,4F34222B411D90F84115EEB8B3A07A0A2BA04797A2D0543D46CA418D6BCE4B52,410000
com.depth.visual.wallpaper4d,ECE0EF83B0380F0ACA8377ACBB41C2BA15FE72AD4A041297E17E3ED6981E15EB,34
com.yodrstudio.coloringbynumbers,6ABB3B250E523B2676367962833696AEDA3B827F7098D088CF8681E86E0B2096,71
com.solidict.gnc2,21789A32A8FF29A354B95365E424183B27600D206F66C7A63014635BB4FE8B91,62
com.hulu.plus,6CF6B4DAD65489FCAE8EF7F30490CC3D612637AF872CF1824952959940F26D60,4008021
com.fatcat.SuperModelGrowthDiary,F9AE0C08FB8F28EDF3287B0256231C5CDAFCA88E6E80528E91E8AAA59DF06C8F,18
com.directv.dvrscheduler,C14D724B295CC7E525EEC0AE0C836A8F624D6A3839B8A34CF7FB0286EA7B4D2F,225
com.yemenfon.mersal,14880A3193C4A20DDF55E38699D59876D5725ECDAC1A27CB0F2A61B85E6790A4,75
com.kauf.talking.baum.TalkingDonaldDonkey,77D626CECDAADC111DB65246C6C1283D5DBAB073399FDCB12EE8EC823DB5383C,175
net.joyplustech.android_mermaid1,E4CA78CF90BEFFA2044528F2DBB7258CCD09E31BBE56FA355C4728BA918517DF,20
com.antoinehabert.truthordaregame,159EF9CB1CBA8991B2B23721AB655DE921057FEB73FBF9585BB8433010F48824,9000018
videos.para.whatsapp.de.zueiras,B0514C07FBD1A124CFA65E6A3F2AA56AC10A71B6D75D674A03A87AE4EED3CC4E,25
com.crack.screen.prank.bfun,B621A2F97B1874CBC28E16F044C0148D512F2457B5182BA471D84685A7C5F46B,29
modernhouses.minecrafthome.mansionminecraft,A391A145D020C5C68BF253006133988EBC3DE9A4F93977567A4CD63BCBE8A480,9
com.mobvantage.CashForApps,9F4B8B9A9897C5BF2165A911B42C5575181779D5C1871C3D7AD749805491DEF3,211048
com.colorfeel.coloring.book,3A845E9C1AF3BF370556AA853A9CE8045E13F2BE56DEDF4883B198DD1A10F80F,71
es.treebit.decisionroulette,54915B962298A5DBE51C42534A45AD6AA2EBC273C9A263B2C53BC2D2CE8DC8FB,30086
com.minecraftaddons.minecraftmods.minecraftpe.mcpe,DBDC678907E62CEE0437DA39D282A3B4F8D3A0E2FE697A5C53B4AB167032026D,11
com.scee.psxandroid,89EAEAB16F00375428F88F408EFC4088DF2F859A0A7572A67423FD706A1908D0,21090005
com.spbtv.mobilinktv,9527564080825386FD4036FB3BB0C81FD313916AC1BC6B2257579A6C0579B24F,30071
com.devtab.thaitvplusonline,EAA05CE09B5809D3317CE18880F04B6A6A703045C3A68573A94332711924E395,32
com.leziente.gtacodes,D45239E18F2AA35F17980488D9FC5C0831D4C80AA479CC89266655D390EDDE8D,22
com.cuneytayyildiz.sackesmemakinesi,4CE28B9570B16F1CF18F23CD2F12F60329A92F9BA50004C0A36D91E060FDA720,10001
com.electricfoal.buildingsformcpe,4E249FB6D0C6FF511C8FD126FB62AF6447DB691CE11DB308B33230325327FBA4,64
net.cj.cjhv.gs.tving,860E376FEBE89381E61546FE61AE3AE6D9849EF8DFCB890DFEC381BF1459219A,422
com.simplesoft.launchpad,E2C0A3D855C633467613AE48F4CDC2F59579A6945FEE9DD3A333DB7EDF19FA3A,6
com.baviux.voicechanger,268DDF74FC576CA512F7E1D73E119D202D77141D76FD3D88028B2164EC485B10,3805
com.Funimation.FunimationNow,74BB3D133671546BF6B007AD2A0BDB9EB47884B718502E886F1B8D688FB56CBB,997
br.com.sbt.app,CA47B1124C0D909FED27AFFA1B89279F962AB0AAFE1E291EBA04DDC1274C3027,20
com.techroid.fakechat,A985955C469EA1EB65E689896C9941468EE3937172E270A7230671220074DE7C,58
com.cgv.android.movieapp,96310FDCDBA046B769B4E2D40368DCF71AC3BEA62A21EE3D00BA3B0C78038BB0,466
com.gta.grandtheftauto.five.cheat,F14135158625087D85BEF4F6DF16B68B8CD91E2DBE3C2EBBEBDEE04F42408183,6
limehd.ru.ctv,F723809C774C41FC8ECB3A75478EF22121239344CA7A3C692201C2258AE282B7,224
com.youtuber.sticker,1D0D5665B7C3F3393947373DC1CC9A09B7230439276E87C6E69A321127DB86CC,18
com.detector.lie.game.prank,426AC800376A0A6FE28B625A38A87D4863B5D635AFCA263057B13D7CE014484F,29
play.tube.video.playtube.videotube.musictube,95B4B7761025F458CEBD244F24FAAEB8ACB696496C3687DCE7CE195C5A992CEF,10108
com.handroid.cameragunfight,4314C0F0B466913DDC852FEEE2EE44A53BB2FD938E82A4873834030DAAE5DE3E,39
tools.soft.hdvideoprojector,57130077CA07C569613E20FBB877F6CC03F29138220A0C3D871C38379C73F092,12
com.maxstream,FF252F467F3CF06F9D60A311DD10205A9BD13B7941B4BBC12BE22DCEAC1325B3,5447
naveen.Transparent,56B12037F8F32DD8DB14FF2F9D1F9C2B1FF7C1AD4113B54C2FC3A2AB7A50D4E4,62
br.com.band.guiatv,6E571BD284BBD186C2C4397FE8F74B9B6494B0DB3C46DA0E2C2B805D8A0C6EBD,40600
com.tubemote.app,1F463CF2FD2904CFF9F315119A09689442E4E86B4596B54E96B78FBA0922F986,12
com.km.life.babyboy,20A23EC98F2893B0D4982E5857C7842DA139E009BA319C9E17B428C1A614CBD6,23
google.free.supermodel.peachygamesllc,695A046814A53A9E416DDE47D8711DBB8D956F08297807E1BD4C9EEE81A9F817,8
air.com.vudu.air.DownloaderTablet,6F5D57E561EB6668C9B19AE48851674486D37A9D5372DAA3DB78F3B1BE852654,163310785
videos.share.rozdhan,F95B3F69E964AE64FEF3F35AE0EAD4EC5342A2712E7BC6CD4626F1B58F1BC4C5,2120
com.discovery.kids.es,4E8D17D8DE8F200C6A6BDC5BF485A083B761572E1F9DE6D6933DA5033B9AB103,2414
com.antoinehabert.actionverite,511E50D472650F61548F710788520D7EBF11DD41E0DE7AFA8644AB38F7A745CA,2000111
in.fulldive.shell,F14E11FE9B44640C0657E1509A96970B7DE8857D3180BE7D0C4165661AA6BD70,5130721
com.jagoapp.jagobd,31E774CF26DDFE37D41D0938F985FED6E05BE3DAB9E0A109EA55F248A450636C,15
com.zattoo.player,C21B58A2CED8ECCE5EE7CE03BBF4A2554D4DE45D0B5B3A1125BD550C8EB1A659,188
com.gnawbone.gunshotsounds,DB7479EC355AEE0E42042F7B5FF84501F3EB02D8E3B8D224AC9A491393442839,19
com.beeiplay.princess_beauty_fashion_salon,B0F56C022C56159A21A2C3817CAC38B71C6BFF10038C8EA83BDDD77E15E03AC1,24
com.scoompa.voicechanger,761A5A101CE74577F8B8E520EF99C32F43649747DBFFCCFC3267B9BC2FE9B3EE,83
com.dramaton.squisher,2B112C7D070B498BA7CFD9729E2344CB30034A8EBE8F34CDF64AD1174E746B3C,320
talking.toy.pretty.girl,74633731321B226C0F8D93C1CDFF3B2E694E8329C728692B18BF7C04CC806D89,934161
com.playfake.instafake.funsta,7A0AA332EBE23FE7F66F157659637E3C20A1F2795706433D0EA321B906A8C24B,32
com.picadelic.fxguru,27A4901A2FD2E952337E1FC33BBC7CA3D5076607CF90E6E313A86084BB85658D,51
air.com.bmapps.gossipgirlsdivasinhighschool,E50A953E9D61E3474223AD16A78CF3A9A5977B0E4611F6E9BB7F9F7C51F36AC2,1000006
com.prankdesk.ghostinphotoprank,D30063742377D67E4CDFF429E873ED5EC8B74E09147D11C653CFEF147A77365C,20
com.panasonic.pavc.viera.vieraremote2,62C1E010DB04F92888AFDF46EE2C85B93B7693886FD80F2DB3A7212EAA152431,22
com.droid.developer.wifipassword,ED9AD24B0F34B4A4387E51D702223662FA958F4F36C61595720D36085980955C,15
com.outfit7.tomslovelettersfree,B08632B95191231A4885373B7C4DDA28E021E6B7AD7C0BE169B617FF5AAF559B,100
com.fakecallgirlfriendprank,E29218D1E0FEAE501ECA2DC158EC1B07ED33A76C3F810BBCDD39DC57DE67C275,26
ru.more.play,D95C2E51EB2F2E1EAF2F7A1AF11634E3AB2F10D555773BE1E4209B0E22EA87EC,526
com.piviandco.agingbooth,2B520AB46E50134CDE7321C4619F89A0E74FAD3F91ECF72ADD6992C911BFE9BC,11
com.fatcat.weddingmakesalon,2C9ECB256BCD5BA52E3336394017341A618BC868FA66076D78EF20F0F32DBE9C,20
us.SmartJoy.BodyScanner,E03A76B7CF535BE66F43B265F668A0FDC3C9B3D519A9C6463D17421342119990,72
com.metropcs.metrozone,2F2CB4CC927C7E903156DA5C67BE21C0904E02B0F8410E2A633814E4AED924DE,760021
com.megalabs.megafon.tv,4354F637A580943174BFBB6D634F3DDEE87C7E4AC75873E1A4DAAEDC901FA207,51100282
in.startv.hotstar,31254F5BB41AC2A1F469D27A58D4C6F728C0A9D0E914BE7FBBF568477D5BABF8,794
com.onemusic.freeyoutubemusic.musicplayer,FC5902B3AA0ECC0AD08A159E8DF21C6108106073B550909B62A022F639A0293F,582
com.appspot.swisscodemonkeys.old,6AF57C9A9ED715AFE2D75C520418BF8D9D89A8FE5EFEEE605DD4CB7922B7C059,16
com.dla.android,C0D80BFC449FA932FF9737007A8EA0EA12F2C5F2050CC47E2AC278EDF1F63E13,559
guns.for.minecraft,DDE8F526AC26164552779785729A0AF392A66836364A5A0C7CBAB0B0623E8C65,29
minecraft.helloneighbor.map.niki,379714213DBB21559947E61112021FAB6CB4CF64E24B3BB7FAB939DF494D6FC1,10
video.likeit.lite,88C7185F16BB37FB30EF58D4B1044993A1475654E2959443302AF0281ECF0EC0,101590
com.WatchMoviesOnline,6CFF6E5B0B8FBDED28C79CF407C77C36A23CFEA0CB1C83D5815DFE61E44FD8B6,7
com.quickplay.android.bellmediaplayer,81DF0FD3ECBF2080DB134031B0E8245FF58AB56E4506C1AAD0967FD8E25C4D86,42010
com.ultrahd.videodownloader,40FDD0E23FF86922CA39CC63F8AADC4D8D2C9C3ED0B6665AB86A6B12D366249D,2
com.nintendo.znca,D282323D883AE6260C8BD0DCF4A0BE317BDCC83C05D3E1C550CD6D8E1FF8F183,1501
com.electricfrenchfries.htct.free,596173E44ECA8CA780E8547CAAE58E04EAE80E12D30FFD2D44D694130B1CB520,25
com.att.tv,92C70F33B28A6B948E53CEE53B748E3C08329BA462A9D6A63976DDDB6F0C8F01,2002048154
trade.mod.formcpe,F59399BC69369DD5EB2AB0CCE2F67A88A10ABA67C1AD08004825DC7CDC55B8DC,29
launcher.theme.galaxy.note7,F61842A02A1CC934EAB7B318F48A587B2CE6B406F3112488FF44E1DDA683207E,302000
com.linecorp.linetv,FB99536E4AA3DA8AEEF6242A7B18FA7E5167FF4A5573D74A30D66539E56C8A3A,314003
com.rockstargames.gtavmanual,4D1DE6C23083958B60681EC3CD0435DEE359136E03530C013186CDF8080ECBE9,19
com.pokkt.app.pocketmoney,E09E1498DD0BC40E119508CA42A7633E45D3075E111091E9BA0F5FB93975C8CC,28
com.Stenson.AnimateIt,E4F72AB63E766003AD4BDC74C9AC4968FD8C4889A4D14A7725A83B58234C5295,41
com.gta.grandtheftauto.sanandreas.codes,EF09ADE8C8D587E71312F9CBC77AADEA3486270036C7B08D51FADA8FBD099E2B,3
com.avarmmg.net.loudestairhorn,675410E4345FCA3AC75151C488E03BB0A01C65680EE1CCDD65E220DE79637728,26
com.gta.grandtheftauto.five,CCD3B8885262B06DD42539F6D28CAF6782EF7C8C329226A2CF0F271C47E69B89,10010
com.vuclip.viu,A723D3C1279ED2900F8C9EC9E17C750B7F1747F4454DC259BDEB7F533E0E442C,307
modpixelmon.modpecraft,C48DFADFCEA972DBDC6950BA3A993D78E9A17D1E8CCE8931B1F7852E1C8FB32D,10
com.natenai.artofglow,69225E75AD54F6F7C2C38A05B9F8036EC1FADD02B8584C95A1FCAA585DE097E5,4
com.moviecity.app,86C0FB0A444D29063E95A842D30608876172A0C5671F67DD4A01641E6739F9F2,1915707
iddqd.gatm,72CC2266F84D3CD91A18CF0AB526070DEC2C424456A7FA33AB1751B019685A01,20
telefe.app,750AF9AF7287B8C2B406D1485755EC983053E02119A3C2F34EB8FA0BB9C6B275,343
com.google.android.apps.youtube.vr,C3A42084379D05172197069FEA14904B988E670C2575E48469B77B9359958CEF,12863000
tattoo.inkhunter,E4954C4D575D751931BCAA0696FAE1C23A70E175AF59647ABFE1DB5D9EF01A47,6165160
com.gta.grandtheftauto.cheats.five,82BCAF216F6426F0F7B217ECDADA6050B58E660AAD835616CF431ABB53FB437A,6
com.azteca.live,8A800A83E478BAE6FF9E8C8C9915F04E7A1D9C0B66F20215667834D8E860B79D,15
com.discolight,D497460DEF34258B51BF710700D61FE34B287B9B642313B4D988325C4548556A,32
fun.house.maps,8EC1B83C1C86EA012285B85C21034989A83B79171B70961A60218DA2BC86DA03,27
com.piviandco.fatbooth,9AEA5DD3123F629C9FE9A6FA86B71CD4F928FE17039D6416E07603FDB0A28560,16
games.craftgh.mine.hirurg.luckyblock,AD2303B022A85FE29D3FC5DED99087F6893C879461FD45A8997A73E7544BED53,5
com.sticker.sticker,EC343622BD97352468BE58E1646AA39D803C841B8B141D9E4C5094544D03A1C4,30
com.huawei.himovie.overseas,C868D05D12CB4458D4D171DCDC90DF7E7D0C15BBB1731B85B192D802A7A25762,80550308
com.zing.tv3,F6698DAA4098A8C3A56E1D6200D0142E0D3E071DE28C833817730D48496B3A00,21202
