package,sha256,vercodecom.todaytix.TodayTix,0E910B931D1D463632646B5ED995754D51CFF64215D441BF60A4CF5FE44E8EA7,342
com.desygner.invitations,8E7B9720BDB7957D52729484D36640C994D664398DC2E83726A7E9DD90947713,449
com.tootsweet,CAC3C0ABD64C3907BC8C66F1067BD21D220B952D2BB74DC9C0E5B3E6A206728B,174
com.tentimes,92E5C0123E98CF8177F6E58079A49CB328DF6F3F5F0F6D7C0593265710AF0A1F,220
oms.mmc.fortunetelling.gmpay.eightcharacters.zwz,70A4A082FD4833B07C268D1BC93E9054E7482309BD6973B380283AA6341F2926,119
com.ticketswap.ticketswap,82FA2D4AB618C9EBBF701FE31BF0F415FC607D132DBA703873623742EEC67B2A,5527
de.eventim.mobile.app.Android,7152767683E776C4B8BA1AC32109A53E70E9D789E530E0EE41A5F902B9CC7244,4003002
com.ticketgretchen.tgapp,A01A96CF1C338BBAF5123F1C29F8280222F6A0F12B7A7632158F63B2D1512721,4006004
com.sony.psexp2016,DCBEDA1108BB7A86B9D2471F4726A2AB5E8FCA5E4E82C144F953F00421869F3A,87
com.ikskom.quinceanera.planner.organizer,D6AA298571C934768762320198E7BE1B33CB9B57D5081E4838FBABEC30E5141F,60
com.ddkcommunity,62742154DA11C7A880B46C611D888E16AA82878D251C9C44B130C0CCB115C03F,64
od.mma,FBD4BE9872050EED2C8A61F97D5DAF0609E69B3CC0283F0DB0CD9F62A2360C5C,121
com.goldstar,C71FDC1658117061F62C0A98160E00DDBCF0A897F841730648BB4255B9091B3A,665
com.codenicely.shaadicardmaker,3B12575E2FDA64D2C9D31C6E526C623EB35DB65807602B34576C8EC785F6B686,177
com.vlabs.eventplanner,014A075C1373F890B59C6AA3FF84EE09E3370796FA5B25E4E250035D01187AED,4
com.chic.colorstrobeflashlight,FD388BA0B26BF3F11806F9252B0C26601E9B4DEB60BD8613BAEAC48CC646E332,21
ae.dctabudhabi.adcalendar,60F34788EC8E5DB929EF32ED3475592DF10DC8FCEE21EC481719D48CA50BD094,24
live.iqfareez.waktusolatmalaysia,1A90419BE328236D619C12C4A2E4863181C828AE98013A72580E862969F217F0,80
com.algorits.taghvimpars,605419E48773834657C5D654FB1BDE632A2BE84BCF685A72AF20E1B750DB900D,3067
fr.tm.fnac,0A5F88103C83AC676ACC4D3134069D659508838EC2756AA2A90B97F245B78B73,51
info.goodline.events,DBA618C6D8DC465F0BD0E00B09E14C9919631AF4CA98E583E909D2F44D3DA7FE,3146527
com.infom.reborn,13316AFA2AE2BD6EEC71B9E4627797549B418844EABDEB916F160F38C622CE9D,161
fi.prettybitprojects.showlinkmobiili,69BE1AF79A910AF285C0AD33B4D2DCBBB511809B90A967BDAF68E3CA9ED823AC,110
com.donbosco.boscofest2017,01E3F2FAC2B08130A928B2613FB59E5E1596AE6AC736291F10AAD2F8832D4078,3
es.sharifyapplabs.sharify,AB5F85568BD3DAAF171628BCEAE47439D136709C5CCDC179C535090703E4AA72,100416
com.weselezklasa.weselezklasapl,5CFFDD0C3B96515ABBD3E2A1EC5A150B0A1A5213283284CCC56879ADC9773C83,176
com.ticketmaster.mobile.android.na,CEEC279408553F779BDB002012BD6AF3F9B5520E87DEA477AFB768D1CD2F7E69,310
com.wegow.wegow,4486E838C2438CB7DA31A0A883B8F25595885970B96F75009735B0103C7B846F,480
com.ingresse.ticketbooth,DF5889117D4D2AF220ECCECBC1C16E5E09DD2CCB880CC6D935921EBDE8EAFB4D,207
guru.fan.app,E9C732564CE09BA9F4115D46C9310566702270441D69ACA713D3B23DC0502B2E,189
com.seatgeek.android,B5D1E2FDA760951D9C337FC04BE1C9238DF7D6B0D20A74BB3384C21218EB1DD0,343
minecraft.mk.mods.j,C1AC6A856DD91EB0986E1F8BE81D01C53E578354286F6A0ABE9BA117CC1A8553,23
com.gutstickets.wallet,1F1FD56A890FBB73A55720563A72813FE35EE580AD3D743CA152E3C9822817A4,5590002
com.sopheos.videgreniersmobile,C16D050AECC61177F4B94EC30D3FD5135A43633D5C19CB32CBDEAEEA995FA8E9,210901
com.wizards.winter_orb,174B5A393ECE34D00754582C5AC67E22E075E800A291F75EB8DCBCC27451083D,599228
com.stdnapps.lastevent,6D4BD5521EEC32448F01E068649CF19F08F4649CF6B093F5110702746CEDEB7F,19
com.edmtrain.edmtracks,EF3380E885784B8A35B945C92D10BEE3F9B91757C1F7B6C1C4AE02C9B4A816B2,17
com.vividseats.android,7A5AF2970022F3DD6F04C9F3221A668E41567EA69B853A2C4FC50DC701A376FC,17949
app.mywed.android,4CC9BC9A0F7819E1294AEEF59CD109BC4C929DE8EC5F9123F10C461D64C5C8EF,227
sk.ipndata.meninyamenafree,C547AFD3001A3289D11D847C574FD0322D5FDD92E0BE52CDB89AB047ED35B527,434001
org.jw.jwevent,B0931DFEF414D9205BF330EDAF27087FECEC0AE76500C1016C23E4FD2ECCE9B9,400047
com.stGalileo.PirateTreasureJourney.catgame,40EB1075B065E130633A3BEF3BCDEA4C66B772FF8477B3D5A31F47A1CD408EA3,2
pl.tvp.info,801BC8243BB668E8D1373EC0A36A53277738EB0D024AD38A6DE789C4BE79072C,15
com.muslimappassistant.Islampro.qiblafinder.quranprayerdua,BADEB2F866DD2F1B13871D3CEEB6BEBCFF7BC85618D78D436AE3F61883FDB5FE,12
com.eventshigh.nearme.app,AC247355D9987BFF62A57DFBAF5F2BA8FAD5F69D8006765D05D824E89EA07ECB,406
com.conceptworks.spontacts,072C920F9718BEBE462B6C2E8F8A40743C4A7880161294A05E0C4111FA431E8F,151
my.birthdayreminder,4B2F0B0B08528F8C985BC12EA7889DE381B1B14B0EB542BB4FEE5441264A3504,65
com.andiqwer.skyblock_maps,03D18051FC8612557EA1215C8EA45EFC941476C7779755FFDD6D7820CE84D66E,6
com.eventplanner,6ED80CE6E2DF249BD8DB4E22254313A95D05A15C6930976B4FE11A6252EC0AB4,26
com.tickpickllc.ceobrien.tickpick,CD380EA211E99FC06CF9453CA6E89594C003F84ECEA7089B8E6B9D669CAA7AB6,164
sa.tfe.oneteam,881D6DF61489B2A27E3A846B1391BE1769CC5E55CA676B00CA16B5E24E1CB4EA,30075
com.peatix.android.Azuki,53E4799628E4851BBA53E50B0CAD4CC34D3ADAE9D307B6B280796B03A4D5D4D0,2030216001
com.ultra,1E1AA8371506DD6982E46C9EA35452158BB44EDDBB1C8D017AF7B134AC4E9B57,66
com.tic.calendar,046C395B5DBA1ACAFEA87C373ECDB37F44E4C4E1895A672C7421F0E8385993A3,303
de.apuri.free.games,5E251BB1BAD1F91635DEC4B7343F8086027327780D2AB10824604C8A8522B93C,30
com.barq.uaeinfo,B33E6A629853AF01255A41E971BA4F0EE037DF84B832781FDAF175137632C302,148
com.freegamescodes.freegamescodes,2739BD15F9F3E8FB62CC20E5EFB67BA090A947C9B71D04D518436650E940AE49,18
net.goout.app,F0821834F9BFA7AA210308DBAA17C0F838450140556AF1E2C3251BDFCC46F8AB,3956
com.bizzabo.client,5CC07DDB04E15F872A1758515DA2F0213C51EDDBB53F7E164B46A7E22AC1AC1D,520001
net.mazein.weddingcounter,869A9F83A55C92FFAADAF723E581C0622F5419A59C0D63B4904F76114BF08542,3145914
com.nearify.android,0587F2EAC8F2A12B9A683B59A14E3486ACC5585B053A3BD4B0408D09576CC05D,60
com.gooutsrl,D9D2F490F9092591C84B87FD3CB32E05DD59A88824CEFDCDB11BC44499874B73,123
ru.moscowseasons.moscowfest,3D9A19AB62C7BD463F676DCED5AE298BC13854A617F8FF510040BB5D6CA47BFE,60
com.netvariant.civilaffairs,05D47375152001D4392099D6B17DA9207F100008D77FCE505366F94BD9195BEA,4
com.mediaone.saltlakecomiccon,CFAD9AB0BE620ED6CE42B56EB5D8D9F8B687DE9627244A5BB715FB8560BEFC21,120
air.Cevsen,A0968492EE87EA33904AD0754F40C6AC77154AEC8BD4AD586C77C014D2DA7CE6,1000028
com.invitationmaker.savethedate.greetingscardmaker.hobnob,68451A951A0658F59CC4AB0EA8F5BA7B1278898048DBEA5810078AC8B6DCC6DD,19
com.janasena.events,119BA7ECC8C8A5DED75266B8F3FC692FB1237A6D67335B2A0E5773C142FCE569,17
com.pixelpainter.aViewFromMySeat,1C680FD40C88830E2E9BA8289F3B4BD590682D682A3E5F942E7369B703FC4D14,169
com.pluginbim.plugin,C3A0D22D50987BB2FA1F7ED2B8EF34B931076E1F0FD7D03E8A9C814A4EB310DC,1202010261
io.aida.plato.org332f049824264dfd98b3c5f440c8d67c,683BF63531BC204B343A4867258A95015A221F5C5056CBC16B1F9A6E90CC4BA7,210
de.thegolem.freepcgames,E0AE33E71BDA6F3106C2BEDB3CC7775C17CBC1ABB609FDE0EFB3ACFB651663CD,48600
in.folknet.folks,41052D3B0C95D7568AE17765EED226C9736775DEF7D9E5AF3B16E5D3CA57A919,71
me.xceed.party,CF4AB6E3D3C0CDBB0808D2D25F4E432C6531A70F00221CA13E1CDC2697D0AAAF,257
com.gametime.gametime,A628D97EB1B461C180390DD60EB7BB871800C7399DE98BEEDFBE3665BA148F89,1417000
com.thai.tdlive2,4376AD269B48E4924FC5D7315417B9E8455A69640853B92768F9C3672FF2C84C,5
com.greetingsisland.sam,93056B57736EF6FCB23BD3F272A772637B6BF718B12C794832DD27CF7617DBF2,14601
com.tradevan.prec,D82B2333F729B04DAAA16B0DF27CB2138168671498DFFA250DCB4FE954EF826F,20210926
com.viagogo.consumer.viagogo.playstore,E2DED0C206BFF7059B8F6F7689E75FF69FB8C97662FB1936F7D805E3920ED45A,2010400
com.angkormobi.ukcalendar,6B20A024233D7988D5355C31E1C340E3D7C0DF5344A69D72505B6E6A92BB4189,26
com.jasoneastburn.guardiancon,09B76BA0D9DF961638DA0168B4421AD941982E57D6765D30CDC54A7A031C8217,68
spapps.com.earthquake,6968E3470573D5FA07F8DEBCF5EA25FBADA84A50697F369C5ECFD6A9D1956703,21
com.events.invitation.stylishcardmaker.free,8576A234CEE8C76D8CCD23E8EEC9DFD4F84F6633F44120F0BEDAF44FA9832D1D,21
it.planetidea.smartcity,DC8D06EC962A7DF4D163663E388C732C90A2D1932090C1F8AF2532D11C912E9D,58
com.stubhub,7AEF001EE6373F7026C8C5E74A46E4E8284719C2D5FAEE7FB97C0616377793DA,6320010
me.discotech,EB6D2698A605374C021DE09ED0C3712FDB143295785B6D9FAE8B79E97E547253,200114
com.mobincube.android.sc_DLHXPR,5933559AFA93FC9C0F5958473487955DBF84D7622AD27FB64458D25FD6930E30,10
com.sfvinfotech.hazratjamalrazasahab,5D8D91FC65CFF6FFB765DCF5745B77EEA4738A0C7DB301593F003C110AED1CB2,18
com.indoora.tuyap,ACA5D8B08D91246178E83803B0EB2941AC3DA442CE68C8BE6A7E00DCD4038428,137
com.vamsi.birthdayreminder,0B1B986E58F04280C77081F5B268F0A07077FD08E34D48C604238C1F74CFBA1D,17
wedding.invitation.videos,9F825AA94BE789BE12539B26737ED948958327ED9AEA919F7FD3CE177D3BBBDE,74
com.browsly,73249F2DC0196F97418F48172C2570071593C4054C514EE0C03A546847849DFE,39
com.fitan.fizaman.tabat,0B36966FE5EDA6592090175C4D50CD7BEEA5AB16A8953040CD9D690A6B9DB524,2
com.buddhist.holydays,4BBAB86FA4D3F8D89DB149A223FA3F6D0A267CBE098D5981D29CBD8C50F92957,60
com.sched,CEDF715A53148F5D4381A24919AD1CC5D9262CFAA0EF88966496B2C9478BE5BE,1026003000
pl.ordin.whohasdiedrecently,276951103FB4297C32139E620AD95FC50B7C47C3639378E7C09924829361E320,109
com.NirankariApp,0C35E201AD4BA3A92C520675560915AA232E19554EF9F4784F38B7AA69C53F4A,1555238670
com.appdevteambd.bangladhadha,C3D53AFF5CE4B189DA48F1DC408BF73455310B78E0F1C274AC3845E602D5B63F,5
com.tailskinsear,0C3F308CEF63E04DE3CE7A21D482E8A54E1BF7BA62EA81497B79D1207B5558C8,6
com.topi,4778A072529EF4B90682FCDBCB2C9A4E1EBB9ED3FEAF433F28727E93656C2E78,2020091692
com.viztarinfotech.myticket,0C798FE8247C95B460F88B5CCA57AC0559B43A71C299DA162034A02463C68F80,36
tech.magnesium.sabzenzele,DAD1E793643506DE8F04573E9320ECAB7B13BDD8C7437CB50A705E90695A6380,7
com.amitech.allevents,1C1ED518E6B3A9EE8A9AFAD5E2813033BA24936714DC893B5F79D1F1CB6F9B63,112
com.sympla.tickets,A16435498D9FBBA739AC56AF175A9A8837D8B965F731BD3319CAEB85A5587254,52229
com.kr.yg.unse,0CC9F1B8315B839EA77FCA54D9B656F9DA4A6B127F0FCED2BC425005313AE538,22
com.sympla.organizer,0CEF5B9F494E17C71868102B2C07A69560109E26C5A188BC5F087AA04B2F621B,11424
com.CockpitMobile.RunAcrossAmerica,D3E3FBB728BCD4A2427A7B7A604E0251DD4C4E216092DB6467699E345420A4A2,54
com.sitiv.resmitatillervedinigunler,0D2B3DCBB641EC50313840680E26965F88EEB22E08F822BD023FF8F867CD5ABF,29
com.minar.birday,99BFD6F9569F62BFF839065606939FA455EDFB3E72C035C2E15495D37F706C83,15
minecraft.mk.mods.h,9B9C3489F6F0E135F6CD41C0DD6C3555FA30FEF86B16948558D58E40B5051CA4,29
com.gorbilet.gbapp,F5C4BF3D10D96558CFDDDE7B5AFE301A397B373875519D6D551FACA58203134A,30050002
com.ticketmaster.tickets.international,40D0F51538874D5C8088B150B70854DF4914ABD987427B70DDC151E1AB45F893,121
app.yoop,2E266980498D772D021B904DA71D766A19276D1BD682FB212E89E7BC60DAF771,630
com.thai2d.app,EF92F01437D6C1D78CF1E9329CE7AE642C645C227738638FB3EF9FD72B4A5345,3
net.my4d.my4d,87BF6771D04BBB2C891EC2373BDA9A676E35E3737A673680169938689F35D340,65
de.unitedkiosk.bibliothek,73521128F8E3029A02CEC7BD39B94DDCF8F5964357CBC8CDF721E5396B5FAAD5,60
com.mifthi.niskarasamayam,B9A10DE7A744BB53D8F601C9B9D2979E89D2E3E5276E94C3AFF95CD094CC9EBB,150130
tv.game,0E73A0C744DE169A350B96D3DEBC705BE2ADD560421FE6E9B148BBB94F74E100,1458
com.mango.tree.happybirthdaysongs,55C0D7CFB8D1E74B35802AB75BB1C5ABB430BD6414E99F5106E0A1B0B9DED5FB,12
info.videoplus,A42214563ABE968ACF7B12D933A72C0B0B7D3510B5A27F5540F96BFACCC9E5C6,88
air.seating.arrangement,F58A161FC6E4288F02FEEB2E5DB7C684936733A6A96A412FDD3759118E3FAA8B,38000000
org.withmyfriends,AE58EEC266C1D43D63D114D440307BA71F01F94C4BE5C77BAA62BFD5009518DD,800354
com.herschend.halooutpost,97799026044A52A2E54C36106214829DF6963BC95957A82181C9295BD59673D8,17
com.xzdailygame.SweetFruitCubeLegend,A14900A15A050ABDBE072D0E02E47859729E71C7FC5B439ACBC1E3B3558CDF3E,23
io.pixelit.nameday,95C7E1969CAC0D61DDAAF6918234C5EBE3A35813273AA618FE79F10E495A3CEC,2411
org.xjiop.contactsbirthdays,77FF0BD0569A0C1E42177F50F1863498F563734432B612759D7C633F23DF097A,81
com.saudicalendars.app,95A4CB47DD4C4D53D4CF4BB491669FA52C99E10C1B6ED8CE9AEAB6448219CFF1,24
com.entradas.mobile.app.Android,11A390971EFC591AE8CBCF8886FB7990E8E7083E2E4D7815A03E21400AECDB57,4001003
com.alienide.dw2020,11B5A2CA6CCB85B9029BA50BD3CF6E01AFEBE5EEA24A7C93F8A1D91BE861E930,9
com.thaicard.beta,6C70E90C8F02BD54FB17898BD57AC7A5845F31334A9ADCBF38A7B16FF52F6263,5
com.owlstudio.mad7rasol,12169618119116A2E882B61A87625E99C6AD6DF16662A009CD82310007DA9181,1
com.amitech.alleventsorg,8B9487DEA3A77A9EE0A94FD6EE2557B7ADBA1800DEB8CFEDD2A42035B55762C4,36
com.dailyrapp.android,2D7E306E042D78820035068B9C7649EB064FBEE9949143F20842187172A82024,43
com.djonique.birdays,12AF9229DE501CBAE30B1F84F765379D1A14E21D4C68612CDCF6A27BC79E502C,17
pt.cineplace.ticket,12E43A2DAFE44EBC7F342F4E2905E5F2E92B2DA0583ACF7F3AA3BDCFA9C6425D,14
com.apputilose.teo.birthdayremember,AD43CC28222C4EE0A0186341950A67D2E0AA081628FB22C8062AA5B0A59F760E,167
com.viralagenda.viralagenda,E13A8889018099E26C3A16BF4A670425D635ADF812A0811F13FB475701FD7529,350049
com.gsb.genciz.biz,4B2976CAEEFC4CBCC5A5313CE87BEE73110BDC026DB0D8C97FC9EE18EA475CDE,18
ru.kassir,B7188397294B5C1A21D5EB9D482B585552EB18230771AA031DB8C20190B3ABBF,28
com.bridebook.mobileapp,38674AA4BB2D172528FA35717149CE09D5D4E119A58711BE4B3BA475A00F47B3,200003
com.NameDpMaker14August,365D24F52A7E39F97D04AFFA9CB549084200BA682C1EC7C5C860313F46C0C551,8
com.valyousub.app,8C61EDE819B52294E811F0E6B5FEB0220B3AFF8A22A71F4185E807B32E1F0771,234350000
air.com.vamapaull.ChristmasDayCountdown,ACE8CD6F4A27C1262B5CF4CDD654CA8F362422BC41F65E58401E2B000E4BB8AE,2000002
info.SMS.Anniversaire.DevJado,B002FB33358FBCD5A9EA12D6B3F8B973FE43FA2E10A527D8D539D760F6F991B6,5
org.meetingrimini,2F05B0C2645B7647BD041B04A58D27812E1F91DB587B9360AA4FDA0FE34D0067,34
com.videoinvites.app,256D747D2C55357B48E1701803CEA8A9092D9DF7A8329506DE0627BBABE5D889,26
com.stoamigo.events,DC9EA454B3281CBA54C74313371FF7AC2F9FE19655431E47DDFCAF2FCA0A0CF7,2041
com.voatz.vma,E29F9E7EFEC4BA71DF4D52CB9DBC5288C7227B30F6A1B41C1C04032476F2D14D,225
com.IndependenceDay_14AugustPhotoFramesWithName,1796B85AB61E52ADCDBAF6C6362D0658FFC1C645082E0DE2DCABAC78D73C28BC,2
com.watprod.btsstor,17B6A2426216CDF2EEBAA3C79CA94F3261E83C7519ACD7C4532C63E1CF5C6AAC,1001
com.chic.ledstrobo,AC5BA6D1980EF3AC873B961D9485FDB90B6201B2E7BC858BE80F448A091E0E74,14
ch.ticketfrog.eventfrog,FB8CD786F38A6BB878FC587CDC3B20F79ECCF73102DA2A8CE743F7EDE9B3EDC9,2021092001
com.msint.weddingplanner,93710D5AFA1C18382BB1905D894714821C6C813E82ECF8448C302B97AAB382A3,3
cz.brutalassault.official,18F57A39054D43BBFA55C01F44596879E3EEEEDCD7F751484A02B3946EE43ACF,30
com.pro.roomcard.turnamnt,789C67AD93BD83FCA689E2FF04542AFD760428FBEAD1DB0641FA965EA856EB39,10
app.insti,871926A5AC48378F43E364FED1A23EDFB1CB938CDE1CFA408301A36C485D9F1E,46
com.mango.photoandnameonbirthdaycake,7ABBF997D4D03909435BE8DC9C3CCA65CDCE6E0BD6E3A6E955D4E8CF3B94E606,81
com.tdtdlive.app,67318927C960E89731D909115E7BAC9B596DB8EE466CEB3BD4CFB1E2931A75D5,24
com.aacparty,1B5782AA4B5DEE1C308C6A59B8E40914986F86BEC4954D9CDE906457924C356B,28
com.islamicStatus.JummaMubarakStatus,70D22E1E0BD4D1A52B1DAF73190C2353D7E6C9D4CD4B4595823FB55449203A50,17
com.lps.electionanalyzer,B9FB68AB9A82835F0F83AA2F09DEEEF01AD0CBF7E9CE5002B0189B3E02EAA3AE,46
kashmiricalander_by_robinraina.kashmiricalander,80033E930B6C24C018C0B601EF5C4C331C41FAC81E832C280BDBBEB04D159389,16
com.gearback.zt.birthdayjournal,72FFC60EE251CCE977464760BA6D29704CCBEE3E2DF7599999A45C775E7DC4D2,6
com.nirankari.snm,4FCCA26DB6DD75A748FD3498D4EECA134AB6554C3EE17C96E485D2D0129BA7EC,17
com.phonegap.wgtguide,3A7C9BC517B037C0F343FBEE54C589D31AB89351C80F455DDFEBB6A30C2DB1B7,107
com.kpuripemilu2019,CE5798D31FCD68018F6E33278B0980E8121D402273596BFD7DA5C301C552E59B,23
com.bitsens.daytracker,208033631C907A628E32BF8A08A11889028062ECB900B131CC028A881E079595,157
com.dreamio.enjoin,93D684C8634CBB8A002E53AA2842425706CB694F8E30BCBF6F53F52EF10B766A,131
com.topRingtones.TikTok,2291B223EAEE66423503CE6D20565EB07D7B41B0A2EBF752CAA0829BD9E80D4B,2
com.viztarinfotech.myticket.ionic,966987EE81B9DF86E23FF55F4C8F291E6C388DAEB80CB347060110F6D63A1BC5,100
com.jukely,8010FC9705E7E5DD4AF618B1C517F8FC1AEBAEA1A90952F064710202B7B82F6D,239
fr.psg.ticketing,56F35F6C69D5098FAD6A89B989FF85C8CFA3C61D347F2CFDB344D28FBC9C0F14,43
com.konnected,7B641F9E94CB1C1AB780E7C1C659941416E02B6C24E15D2A701079B1226A02D9,252
happy.birthdaysong.withname.birthdaysongsmaker,2815AA471549DC40067A5290EAEAE433491192C9115B365DCECFBD8908AE650E,67
com.chic.policelights,2871E92360C3A4CD3A4297FCB95816766F09B809D9CF32D8F16DC8E5506DE728,6
com.andromo.dev524178.app490120,4C5016449DE7BA4B5821EC3486C4939A8A63BD79982A5FDBE4E8D7A24CD7D098,10
com.music.nhacchuongtichtoc,2A480ED2AF3194A2026E39D6AF88A7AD9193871EDE96DBB926F0D9090460CBC3,104
com.company.toster,5B27BABB777113F66A4DBCE91EA7AB12875134FDE6659D6B8EDB2773586D8C1F,41
com.taiijas.lalbaugcharajaofficial,8955BAEDB8E6624D6979192B785AE7FA126C0E28E04FD5E767821D73EEF4E4AB,24
com.intebi.birthday.photomaker,3ED1AD14C9900E6E36E76A2F3EB1DFA4B9F4B1727E38E08A929FB6D3C0C7D6B4,8
kr.ds.mymunsang,2D27A761F9E1D5CCCF6A9E5F80CE06462F6A6B08C6FB658D61E259227CC548D2,14
com.psl.sihapps,F4CCF8AD74A7F1E108FEFC0F448AD84A198796B1D87BDBD1C3E02E3E133DA66C,24
wongi.lottery,7F1A6A01456E1E904912CA0D79F661B4EE4722E9F1EA8296116D0CCFF5AD138F,37
com.survival.maps.redstone,2D75EA07484A036C938D6A6A56CF2E149986325C4F73A3EB196AB7447ECCB4F3,4
com.getweddie.app,D19A0F7CE0423CC1F005697522DBB6B1BD5C6CBA80EAC61E10BB8D618D808A68,60
bedava.nternetkampanyalar,2DCB46151C6C1CDDB2286A63B44C4F475AC18EA2854ADD3AD5259929FF3997B2,1
com.bluestar.bonjour.images,2FF03D84A0011A02C3F9C7EB76BC18DCB14012AC83A1B14B62A9E60DC979E3F4,1
com.thaiweddngdrss.phtoeditrgirl,E43BFEA9B89D48C7360BFBAC0D81754614C218E4578B280291A0D3BA25402799,6
com.unation.app,A3C16BAFD6F5F1BDAF6FC912A8D90A12E0AF13541D7491DDEFAC91F921615893,55
com.invitationmaker.cardmaker.wedding.greetingscard.partyinvitation,F65987E5A88CF8903825DE2919A3C3F323EE34C8F1F9ABED5A55BEE8F4A7F87B,9
com.andromo.dev202848.app595183,33476FA4FD88C563940EF4E62CA103820D0E37AFA6E0115A9DB84636F4EF5AB4,5
com.jvr.dev.videoinvitationmaker.rp,59157FBCE312363BB91CB73C8C7F54A4A15E87D018B0AD7FAEF846EFBDD06136,8
com.trendinggroup_smartmobile_apps.birthday_songs_2019,F8249E9F57A27310866F0B759742A182731C61F2A2EC5F6444E7161E7AD22756,8
sv.gob.arena.cen2020,5ADF32EA2F545996EA284C31280560AEABA5BF5F880B129D0FF9F73B597910A0,103
com.sindoapps.salatjanaza,EB771C4E1C17073C484AB4FE2D289B0B5673617DEFB728ECEE7F011F391B6934,23
com.tester.arejay.tester1,55B835372CF4FF6608D40310AFCDFE0E664F9EA62CBA009B7034F70762D66F20,9
com.prodigan.ticketgenie,F08AACCF25F5CF80F650795FF828E63635C86BFBEAEB5EF93EF7A3898970CDB2,23
com.idol.blackpink.call,36F8D12A9035C81CE06D7C643ED0F3A812DCBA7908D02AFC80172A2EFABE24C0,2014
com.aboudicheng.wahdapp,99C0BAC69242554211B1A18D9C2C2D946CE59E9476445AA3AAA2D253B4E29B9E,420000602
ru.handywedding.android,CBFBE99824BAD2FDE413CF3948FDCA4F6B864747C222C90CE91EB32A77816D10,102
com.New14AugustPhotoFramesWithName,3A74466B9CEDF9EEAFE02BC0BD0209F85FE6CE5DA310F652B69DA4BD0370233E,1
my.com.tiketbola,3F3CA7E00E9376105D6ED94927DAF57C031FBF4BADCF8A27C2433A8293FF5D7F,39
com.DpMaker_14AugustNameDpMaker,6F40F42541FF28E03B7AE6F389885563E9F8ACA0290594E3AE48D76CF3FD64D0,12
splendid.invitation.maker,3C225D1A68AAF6CE8D847C4FF2C5C5B7F3F7E3CE0DABD49FB65E9361F6FEDB1C,7
ganga.panchang,3FEC26743A2C4747F9909E0E32E5EA067CECA11F4198D40CBB7C4665E10CD94B,6
com.vmware.vmworld,40568FCFA9DE2BAEA4DB52C573141A7F635EB781163B20C5C3EFD205BDED73C9,98
com.paloaltonetworks.ignite,415B990750C8B8B6A7C1B62391442159793EA523BD332B3C3AD82F1F6C8EFBEF,63
com.angkormobi.thaicalendar,AB5232FBFD21E9D9A66A8E1B92E32D45CBCD19AEB12AAE5B7F9D3AE347666225,24
fintech.com.invoicelite,C29E8545A0600C02C0465B4A96775C9B0302AAC00749CD9FAB8ECB0A844A21E2,12
mytraining.com.mytraining,4AFDC36CEDAC469902A3B9B234BD875808BA0411550C2549BA820661CF871EF9,48
com.islamicfinder.muslims,4D137A24469570C1CF6A059CA023A18C10F0DC4C2048D6F61DC2826B88B8D0CB,17
com.Happy.Birthday.Gift,4726C606D92FBA193907FC33A02F08F330F9FE54860C1AC14D36722E2CB43900,38
net.sorokinapps.hideandseek,47311E31A9D6F1F5192AFBD752343249A20099ECE889A9BAFE114751761F5DE9,5
com.madhwaapps.ninnaolumeinda,477270CABB5851B7071D8665BB7A81ABC98E950157B32C260AA514027EF04943,9
com.aairan.app,483F57664EF916B00E1CF212EC01F17278C26EB6852B7584D7B901E504AC5528,5011
edu.amrita.anokha2019,4872C6F581CBADFC33B837326DE4723DCC9C3A1A56FB35B5EC110D6FD32D73BC,33
com.thehub,A1E4CCB612045DDF5104163D1CF9E760BECB687A5F866225FB5F4E0740CB3E4C,129
fr.sopheos.loto,4BE593D6CD600FDF932D224282960D8023E5196AAA942CE0ACEFAFA978B27792,23
com.kudago.android,D6CCC1242FB56C958F7BDB0A002E0FC98C3C11904F651C1495930D9F14089F8E,42
es.felizcompilianos.frame,DC384D84B1E2F26C359B2735E3E1F036516988D0FE4D90961CCA60F82AB8A592,3
tw.com.event.funtaichung,C79E0399D729AF4FF4A06C6517FF50BDF3793FA6E861A2910E206F4E28D8E82E,80
com.andromo.dev657132.app837305,9A39573B3FE8C01DF2A84FFEDEEA2BEA49647EC7DA07B04434F4E85712BBEC64,1004
meant.BeRich,56522D0CAC0FAD3DF44E18385ADAA0F1F5224E5E3D9D5738E24E6CFBAA308FDA,463
com.kr.yg.happy,89218D469FF0323ABF2525DD52A8281364B500D31D0D07BB7AE749C93823E6BF,9
com.riversoft.eventssion,F17B2B57ACE10F10E46917CA2C883BAEAEBEAE5DED350C634D5AE106035501E3,2008008
kr.monstercube.tothemoon,D2A6E7D0C9D49F2F2EB3560629623DEE669B63530DC69EC5706F18880CCE4A7D,8
com.tiktokringtone.tiktokmusicdownloader.musically,5A39DD655859459D5CF97024E5EE0F293B71C128F7A067AF6DD6F16AFCA5AAA0,5
com.microsoft.certain.live,64A74D22E6806EA67B7A6484A15B09D6CE580756729124AF421AE6EEE517252B,2
sa.gov.gph.arafat,5B856F41F30DB5AACFF1FE15F945C65B108E55BFB621FF4FD96A440991664347,8
bimcell.kampanyalar,5CF39FA4D7F0ABCA6627946554B6132ECD7515A39ED30E6F075F658907C0707A,1
com.mm.connect.ispo,5DCA8858B547975DF4ED6402F7AD1F96C6381D03B05578B3057BDC2D0A2386CC,1080400
com.chic.colorfuldiscolights2,9C19007E8E648C37C23F0B60C6CEB5D4CC666254295550C6142AAE73663F6228,70
com.kaboom.apps.free.invitation.maker,D05B22DE4CC03A3F9BB4DA4410E89F98A6FEF04F332BC28B42DD8A3FCE67BD8B,3
co.th.alphame.mobile,8BF054D6D6C14CA3484064895B5570C899BB7C34CA3D44E39B1AA9FDBFC61415,67
com.mobeasyapp.app208375477661,606E7F0C4C2A0A067D828BED244435CE13CE4D211C7386662D60C26D70BBB4B5,4
com.samruston.hurry,91E6A4C263ADA0BA075F8AFC184372422FE87B45C5C6F76735ADED6FAFDD6B5B,166
website.julianrosser.birthdays,DC02B7F46BBCC6FF79E64D6D96DE4694345AA81FB95A7F99B588AD29F2CC38A8,301
ro.stilvechi.calendarapp,67FAFA1A08237EECE95FFC9ECC905B85E707211D1A5480640D49CB867FF72123,322
net.smartlogic.sindhitipno,848D0B367FF139C5B05FE7C69F32D06B092AC4E57B1D260AF43005D7D9CDEFC4,17
com.seniority.sclub,7776BA33319C98C4C1E61BFCFCAAAF2363088F4D12E8143AE267001F82B20530,42
com.dssolapps.birthdaysongsfree,9EB47BC7BA5F684CA06D04B34E3E8A2EC10BC8FF11C299B12FB9FE1B671D0F2C,6
com.sitiv.cumakandilbayram,73969F3E98075B452E1EB6CD0597F5D294E8C87C09B0259D3658FCCDF0243E5F,43
com.growtix.comicpalooza,69DE5C3FC9B840912334D70C9FA7986614F0C9D45202123C998D275BF39B869F,47
com.orenda.hienmau,F6B1496077395E6616889549EC13EF22EFCCFD976DE87528FB4B468A48C2F8F7,28
app.panchip_weinikang.planecontroller,72DAFFE8B693C610F714BAD8646B0E71FA4FD451E5EF0C69AB7FE591DCA3747A,15
com.donbosco.bosco_fest_2019,75D10589E82EB881F7630E0C780D258D07A22033D6F788D98DA12E5A5600DCB1,7
com.oscarito.SavetheDate,774D1B45E735CFD3CD47CC409D85CAD6EB7B4370BCAFCB41D8E28F528805E8DE,1002
com.cardhub,E5F776EA4F60EB9B37E062A28B25C32ED10A0AE7410049176BE5783993DBAA22,10
com.coppel.dasarolloapps.coppelcon,8B942E595999D99156F51E1830D157AFFFD3C7DC10350144C796BD926CFBB7CB,86
com.EidMubarakPoetryPhotoFrames,81400DA1A71BFD9A951CBCF5035406730F315C46F0C9B640BD02B9CB12B78BCB,5
com.emin.winbenefit,81C5E97A81004FA491CF615F8247591CD0078833DE5EC770A37B689E97516F75,1
in.convite.qrcode,83B7645EAC5081FC815F90F4645B0C5BA12D94575FD0F145115A8375BD974E0F,46
com.app.nairan,B7D43242109469D2E5E9B32FE0AE0C393B7935155FFE73328FBBFF203E2E96B3,5006
com.a237global.nkotb,F1459557AA80865CDB13E9E0FAEC4034028007D467FD6D6C3CBA8AA9293F8703,4
com.mpplus.takbiranidulfitrimp3offline,8EDF94111186B36C272D7BA5957CF88E453AE6DF5E749CCA556CC3F96394FF86,1001
my.app.klickevents.hftv,C7A0A4E08A6459B0D477D29F1969BC047D95C49CE86DD72699467A2D8374DA05,6
com.goodbarber.brasilgameshow,C7C71CDA3E602AB743CF1AC40AB9579DE3977BA33E85BB6C53D81B7CAB005508,11
com.xcr.android.eventticketscenter,91AF28F9C5DA21828E7D6AFECFA39E887E85A3A0DBBC037701E84CB92883AD27,401008
com.RamadanMubarakPhotoFrames,91DAAAD56EBB5A72ACE9CB6251EC0F284B936B61A5B5FAEC8E3885EF76FF954D,2
tamer.android.prayertimes,FC19C0923B96B114BC895E39903B478068E259786F2F6EBB3995104AA2ABD632,10
com.EidPhotoFramesWithName,92ACFC2A88E48DA302E1C084A6A045639221EEC351360BA320DBCFB07DE3A2DC,3
com.RamadanWallpaperHD,934AE327359822D616C3276BFDF67B9B8ADC5E120247BAD814E56211387AF32D,5
com.ticketfire.android,9CB465320C1799A9CCC3F404F0018BF851B711C85E174BFBFE4F7382D630C496,76
com.PhotoFrames_14AugustPhotoEditor,9573056E6B1A732B1E085B8A06E42DFEA711DFF14D15F55DBA5A0EC4D17C4EB2,1
com.tomolabs.gearfitcalendar,96402D779D28E24DCE9184B6F1D4A523E6B6D1D8EE22F381673B630E5FA2A975,1
com.malalehifde.tarkize,968CC9787CE8B3F636E08A44868289985295034A9787FB470FE2A50001FA7087,1
com.live.here,9794EBB40089F37CEED39E0B8446D32FFF1F3AAA469E1C832DF5E12C3836C278,10000116
com.malik782799.hajjlive2018,97C8441216F65821983C071806EB0838D992147B63958AC664F72404A9D1CE81,4
com.hybridframework.letsPokerMobi,9C52203DDB21F56B349D6A04BE48E14DD21DC91B37B74463411A4A0F6242D670,96
com.dawateislami.qurbanicollection,A0379D9D1F84CABB68DB503AF7AFB01E747E556E1784A5121C5571C77299E5F0,13
com.piarama.begam,A042D97A5EE1357FEDA1B3B51AD9AD8F8BB9A085CD5D04456A443E6621DD36E6,3
com.bankof.elma3rfa,A1E911222770568CE9E2576B2AF3334E9F896861116BCEC0FD4C075435253589,30901001
live.makkah.kaba.madina.tv.stream,A4E075294063FDEA1B7055455246BEBDA874CD56864E4C6A81D1857531554738,4
info.egypt.bank,A7F12D2D4C0DB6FF8E0BA18B2D90C0918F3D34B0DB309EB6303FA44BBA29B97B,2
com.HeyNau.EventosFrikis,B07488B38A201A66834336AE502204AA2A8A633F781C1ED0B40D313EFF466A96,200012
com.elbadri.apps.quraadz,B3E1E2B1A3DB5D90B5750230EC81F0D9182F8F81CE1D0CCE2833476AA85F39B1,33
com.km.carawatidakterlihatonline,B7A774F8C2C15103517E6473A1E1A50629AD9986E2D9B28AB2A2C4DB679CACE3,2
com.mmobile.app.event,B7A87290D913DCE69BBE530F280B5D0D864741BF9C37DD5AA99E60FEBE4B6F60,21
com.sp.dls,B824AC5B4F89270173437059740D7FCD3266309AF505A21E9C2E69B7D9B784CA,1
com.redolpino.modskinbloxburg,B9F7F26EC8B7CB7F267F72CEDDB9CCE0AD325AF66E6692D2AA99BC00BC633F1C,8
in.mobtronix.BanglaCalendar,BDDF992A600F5A078B88C68B27225C3E77693D7F7635283AD90B5F02D3C1AB17,14
com.molehoyold.photoframekemerdekaanri,BF49AEF133486DE478383CF8D28B0B94D815E9CEF8C572C5712A05BEC4AE9186,1
com.cea.eventos,D2CFE26C3C9FE98E36909D933F86A0C124E1282047910DBD7ABA773E7662EAC9,8
com.pitambaridigicare.ganeshpoojaapp,C6889879BCEAD45E006A13750CEE2E134191EB0FDC2CB35AE2ECEC53A5AEEBC0,12
com.pixelsolutions.pixelticket,CC890CF879CF16EE5B1721CE6053BC2B6447E30FAB035F469D67CB10BDB98C20,38
live.hestia.app,CE682B11198CB60974A9C641242CEA6CD5E40E7878E12CEDC5F85BF28ADBE5F4,9
com.donbosco.boscofest2018,F4F480E5346220D6758BA80E89E2A259F9A588FCC6A0D6BF8495EEC6055172D2,10
mobile.appcq8cCTCGnF,D724F312DB4F7FF1EDAAD0D60E76D819A4E66B6B95ADBA0E1AC4996C81F3FA18,117
com.bath.mobasherveos,D61A0C249E7F0D41BF3E921A6D3B4B668B075BEAE125217AE71CEC5B0A62F410,40502002
com.mbm.cse.encarta,DE85E0844DE8585E28AEAA21ECE9E6810CEE8A2BD04A6E7D78A1C1940CE7D9E7,2
com.RamadanPhotoFramesWithName,E46ACC9283BA46DAA20A1889D1898FEED8BFA510E471F790157DFCA511B6F1A3,3
com.km.carawaberwarna,EA11479DD6F8BE6EC4652A77EC1D48FB42228BE5621747A422AB1BF8186C9045,4
com.DpMaker_MuharramNameDpMaker,EA18F06A6BB885B2A9442FDDE81F862B1BE526BF865FCBE804E2EEA4EC6547AB,11
com.EidMubarakNameDPMaker,EC3E7856B9C5CCF7FF243540D24253BC0510C51BC067344732E3B19AD8E5ADFF,5
moola.dogdata.com.dogdata,EF5BFFB9B1F96FB0084CED3B9649FA62ABCA5499E674AB8C21A905C43E23B415,8
com.pavamana.umapp,F6BD69D36B2A62BB9D8FD9D392014D23953D34817F82D356B66AC0D59DFD1BA9,4
com.franciscan.getjankari,FA96D009614B00AD4D6D569AD882E68666FB53E802482DEC0C12A78DD1ACD160,13
