package,sha256,vercodecom.mojopizza,8A9E9FF30DFA9734CE9870CDA0C7CA627F02341B07F9049D54E80A28B1E7C0C9,89
com.junismile.superfood.de,D9C2FE3B0D90E62232DC2F38BA26D966E3F54A7BE7C69DFE9880F06CF33095AA,85
lozi.loship_user,177E15D01F1D90106E9986584F20D62DB026FFA4C70767E8AA945965BAACADCE,636
com.cookware.worldcusinerecipes,E0A2430DA6DD7B93A5F8C21A713289103DA88837F12B86D25FF78A77E6DB903F,56
com.yatechnologies.yassirfoodclient,F412206B83D503D697B65E0C8121AF6EDDCC4A2C98CF8197EA088D02CF5D422C,155
com.tenbis.tbapp,721ED71287265057EECF81222F4AE101D6F161F875C87E1FA8663F0175A9FB2D,5016
com.justeat.app.it,A39AA29C2FEF299DCCCAC3AE294E4AD9F0157A2FACF72BD73189AFDF5C2812FB,61596241
com.kopikenangan,50BAFF37E714B8BDC5071ADA45576EAFEAD9ADC481F9FC6DE3BE1AF7A01CE51A,143
se.nansen.coop,1C86B8EDFAEC75ACA58DC7A96DE3896ED46FBB69B265B9EC15CAAA24F9178AA8,6973
com.yopeso.lieferando,D1762BAC54FAE294BE99D2346BDB544C57EC37FB2700437758CF68C3B2D0A38F,1610000201
com.bauermedia.leckertagesrezepte,94B199B51E1165958F69A9AB1500075957780FFE56CA0A70165CAB2DBBB5B18A,502
com.instacart.client.publix,0645AFA4E32B0EABC7F12FB1BAF11BB4A7803E4757539027542CA806DE412B3A,67304000
ua.raketa.app,3A2E7BA1C03750C089CA3A4D99279B97338994C19D994D9109258F486ECDF7FE,360
com.chakir.eminem,8F8C0CAB7B3F2E1B00AF0EBFE4479D63D14DCEC64E987B5CAB2680EF5150EEBD,45
com.lafourchette.lafourchette,9C9EE83A1C753D38376943D92C9417FBE5BB1B5A4BD468FF8CBC1F287DDFF4DD,17754
com.home.recipes.food.drink,2C73C7E85261F68031AE1578A7D2E2EE761B498ECAE00F6DE80F16A720964BAE,2001058
com.shakeshack.android,00308380EAC31A8E90E13AF70B950BBD71393E51F49A8E3E3D21EFAE389460EE,4294
com.kasacapital.bitesquad,9C3B8AB0C0309B4154B8D6B6FD68BD16F0136FBEB4B6F89B897358F8E91D931D,2021092102
jp.co.recruit.mtl.android.hotpepper,4CBCFEB17FA7334F92E7668DB074C9611719D62E9D3069A49588A329C0B50E0E,318
com.orangefish.app.delicacy,1FE36C63FCF2D14DA03167C3CA9DA4EFF9C8BBC20D333026482D10748A71669B,1365
de.pizza,2E1E490FD74D873ED50A17D818EDA075BC2CE17BF7EB069168C32AE167C2D18A,1610000168
de.rewe.app.mobile,835C2079E7A4D43B7CC21EF92F56EF0049515BCDBA4DB1B13FDC84C458D6AA27,15278
com.hungerstation.android.web,A873D80F31EFC9FD238F2265ED332283A05BE998ADFF53E70331095A3A66F353,885
com.jumiafood.android,9E5FADECA2CE6EFE23239207455FE4531370BD1282AE1AB1BE408282FCDCC88C,515
de.pixelhouse,4D8A9B9F47A10CD2548726E588AE7968173B5B6FF84AA431E186589F4E7249A7,404020042
com.anovaculinary.android,B2EB0196B04A3CCAA205E9629250281502D85407175B9E4B792FA63DA7CDF031,1142
tv.every.delishkitchen,F9253E9BC1A7F76481AC669376DDDE93B7ACD4A29C80BC5774A8F1A163F6E438,380
com.fineapp.yogiyo,24DA9163D6DDF55248FFAFEA92B5454D5B0E0792D9D41839ECB993B81DE2A31D,40003783
at.lieferservice.android,2174A3CA52AFFF04ACDD652EF2A807F225D388044A0434271E4504037D9DF229,1610000193
com.main.gopuff,F365C4BF0E6DADE056B29C3FFB0CC60481752AD356BA87A789D5CDF3626AE56F,127319
com.inovel.app.yemeksepeti,8B433D5FAE8C482FD23C4F890E27A2767FC7A5C039F83CA145F61625E7F0AD94,106
com.opentable,DCBBE69D5241642E1BA2450C28A0845D9D67118DE4AA9B47BFE98DBB46F12605,2116071
bd.com.evaly.efood,9C005233658B101885C130E2DB45B3C9F51782BF95CA1786825E1B927C40DDD2,278
com.openreply.pam,BFBE8B4BC45703317D3309954AE84C6AC25E64DCB8963939E208DB4740CE778E,107
com.recipess.oum.walid,9DB32DE94E3139143384DACB0EC77BB3395B000FC3068A49122E25D58103F9E3,465
com.panera.bread,A76517342B40D72AC3FF2466775CC304137FB856148F10D1CD54247EDA4A9011,35001300
com.chefclub.App,1EC87E2AC9484D1D139D6E0558DE4638768DAB31D8AC920D2F06D1A6F6170D21,116
com.chickfila.cfaflagship,21D3234D4F984C07588332E4F0A47EA530BE33CADBC4C43E62905E53DC6DB9F5,20211601
com.thecoffeehouse.guestapp,51D1026E14ECC1AC46FBA31667621B2D75363593136D9597AD3796A336800C7D,4194526
be.pizza.android,B54FD0D53B2802FFF39994D75B46BACA3DFF1625FC91B74DB8652A9C72C3B5BD,1610000200
com.joelapenna.foursquared,CDE51D9A6AF19D2037295A4F127360F79023FFE184DFBB8CFD398FCC12D3E57E,2021091421
com.coupang.mobile.eats,18280562AC443743895DE65016A8F64B51E533BC36AC3F6D747F4EF9947D26E7,1003150
com.deliveryclub,A8D1A8F42C6D070DE91B40691BAFAB902A547686C7F22270DB68842BB8CFA469,466010
com.app.tgtg,58BB88499D3B13066853CC742B330BAC115F9EE260D87B7877327F9539333BA0,547
in.swiggy.android,10465CBEDDA083E5730629686066840C85DD65CC6C220B6B82C0F46E14B6DE8A,995
com.ubercab.eats,A656098A4A358126AF54CEBABA95A8CCB65A1A7BCCB752406EE58AB79FD0A854,104142
com.cookpad.android.activities,DA718108BF35A406BE035FC91004E1E5CD59C1EB9739B2347578E3B28F4B168E,214000161
it.supermercato24.supermercato24,42BF599F51378D3C01E88A48F899071B4F3CC0DB628FC27CE1E6B5ACF1608079,4350001
com.mufumbo.android.recipe.search,1C4D9FE093A8256DF9779331C7A27765910A5A58FE6635D8CD08668571E62351,30221910
com.pizzahutuk.orderingApp,7B55CFA45F8125CE81CC7943F6884195CEE8A7EC83B492071056AF41F09F80EB,618
ro.ascendnet.android.agregator,69D3907855E2C41DC66C9E73831BA4C11C90A26A90288DC7D2EF67B09E3DFECD,1610000168
com.lazyketo.recipeapp,8F815CEE672F7E8FB31D00BC801EA7B63468DF1D91669A749F41A7C54B06F43A,235
com.enki.Enki750g,C5BF2359C5451077AF18486B3E3608BCF6A6ED993F530FE80A7D3E58C3800391,306
ph.mobext.mcdelivery,C7AA2645E387EB421392F8E80DCB8613080748B53B61C144B648307DF944F0E6,323
com.jamhub.barbeque,BF3CA5B487FB39AE22EFC28C822E0013DAA4816245F0A86F46D4E5C60B529E4F,255
com.sampleapp,845D29E538F2D0FAAF8568D106D974B55679B832F5FE289D9243F5279ABBA5BB,23000882
com.nzn.tdg,71B5E3E857FDBB4BA0C4AC9210E525534B73CADDD9C0D5E701D0AF99C0F1A294,148
com.emn8.mobilem8.nativeapp.popeyes,B5F0EA7F7CD0022C2770EECF88B0850908D7333B5443FF9B96C85D81CD9839DB,21300004
de.lieferheld.android,207DA2D4C8A3D735FFE7F6B2A7F39A3E3C1BC0BD629B62FFB86F2C4A51453F62,1610000168
fr.recettetek,7A2BE0FB0B2BF0B735303C231B8533D04EE5A604D2C674EA8A6119C7A44606E4,2100649
com.andromo.dev136619.app218388,BF74AAD0BC98CBC99E593B243CBFDC48923F2D75079A8E59796DEC3DCF8309F9,1003
com.appfarms.monsieurcuisine,42B06145068BB2021EA07C6117281A0677F3D3FD4908BC29E78DBD4371A89E31,57
com.grabtaxi.passenger,3385C4EB068E51E4E9DEADEE67430BE33C34531BB824B6C139EAD1B2800ED796,51690000
com.mindframedesign.cheftap.beta,B7163E1221690C3347F972E4D5669602987EBFEC159A6F49E200DE71D8861BBD,517
hu.viala.newiapp,47E51AEC92C6C34BEE5D27E9E565A27312F8BC7F09BC24E0F631B0E4113C28DB,212191808
com.dd.doordash,0688AECCD8DC86192ECAB26ABDDE713313CBA0B8690AC2C012B40F920B14D3D5,15029089
ru.platius.mobile,C57DFD839F00D7AD836BAD96F15458DE9E0AA4CFC6DE930206EDF569A9059CB2,590
com.deliveroo.orderapp,17E98D64B31D13F3B9BD895613A4CB65862BC937563B2C30BA139C29CB9E7A78,37834709
com.ginortcar.postres.faciles.y.rapidos,2D92EB88E256E7FB74BB06DAD2855303F00A2D5D71E50CEC4D92132AF6389789,23
com.polydice.icook,CD2EEBA93209897E8FDA3455E917A0672EF5A7432269B1519333B91F26F7D779,95462
com.instacart.client,EB50587A95F48A018BABB41ACBFCF4C74CC50E0FB336E2CD0398908AEB7A6BBA,67403000
com.openrice.android,E9703CB6EE49EF152D4E1E2073461ADBAC145B78A323DBF2D30F04BCC625C473,5127
com.beyondmenu,AFB0DC1691985F2897532D4866BBB448CF31533285A4ECCE7F651A0B40BFF4F2,568
com.endless.cookbook,E2569F8FA6920DD0672B43A64406B0ED31F349616BA935E744D1A97C918089AC,69
com.rappi.restaurants,CF3E7487C6FB553B45E2522B405E3B6D8CB16B27B84E42F6282385A88C53CEBB,405
jp.co.skylark.app.gusto,7B3239060256D525113961B87F2B62C0249D9E64F0B6B50154B9AC04D752ECA2,6010300
com.justeat.app.fr,34818821A82D0100714B17395D30F0AE9D2B38B36E5C2928A5F53F38850A6407,1610000201
com.olioex.android,08A61AD32680FA8847B261403609ACB715ECBF82B9BF8740FC54C0B7FF765BA1,40830001
com.wolt.android,A4E35C61CACFA84EDAB4E4E7C6C8426D2C3F86D0422EE4E0C7329A152A35E4D7,124100101
com.kfcaus.ordering,0123432440D9245CE9E952D3C34DC1DAB0C7AA06C807A0323E11AC38EE6DE467,200508
com.phenix.cajou,0AC66570DAEAE4B91A678F3D7FA240DFB2B8423E0D9AD4B5F3448809B868BA09,10036303
digifit.virtuagym.foodtracker,0E3AA87A036A5B0574F9A5B61F99858F0728D4512E7E6A7A22D53E6B2B0B86E8,200372
com.yum.pizzahut,DB323A49E0EBEC926E5D8DFC8A05F240382282807CB57E8585CE6296EF4D4B5E,1631742255
vivino.web.app,35B572A2DEE17439D3B86E72DF85E3CE84678087B602630F6044CF02A5D88879,8200399
com.wongnai.android,272F014661EE84207FAA7C01BA9CBE1BB093F94D86AA8E9B9B05B4C5074B52F2,384
fr.haruni.frigomagic,B0626D3E73F88CFA665CB31C797B960E6C57E713B7F46DAAC5871D4E0EABD052,50209
com.dianping.v1,12F41551A164F9878D253FA74EE27CC616388B2134324D9C8D599BB9E45D5602,102632
com.mcdo.mcdonalds,0983C52BC76652979A4F99EA9CF010C3EFE30B0726F8E882D4FD8F1D25154CCB,35158
com.takeaway.android,C356A604398FB5144DF5FF0F4041A67F6DEE0330A908847D071D4DB888C33FD2,1610000201
br.com.brainweb.ifood,9164F1641AD5F7AD67224FA3FFD95C454901D49D2AFAD26D30A0AE09483A1B9B,300912306
com.philips.ka.oneka.app,588B6573357DCE8B14CE8546EAF137830EC4F91072A824FF5627ACA7A0332BD2,7070100
com.deliverynow,BD846F250F81B14882A2FFCE21D105CDEB43FD03233AEFE0FA6733EDD0F37B4E,20825
com.seattleapplab.jerseymikes,17BB6907D3871105F359165DA46CDA36952D6AD8E8B968AEB605B9F7211C5EF7,1812
com.stedor.instashop,91DDE6505FFD041B6038037DC9441F490295148F3EEBD705E40F9711F4AD965F,613
com.sonic.sonicdrivein,AC796A2A8F0072478898889A4F9E2E335FA70550A90D643DDED20E27A1F08EBA,5373
com.winesearcher,A13281F9CD06229AF96AFCB46E700EC253DE93EBA611772537977D715CF69C15,5011500
com.zoodfood.android.play,AE6ACB7F6037FC02BEBAEFDCAE773CC375EBAF79F20E84A61B903ED6A9EB3081,51004
com.papajohns.android,BC57B32C5AF274032F0771F6A456280E1B0B48232BA0498B018422592ED705E4,2329
ru.farfor,F3FB0FB504B368D6F6A9FE8C87A33B8BBE9FA504640EA1A451FE1587AD58061E,21001004
de.lieferservice.android,DF06231A4D92BBBCDD9E11005A808EA9E2392D875977A0FFD2EB3CB91BB49BAF,1609090248
jp.co.gnavi.activity,F71F2FCD504090500EA88C42C0274EA7A8E9501563E458A271A52435785BFFF2,180
com.sei.android,45ACAF802C9D9DE5CE6B59F47BF81F4C8F33EBA4689E0FBDA4E1541B542251AF,90751
com.olo.applebees,DE9F1C049A17932A531C4DE58DA790B28F4F00B53B6E292A9400D17ABB651D2A,1249
dil.healthy_recipe,4DEECA250280022B43DBA809883046D84D0F0E8C77E01B9FBBBE7C308983F10E,120
com.tastemade.player,7EC86B9CAF3D32668937AE3E2700DFFA1264A8258C1D3D203B9CA7665F069CF2,111113
com.mobilemedia.tanuki,01979CA75731106EF397AD2266BABC50C8AA245D392604AAB949906CDD3BE50E,338
net.jahez,72FDF164C703FA519FBB40023D82F5830105DD3F5F54A68123DF46F295B86A17,30504
com.yourdelivery.pyszne,468B0EE73D1097B63057C05A4F38FC853E652F7EEE300F89CE22D624DCCBBC8C,1610000201
com.talabat,C42D2F6BB727783E44EADC8CD9C0384C6FFEF3E2D65856D3A4941CBA9926E03A,1603
ru.foodfox.client,33F2A8B36CF6FC420FE716F2694369493238A40928BD12792946C0C2228AC4BD,92421
com.mybarapp.free,DAF1A2506888BA25CF14519595236DD06B24BD5505103760ECC1A1A43BF273D7,210822
com.grability.rappi,3F5C243A1022A367B1B436B1A312771EB878251787CCDAD7DCF0DC9F1A278459,48249
com.darden.mobile.olivegarden,5229FB3F1E201F544106BCECA3DA5DC23E718A38B05D312E818A61AFF961868F,156123
com.easydiner,BD3A0924C91BDAC5FDC5DEB652F21CE99F94C1FDD693C33FEA207C8033CEBB5F,242
com.rewedigital.shop,5AE57AFD0B0B051A44DB75C8F9E60F0E2A8E7A127E1569FCAEF8E9BF64139C58,19600485
com.mangoplate,FBEA8F4AF8FE155FD38650D83E965784729FADEB143628C95C116BB3FFF1368D,16550421
com.md.mcdonalds.gomcdo,A04A498F23F7DD08A627EF3AFDED04F10928A9409E561850F6E92523A7289697,975
com.kfit.fave,727CE5A7ED3C8D1BF773A3CB09D3BAABBD99E025549D6B48E8669888B1A4E6AD,13535
com.minor.pizzacompany,FE283DCE016938CC21D843CEEB0A00E88948DB97F229E8635B906F8A243D5374,3460
com.elmenus.app,3734FC05FED44B17E192BDFEC9B0ECD05F2E7B08C71FF8D108E8BA0F9747B816,176
com.desertstorm.recipebook,A17B5DF3B51031AC47FCF74097FF119E7D6CE7EF021B8782D5434AA3BF6C7239,17607420
com.zadfresh.zadfresh,929B4EE06C00E1CBE78E0226ED64746B2E3594696BD0C7E56915B69150AEB789,323
com.t2s.foodhub,8A0CB5FFAE3F2D356A8B05372B4CF30294C8A8B56FE56DEB69AF88F555FBF1DB,446
com.toters.customer,5F684B489B1A6062A05BC0D389FFECEF38CC664BBFB17019E427D0C4D09B0042,278
com.kiwilimon2,96F0BB10392153CDD8F516EED8824CB20C304068AB0A461FFBA449B06F292AED,92
com.bigoven.android,64863DBE577420A696872B22A6466B266E3BF15C3317EB49923D27D7B7C37FFC,291
com.tweglobal.ar19crimes,9756B7171AAB647789FB408DDA77B2E1656333AD99B32956CC9DD71B59BCE627,394
com.hellofresh.androidapp,9E0FB1D4024ABD9489AADD0ED05B06F8F8B9E7DA7CB4B58733DFB8150D459E39,1401
pk.com.mcdelivery,6848D0EF6F251331EE7D9B84524BDB67D998F371CF30F2C61424590B51C7509D,9
com.starbucks.mobilecard,E9814734E33BE21233212129ED26ED928C68749CC23E6B338E55A2DF31470C28,12657
com.riatech.cookbook,F7CF432D861CA0EC1B255E96AD3512AE3825E89A101DC67E994EF90203515693,325
com.woowahan.vn.baemin,A36E526C410051812542D0863A03365E61BFBCC01F882EC0CFE9E25A540D1D56,9004
cyberware.receitasfaceis,0240999BA80BEC39225B699E088ADBA07AAA42A715FA479CEA7853C9F9E96EBA,9
com.ezhld.recipe,46D2689EA5A9F98FA6F606087BE2086ECB8EA6036F80835D74DF0754ECFA3BA7,69401
de.foodora.android,74DCABDF85C1E39542DAECD02E2A68F226D39CEF6CD80F295A32ED07ADEC050B,212191808
com.appstailors.berain,62C48DBAB4761F0210881B9F8D04EDA7012BDB6B75A28152D0858C93437FAFDC,30070
com.bougrones,60BC9919EAADC3085342F3E2C2622CAB83AA72942325CD73CC59CE5513D603C0,185
wb.mobile.cx.client.droid,A31E783AF9C460718C6F8E301F487C3334F623A7261D5EAB41A54EC39C0E6CC6,95
com.pedidosya,968F20796040DB57959AD9F7036F28C5559562D11DB96F33F18D31B7CCD766BE,994
com.sidechef.sidechef,7D856A6591635FC76A6B8899E6F3DE4EB829C8B50FD84A7EEC7FEE437556A6BE,636
com.karma.life,B70231D9D2642F68BD6869AFCC695A1238426777DF106C66337F407889529BA6,3140
com.honestbee.consumer,4007747A1B26ABA527D141E71B7BDF29EB8612D833F4628EE0586052BF20F9E7,3050001
com.riatech.easyrecipes,189D4D0A80ADCC71EB366BDA4B9D6F7E2744D805FF317BFFE6311F368F13FE58,323
com.groupeseb.actifry,1C3D6DC8C54D51C43D21C50B490791D0B84E2EF8402A7A923F71D2BC5B396042,19000101
com.mezzo.dayfood,6B629F8FF65229F68CC6B2A703B826224A09B558D3CF2228B33D8F108090D43D,80
br.com.deliverymuch.gastro,3E99964D5054A2C4BA73E3BE1D4FA55445A7BA6D7548F7271DBBCF875C5BACED,294
il.co.inmanage.mcdonalds,4813B1CAC67EBE19D8766FF1F88DD1CD95D77EF2E1BD898FB00CBE30C8AE7CC9,74
fr.cookbook,5FD11C4A1593960229F25D70C76864494038397F6B7C3642A2B98C7969425781,228
at.mjam,B71A032ECF4D6F6DB75B7196256E1246F51D7CD89BFAFE9E85F32075EC244F98,212191808
com.app.cheetay,4ACB16B8E9180D702373ED852777E16BEEB0774483F81C7FF861007B774D6304,329
com.nestle.nescafe.dolcegusto,19312E38F6D91C85C4D769AE6733958E487CCF7CFE99545202EA5499EE238233,8173
com.Caseys.finder,F50EA68335D8F38389861E375E5DAA376CBD7B5A97F790839A6F55106BD6EBEF,2307000
dil.cook_recipe,41224AB076C589F71EECE692F716EC79B68CAA7EB27FADD12F74A10D83279200,82
com.dutchbros.loyalty,B1A4F99E40A565F68989ACB48601780181C657903BD37FA2215DC3D86F6C05F4,1358
com.foodtec.marcos,9954CEE72CAB71FCA05194A77A5CDFE6003B9B1A5B7F5331E432241A5CE326E8,102
com.foody.vn.activity,360F1F2EA20FBCEA36D77DEB68F5564E9F2089789FAFFA475BB042D2A8BD6229,20263
com.abinbev.android.tapwiser.brazil,C9DBBD629ECA2894833ECBA2D1377ED2348D2029CB2CCD6F7A0C4E5E593CA0D2,15931
com.grofers.customerapp,D7E2DB74120E752D82F4B94C6BA9648E43DE819C1E31D9354093299C9E6D0B5D,280101104
dev.as.recipes,1E9C0B9DB3DCA03EB520C5B7D0BF096B21E5152A3E306E83AC4EF1DBF9B1D684,36
appcent.mobi.waterboyandroid,D25FC91377DE0BD8C6D8BEB9B6421F31B9C8560FEF90868830DACCDFB03F691B,7090005
com.kurashiru,8475E579F5C9AF35D27EBBACD2D0A16C5CC09A0A8D99E0B1D33DE68DD0725A58,21100700
com.application.zomato,5D1122AEB555103DF28630967C02B61375808E0FF1DD9A3F02EAF8001E86E6C6,1710016120
com.cardfree.android.redlobster,C78A78BE327E43547EA272E4C94CC07ADA3BE1FD01445C7A4DC3CFED6F61C363,1627657559
ru.lenta.lentochka,AC8D6AAA0F9C08FC9EBBD1A6736A6E710AC4C1119D67844AB6F6B06C191F1C5F,1115
com.metromart.metromart,0AA7DEF9BC5F9AC1FA8E807466B52ADDB3F165BAC755F10A47A95954061BA87A,199
com.riatech.souprecipes,F4EC07DAE93F8442710284FAE9D322F87C5511CDEBCB0D093FEDF915063300AE,326
com.olo.jambajuice,035B758E3BDAAC5BFD3728CFB15DF5074E53FB9F286CD1194B3EA8A207622B17,50594
com.dilstudio.easyrecipes,FF83A573804995ED00BF330A27D66E6EDCE89FE789BD0DF185E635254FECF7C4,145
com.mcdonalds.mobileapp,0917BEF4DD69C2417DC917159E479DE6223AE3DAE104138379C0B9A874687540,12515
com.dominospizza,31CF8AEAA27F08CA4F80D0114672B7D152AD40A467E975BDD0EC3E715CAB1926,360
com.groupeseb.moncookeo,159123F9AC7F37EBEC6FE30778DD31D5C22B0EC2FC5A2B0E08112BC4D5CEFCEC,19000101
com.buffalowildwings.blazinrewards,8BECAAD06EC0A71791A9F110DCEB7C459297B881C729765B9198D46470BF2699,1631612276
com.happyfresh.android,67BA8D8353A4742666CBDD770F7D64C3431093DEDFD298CA8F465359F6434A6C,2009
com.mcdonalds.superapp,03B40658B68436F35291F47FF8053DFFC8363731A46DAA6B52B7B396EBE761AD,1229
com.cookware.ricerecipes,14F6FE5BC53EE5AE9897B6C2AFF3AE0823C67C9C31891A8C065845AE53A25DBC,53
com.aisavent.hungrynaki,36B5459FEF891CFCC166AC752B06BFA0B3E192B876CE92DC6C57B62F5138C98A,4070065
com.hungerbox.customer.common,5AC08F59AFD372878368151E2A3248DEF4650F38643B101B81CC6F4B9016FDD3,3000256
com.global.foodpanda.android,A10E3EF3A16BFF1B1092AA524C784987351077B855988D4F64761907FECD8C9B,212194468
com.viamichelin.android.gm21,DD5438599EADC21D88833F1256C7B568DFA1D7BADD5B9745E36FE37E70600EFA,7009
com.riatech.salads,76ABECAE4B180C647AFD99932A543A3C37161B87F21388860720303627D33935,323
com.nanoequipment.kfc,EE73278F0F6DE840D19353AC2A89BE260DB40D306874CC0C2211F8DB627F4781,63
com.techniman.food.fast,1656B2D666D7A4701A3F0741BFE156021D7B461A61F56932F4B4C3B6D7AF8C78,53
ru.burgerking,B4CCEC9D1133EBE6EF7E9370FBA2356A6D155D563C308AD7044AF2CBA9FFBA3D,12521
com.jackintheboxinc.JackMobileApp,55D7D48B8FF81E33DE6269DA3DDB468D10B81AE5E4B24BBCFE96783B9546C28C,4270
com.eat.ch,041C65334ADF48E1232681DACCA36C26C752D35672A885EDDCF2C766D3B45E39,1610000168
com.app.makano,E5F1521A133CDCA1ADD492DEF7532D8DFC0D9AFFDE3AF7E26A723A1D9B065BCE,330
com.hmg.rainbowunicornfood.slushymaker.slushcart,042B7B5DAC29116450AF71F02FB8D065D97642CA6F20159E692C15FD61D8F405,19
com.intervall_fasten.app,7A1A79AD0A92FF509FAB4DEFDAFA9E90BE2D3FBA0E91E60CA06A972E89F56A85,196000
com.appsmyth.mobile.smoothieking,4562DDE2772EF8903D555DF9049D739534384F435FF6659B9F89938E5D41E307,70
com.olo.ihop,08356B8AF6B1C3CCF6C06A56154188ACEABDC108EBDE1B80F21A9B0535897ECC,1184
com.voltmobi.yakitoriya,FFE64B0853D2032E992E7B7AAD6311D61B146F37103B2C8621FA9575E1FF62C8,3153
com.oneabsolute.mealplanner,36CA46D92A5E57F21A063C16089733DC9ABDBF3F3C9A98D83B1246F128AC9577,200034
com.ajnsnewmedia.kitchenstories,6B7850D82A646FF639DFB9B8F33552025163FCA872040FE4C55F0E1F70EB9224,514
com.clubvips.app,24A2AAB030649BE6D36939010811D54CE290573CBC186C4471CD0A283A5FB243,4540
com.exa.nanamarket,D9149F5D33A9B5AF4BD2027F2683730B0A0A68B27D315A4050DBFFC70AD4ADA5,590
com.yelp.android,A8F555A13A9B85CE6B163C050E20B920B2D3AA65E07C26C9DAD8F543A2A55C40,21214031
com.yummly.android,F1436256E2FD61ABF7AB10E9A8DB4F51C3EDE36B604F17218DE9AD54FE40BA37,210
com.nibbleapps.fitmencook,8272CA4B95149268A4EFCC752F71680FF95C30E2916AC05040D45ADE9B5D6F54,157
com.kfc.sa,B76971ED3B889D594FB39F28DA0E64DF60FCB6EE77C766736FFF3A5F265E1E09,22
com.chipotle.ordering,14976A2930BCB7162AA12C9AF66F1F1FE93FE6FD9C5361D11439BE10BDC75BAD,356
it.banzai.media.gzricette,233566121C44E0D2CF2E5B4C91D44C8006B13338AE640DB95B4FB39EEA3FD7C5,87
com.talabatey,8E9712434B4AFE5AD55628496B1520C6D3CEF20176F21FD699AF342458152307,419
com.qdoba.android,4962C5C6E66857DE100A8C197F7230DD9BAA38C34F52DA3CF49B319660859FA0,2021100501
com.minorfoodgroup.one1112.one,5AC867CB9B5003CA7CE56ADF0DF6D7B47E9169D1C45C72882C62F8F1711521EE,3137
com.diningcode,CF833824B0356DF94EA2D8257B188CB868F4325DB24C655B451555DAB10CE0D9,22239
com.seamlessweb.android.view,07423F2FBDCB1B1B7CF63759EE9F8CB78C2E2F1673D84517BD0BA94236BA1336,202103901
ru.dostaevsky.android,1A81E328F5B60C0060D41D06E542F32CF58CA14B94673C673DB16442DB5A99B3,10879
com.android.bartender,4A64DCDF8833D151E5FDB76DD53B908761EAD1DDCE1FECD6D9CC410E08DD786B,22
com.menulog.m,84D478B9281940F0813C236103E5CEFE45C898D1CCE04BC93AD07AEE94456601,61595887
cyberware.receitasliquidificador,050D0C520DB54F3BEB033380A8C994609A0B90CB46E4163219F2A3EC60B7FA45,12
com.totalwine.app.store,651C8086A3A19E55CA553B8E0F0BF91E2A5FD5715ECF25016B71F969ED3FB386,1631232398
gr.pizzafan,F3B8944757AC7E61D00A87AAAD405060952B393B43FA59DBE5BF0113D03BE14E,20607
jp.co.mcdonalds.android,10A6A2BAF1B44E8B0DFAB9D1FC5CFFC42CA0813469D31D7237DE31779BD47B15,51140
com.grubhub.android,A2F89D4B6C24029640450C1D99345C4D08AC34C6565D401185D930C1326C73F1,202103901
com.omniluxtrade.allrecipes,74633C22AABF2AEE253C152E28048D5FA62A984DC43FAC1A2ED94D589CAF9F1B,117
com.done.faasos,271B053FD387CBD7F0C538486A939A6E7BD68436EF3E7FAAD7ACE9FCD7598D46,190
com.justeat.app.dk,1CA4A550DE188D4ABD908AD4960C2D6E1B8D2BF9FDEADBDD887548B2194C9709,1610000168
com.poncho,CB94B3EE329E970ABB8F53CAAA6973F0CB90BCE881008EB1C5544E2BD91DE2F9,189
ru.perekrestok.app,51F5B0176A6D1F6F278EF5D5FFB7D58AE93D00CDE8A308830BECB65DC1EE13F4,1253
com.justeat.app.uk,1608CF7D9C17487895FA722BBE0A1B3C9E31C464C2DC756E6F62018E4855FA5A,61596241
com.postmates.android,92EFE485879E4D40171BCC9E17A7DD7ECD73900AF756520A2A5C27F77FB2CC2C,104142
ru.FoodSoul.NovorossiyskSushiDarom,25FDB2BBDE93378F0CAA8CC8155E882AAD8FC8B85A84D51FE7054C5E92544F52,2021042211
com.eno.rirloyalty,FB79ABB248A963E42D0D35771B55216FAB5055242A63942944B4639209A2D254,4593
at.dieschmiede.eatsmarter,EA206E281FF6859795E576C9DEFD56F4E17A223D52A9192DE26FB1A81EA49DC8,1132
com.justeat.app.es,A9C32BC5A0C848B0B473255D242BA735A56F3994384A5CEACE775C605CAA9D2E,61596241
com.hyvee.grocery,3E315F6E14D8BFBE236656E4170AD7F4AF750A670C7ECC5A14E2D449829366E9,4194550
ru.reksoft.okey,0B87AE1ECB97DE558FF42C747C497171EEFCE74951113DF86EFFA6767A9C56C4,441
com.justeat.app.ie,44575FF8B9FD2F32BC4F1CE4A0877AEA1B9B3AE1C60A21DB04AB9E6DB2B6ADEA,61596241
com.mcdonalds.app,DBC5E1E2F8B9619D5342EB1874F269B07E30D1645F5BDC34117BA58C8CAF4CE5,843
za.mcdonalds.delivery,5AA7DA305A459CF736C2B5249DDC0808BC00AF0B0909251C9733E094E20A6069,18
de.penny.app,3D22F1B99327C2FAC9CB6ADAE56AC9132282C62685A9C73CCBBF92BEA54CC8AB,2651
pyaterochka.app,8F2CF2F7619047B33D3A5AEF8040CE7985251CDBBE0626B05F3A6F6B86449A91,81646487
com.dineout.book,689B9E21AC152047B0FDAC4FE930808B443D472D3B134F44DAED23A63F7D1559,50038
com.dilstudio.dietrecipes,0D557819D802340A256E016226B6E535DA18B80B37DD56B00F543441F82E2C2C,1142
com.aufeminin.marmiton.activities,5FA0D8F246E677B301D536EB58456A594EEE2D6F01828ECD24BE2FB40ABE07BD,210329
com.xtremeweb.eucemananc,9D47C78FF30BC732E8A8B183C65449C3E5BDD55D31CD0F9250A015CC59210DFE,215
com.m3jjnat.oklatbaytyya,69DCEE44A3A79C410A3C41C381090B3000DB7EC0D6BBEFF507E47980A41561D6,3145784
com.traegergrills.app,F54317A8B4241C201520F1F6F9CF1EDDB720AB937308A445633B0AFD9EA0DAF8,577
com.olo.noodles,F00520FBD983578C969BF1FE8B73A04B8C12782E214870DAFBF64078EBDF9463,3332
com.drizly.Drizly,76C9B8D0E0707210F155CBBD7E2161712AC8D6D62BD22C6C6BE2C7A1AE9A60B1,202110010
com.waitrapp,6E274A31CA702A2AD9A2A70CF999CEB0567716E96861554B900A4F03DDB96B56,5908
com.riatech.cakerecipes,D3084F4B0E9EAC7C2A4E6C29561F454AB1C60C380C4ED818B6E6D40B37E85709,323
com.ncconsulting.skipthedishes_android,F7CAC9A982C3654A79E0DDA0426D7C783C9E48C766316B97EFAAB962B708EEAB,492001
ru.napoleonit.kb,153106B508245FE5349742BC29016D25429529EDC795BF34BFFEDBD41148BDBF,134
com.tacobell.ordering,5979A1D4A175429374AC6BC8764AB6FA8580A4B2890C83DB4CEC50F679DB87E0,419
dil.diet_food,E35C24D54D4AA99CF30CF9B8F17EB50F6E6AA9BFC7A7B8486BFEDF2AFB704FD5,129
com.neighbfav.neighborfavor,A5A981A45D029F78557AB0B1DBC7ABEF0D4A8C07D83E6136E4BD1A28D95F4076,3845
me.lwwd.mealplan,20C66AE5E86408D79C4C0939062FA744F81669F026D14CF35B1F837068556FB9,168
com.withangelbro.android.apps.vegmenu,C6FFDA9F1E586829A3F90D87A80EA7C090731C48E895473A7BF51412B60D617F,594
se.onlinepizza,A3E2AEE3CA0CB1A7AA52A03FD4C98D47F2BA3CF9E51838DEDBF2580486F646F8,212191808
com.arbys.android.arbysapp,D314D45299BA9283E70EAC57D0FAC12541AD1777D011AD4500491B6D0BDC25AB,1324
com.emn8.mobilem8.nativeapp.bk,1287485BF90FC0B7B3C41A64C834EA2416CDF7CCEF86B35F6EAF08471B1E7C02,53000004
com.dominos.dominossite,074796D6CF75730E95FF6EFA9CD47E4C7A265DB793B6E89CE25BBBCCF47938AA,806
com.nefisyemektarifleri.android,1BA295A62F9F78F32B5D8E5903057D786DD3D6C2D518E142853A00185ABF0881,245
com.pandaexpress.app,BED18FFFAEB52C44451BB57659C89E98F0EAFBA2E4E050FA767C9A53753123B6,3487
com.querodelivery,E7ABBD506BC0070B22E4FA9F6A95092F6283E2BAC9675FAA9921F8DBC8F9701A,4204342
com.bolt.deliveryclient,D74042B3880D7B5A260CACE5B5F8E738F6981454585C8DC716F9EECA77AE7754,672003
com.dominos.sa,52F4621EFF18CD52FE123A98C34BE04238CEECE978113D814535AFF54AF24895,10003007
order.food.online.delivery.offers.deals,625C8DB1B132CDE3204231C4DD0BD94CB44E38D48F2CA4F75D8216BA958868C4,64
pt.mcdonalds,CAA60E2227A2AF703912CDF87FB6A7D9F1A8ABA3704E0D2F0D598723D5BAAB13,147
com.endless.healthyrecipes,5D53473020F71246CCA5E0CB15DF8BEB97101213CAAF3CEF03CD932CEA76849F,69
com.expremio.burgerking,C39CC3114CA0067E534AFD6F9054D73148360728E8F37C67C99F5C9BA0F666C8,118
com.padu.recipes,D2CF28DF6267D539BBECECAFBA47DD7C7626E6339D548D0BBA79CB5698772227,87
com.cookware.lunchrecipes,AC957725A1FE1554CA3F465D55C86F7CE5C8676247AEB22F7CF0169DDC84DE4E,49
com.mytaste.mytaste,997F27DB96F8FC35C6B76D1B3DBD9E56E57CE34204B856D4E3701BD0AAAF945B,26300
com.ru.verniy,089B0BF2629B35F2D0BB7B734210393AAC0F740D974FB7C4200AD15A64DD13C4,757
tech.gplanet.shopx,346B12CFCB8D64B56D77E8C869F3C7408C3E84B1536435D63CF61515C544084C,143
com.untappdllc.app,73CF6DAA486D8C4220CDAFD34DBDDF74BAB369775B55B3DA34B883CD701CE25B,2147102725
com.valuephone.vpedeka,F1581D092C968DCF4C04A640A3C7E377815AEFBB18A1BFFB7FAF20473B2948FC,4319
com.kfc.ksa,8A8F1DBAAEB3B5475F93A3EF7AAE627D00E49BF71C08C3DA3D4C204E1FD498DB,10015
com.restorando.redo,143B20F0DA2B80C62DBE21EBE96F7E86AF97798FF981A44FAF2B02E61DA7C69F,140000
com.carriage.android,58396CC27198F636E906DE7967AA040E65BDE1EEEC129CB7FED5826D46D317C2,182
com.vitalhint.haemukja,C27C14DF96BB564A5F1EFFBCB048D18DFA2CE08E012E3BD378305E92DDEAC18E,30700
com.eatigo,607B393DE60D003E17EB1FEBA5E3184C89F843AE03AD6FDCD2F0659A8CCFC2C2,2092
com.mealime,DAF1899A795BFA5369D8EB1E59F50FC2A94C806C1AC738C53D2FD8BA4D3B5894,282
ru.sbcs.store,5255C16AC0BE3AEF33B9DC5037373D9C25B999A78D65BDA428ECA871A45A9DDA,3061
arla.activities,EB98AA433B962F3F63F746A3235771CBB605E3CC941EDF8E1A508E3D862F8933,261
com.allrecipes.spinner.free,F2D8B7B9CC3BD95916F8593407585DB51E6E074BEA3DE82243479868B0D91187,218
club.resq.android,FD419D2A7A74C1604D29DF8265D919EC7AD4A3F54390AAF994D64C1493FE67DB,375
br.com.jamesdelivery.android.james,A262228D462EA0A6B7CC968425D8E0C34DD1F41038CCFBC00D7C46C9A9294F93,4030800
com.djages.taipeifoodblogs,1B0B50386EE4015F1180AE4495FBA90B362CA82E10BADAD57A080029968A5F46,11355028
com.nanoequipment.pizzahut,DCF8B83F6D0FE3C934D33F9338D2B6204B26B6DCC91F60C4E678CCD9AE9A05B2,684
com.kptncook.app.kptncook,2C34BE79E9D3610BE4C4204DAE71E58981853899CE0AEDED7B37B404208CDC20,430
com.fastrunkitchen,9A30A906D96E2E75A7396D91326F0FA727C31EBDB7A82BCBF28B0D96DC7E2A48,700
com.hw.blaze,98EA19F361BEF00D36167AC90A3E63B4E29DFFAFCFFC5268593B494543DD3132,2696
com.endless.koreanrecipes,817B9E484E305F3677A07C60AA96BFE633D2E31005F80602D393985355F84B16,69
com.cerveceriamodelo.modelonow,654FEF30685FB1DDEC62AEE6D6B8D42F59B04B85B8B69579547FA8544E6D6E59,947
com.trycaviar.customer,1A2C035C947399E60AE5B68807695214464F5913E7197F9D2264BB9F11A4FDF0,15029089
com.wendys.nutritiontool,CFB792D2EFA6B622ABAA0AA61E3EB07C77FB995168A027588BECC3389A2C60CB,600
gr.cosmote.box,4363860E53C4D6FDEDEAE688D841610B02F78CC66678395C0A05F2AFAEDBE9BE,2110010
com.jumbo.extras,73180ABA9C2B8101ABC5B05A8F2C87180890D981C89D0D8C9A384E60731B9C7E,300
ir.mynal.papillon.papillonchef,B3A7309525D597774DF75F71976B4E6C3B8C79E4E6D63C91D9423F5586E709B4,340
com.mnbdev.yemektarifleri,BAE0782CD3E1C3DF031F98755355E1D54490BE70BA699EFFFB65AE5AB71321E1,8
com.boloid.dominos,0DD97564EDBBD4DBF561071FCEB0F8A46798F54FD487A9AF9ECA190DCE1DFC99,30001
be.burgerbrandsbelgium.quick,33F6A69E80FD02AC702717BCA06A604194EF51B8B20E1E3F869F84B4FFE272EE,328
se.max.android.locator,0B0497AE4B7358F5C5264A649B1398E38088AD77535BC36232D0BC375E692DCE,1060
com.w99l.customer.app,C83E4BD2A766EB52C044C87DAE7ADB8A120F54201390DA222E35E9C0410AAC2D,435
com.ginortcar.recetas.comida.casera,868E54BB387AAF2533625F570025EA751649278F8ECC8BB820905420C15EBFFF,25
de.quandoo.android.consumerapp,DEAA188F8231B94B950D1A8F8DD91FAE8A03E39B7544551623C91DAD001E50CF,4740
com.mobilaurus.wingstopandroid,C15BA6B23FF69AD6044B704004795953C241BA51125A53F95D1F31649ADB2702,2981
ru.afisha.eda,0B84D722FE7C99346387D9964D75F828DB962162F961E7014BFCCA94EEB42CC9,1021999
com.kookydroidapps.pakistanifoodrecipes.urdu,7C479BFCA37154B7616190515FBD547AC42BF937D50440230AE0F402D6714F51,28
com.krispykreme.HotLights,35D971CAEC9AFDB6096AD5E757B32996A47C47B7F70317A5194DA25D03F909D8,1046
dk.boggie.madplan.android,B1616DE7135B03A33DE5A4B2ECC434A3734A48E01C8439DB3E431C4B63172855,50221
com.kfc.me,E47323D68A7ED43CD1CB6D30F6A10ECEA0A7B67A021451587A5801BC0E222463,48
co.ritual.app,CBE37D5DA031D9EF00D5CA5F443BA528E8A067196560B4CE7FEB3589D9955B8F,229004
com.eatkareem.eatmubarak,DBE357ED0159B91B41A7EC415A6729027B586A2C6C900A1699346F7A38413BC2,132
com.flashfoodapp.android,5109D449B6394C010FDC7B958A51A4D63E45575EAF0A89D2CF9EF3BC3ECB6F8D,1625
pk.com.mobilink.bizstore,9F6DDEEFF2B98A366D3183B86C5C2F5E65350297FF670F6D69F835E28746149B,4194416
br.com.tonolucro.delivery,E6060DE51604040F82C305D82B152A4609B6A148BC37081D69CA1F618A993709,27208
air.com.unit9.bkFrApp,CFB98B68DA2C83B286B39CDDB757716BEE77BA12C91687295758C0FAB360797F,365713823
ru.globus.app,DC15899E854A0332C3810FDD6245100102EAA255A426F86A6121493D7FBB4DB9,81469418
com.grab.food.pax,6FF6AA61DC53CFCCAD08F1D3C9197C2A0A6B41E6DACD8E1836B3DD9C21F8030D,32
com.donesi.smart,C8568CBE6FB4457FA0E2AF881948C4D7595D72016E979D7189F4B532A53D4179,976
com.buzzfeed.tasty,6FD6F38F085F6EF5E3C8C24A7DF2E65F97954CACBC4C2B856A407B75A9DF705E,1570002
ca.dominospizza,7E546DDD9DA53DFB7617460BB41B4F967E2DDD335E5AD40F181FF21391E208DE,354
jp.dreambrain.adiorama,E58C0D873AF77BED9FDFD83F6EBDACD23551C8BA5ABB30A600CB035922CDD29C,57
ru.utkonos.android.utkonoid,DB4758ED8A4A5071B60BD6164D105100446F6F347298DCB35B5D178308A9D42E,44401579
cz.ulikeit.damejidlo,1C10ACB6C422C0B411256BD87F2325AE6851AC687B7F4EBEAAD47C2225FBB6A2,212194468
com.mcdonalds.mcdonaldsgt,0DABDEF24D820903C62AA5D4E075A214129F200F1BDB48F131A1BE6CA997212F,74
com.r3mobi.starsystem,DC616CB2B3334A0EDB894B38D54BBA7053D5302087A69FF0A99D3CF16D434A65,363
com.goldencode.cake,A8CE4D318C8A325D9DD3BE0D5A67811A34F1A350351B31F6D5CD857789E7D8B9,7
ru.magnit.express.android,9F27EDC0C8B21474DCDB3255FFDC363207AA85307E8D2818DCE9C3BA898535A0,190
com.cake.recipes,B89AF8E137209D12D590EFF441F2B54D04CE29A91D7464EA65D4D65A85DB7699,23
com.kiransmoothie.kiranchavan.juicerecipe,5B298D095BBECE2237898D6C21CA9631F0F6C95847C8E02A403ED892210902E7,42
com.seven.eleven.phoenix,BE48373D0798BEF35ED063B940FB4FD2F5DA3208E3A0AEE1BCA4F840206141FD,3145807
com.wemakeprice.cupping,E31D55FFE146F87E8C103DF3BE4B11C1AB8D0E85A1ECBE078C5856EC904A4956,81
com.slicelife.storefront,D43BD2408510F8914AFDE15C66DA1C46D139456023D3D212209A7437550BB7FB,87254729
com.littlecaesars,945BAFBD9D538A3546407C39124BC8ED1E2C5AC80161736F5D968C1D8C2D9C44,26818
com.dunkinbrands.otgo,0E84C44B42140C1367D2218686C47551D8C0EC15C3CF010928CDABA8358B6830,108100
com.yoyowallet.caffenero,468886B4CF1F64885A684A347977BC531FABDF343BDCC0C338EAEB5F43E94E8D,402413419
com.relevantmobile.texasroadhouse,D8FD323F679D0234DB309564F154BF3578C79AA15A16FA7D629CE927181913B2,877
br.com.buscadordereceitas.lowcarb,E79154E15172E266ED683F7B3506773E4AE8BF148FB8B9F62CBBDE7D6749F5A1,48
com.delivery_shop_5ka24.delivery_shop_5ka,6E3E30EF057A54B97D3D5DBE497FC31E91A048308D77A621C1B039A11B7A7428,37
com.alternativeindustries.piccolericette,8948770E3388F3BBC20DA3B23511F9BFD7AF501D673EE752B456841C6416EDA2,192
com.caribou.caribouapp,89324C690489198A4049392E5BCF81469ADE5CA1B9A8FCFDE8A087B60C6718B1,202108101
app.quiktrip.com.quiktrip,BA47437F3FB36F94A41B7D5CFB48A0FCAFE9F4D04A891023EE913B562D465021,13889
com.eatstreet.android,911A57A13EFEDD8BE05D8F56FF5059CBC1D18A7D259B9082E2E200C83A445C75,250
com.project.kiranchavan.detoxfree,34ED14EDB2B14DF336EA4248778FBBCCB5613FB8FBAB3FEA2291005FD2214403,40
com.venturegeeks.efood,79B5300DDAA9812CF9C47A2D764C030AFCE9733D19564F2291AA2163DCF68BDE,1059
kz.chocofood.chocofoodapp,AE24AF27425DB487DC2D6ECC215AC33BF49E69E8B811FAC330B3F0A03C5A158B,121
id.co.yummy.mobile,D1406055436C8063DB2C62DCC38A4B98D9C9789C3A56478F2DC018448E158646,120
com.riatech.Italianrecipes,4B8DC7297E38735E24A0CE0BE35C5C891DA387E224A22F899CD1376EE0942E0E,323
com.kfcecuador.kfc,978221C02491481A9E99CC8E16AD1EB069AEAC1C664C9E380720A4FF4CDD15B3,153
com.eyeplus.feedy.vn,9066D6342FEF06C1CC8460F7D4B7B6208F1E01D52D1A57077CC64FE3D158C908,133
sg.com.mcdelivery,462016560370093D20E8D16D1BD29737E30931249B8801E3A7D022E1E7EE75AD,63
com.ru.dixy,A31CEA858F46DD64DA6512DED8B116DE12E5607E9E29859163BF61BB82346508,462
com.baskinrobbins.app,25CBF9DC9FE48F0F5F6FA34BABCE212C960F9E96C767290D473898D9AB532C54,20703020
com.mrd.food,6F23ECC34594D2DF1EF09CE464EC269C5ADE3C7D549577D8B5E5A27DFA1A457B,2012031763
com.subway.mobile.subwayapp03,9C2D80EED1C92226B00784E4C86961D486DD4E4A0A5C723DE8BD107DE5F76DA8,5000914
com.apegroup.mcdonaldsrussia,1334AF04CF0EAF709434EDA9BAE4630977D88BCD21D9F01DED8B5F7DF5C6B57D,11
com.tropicalsmoothie.tropicalsmoothiecafe.android.app,80BF371B7833E776AFC5385D7ED47AF56DA89ECFC5CEF15E8951717D152B1EB7,138
com.firststarcommunications.ampmscratchpower.android,29602C6FF8E6FD9E3261FDDDBEB3A4CEAADD35BE0B66E0DF747C2496B28523BA,1057
mobi.debonairspizza.iosapp,66676961BD8F708E3DBF580843A486D8ADE3F43245D411E845AE0524433DA2D6,4221157
com.olo.elpolloloco,5D2E355129890CEDD89A41F920C3B948D29E885F92A0072241B70E06A2F623BC,76
com.mwos2.mcdelivery,7C5E53418DA4A739F38400AA5CA0A7EF865807D5F2047B071A0AB8CE47E8CB9B,51
com.zghari.filipino.recipes,3F9AF42F853C315B07AB53ED02FC9F7161A956849A326D5E757FD478CEE9F3BE,14
com.harristeeter.htmobile,2D8BAEA23F9E17F4272094427629CE27D93B1912DEBD8F012AA308D2B06812DE,853
com.ma.cc.salad,695A928A48C13D50D939D7B35F2AC82A700E305DEB9850FC74E5F3F06590BDCE,159
net.vrgsogt.smachno,BB2A6DB922373A4E67F207DB7AACB7595A7F7A6731A3D057EE219636F064B73C,78
com.foodient.whisk,2C9260D82C8AF658F0CB41F4B7A8CC7D101D0870217DCC46EEA9B0242F681E39,8432
ae.com.mcdonalds.delivery,DF8E9178BD6BB0D7FB2F927477C89A34F8A4A7EF469FEE3BF334C48D6C5D229B,77
ragazzo.alphacode.com.br,3C256F0517748746B05BBEEB4ABD5CCED9DA99EA161F8836AEE9E52518693DEB,20332
com.wabi.customer,957B462AA87F1B8F0A2878F789EB3639EC3F40223E9D7C5CB3F1354E808B4A73,3660
com.wifipasswordkey,5167815F57C7D74A266DA5F48C81EDFAEA7E4B2ECBBDA5970F37BEB85BCF214E,130
crumbl.cookies,83624114DB0BD7F43EAE1413E2D5E5B9CD265EAB2CCFFBCCC2A73A884C8AC76A,79
com.wetherspoon.orderandpay,23050ECB063C78FD4983813E6B3C67B4A8128DD0E55C9CDBEA48BA560CFC5766,245
com.skollabs.tipcalc,6FA04282A7134F0F63B89E405BE453987E16161E15E273125D2980F56390D4E8,284
com.goldencode.moajanat,22EAAC2DCDAD8694E5A988B7960FA0D0F3E8F5846C27190CE3F9539680D0FB7F,14
com.plantjammer.plantjammer,C02DA3769933938B87F101A5E56F6EBF8F7DC865D5BA46A968D76ACD31C0ABE8,672
com.dennys.mobile,73D5A6B06B8B55175C64072F257CDE4C2AEA593790D7F19A695FD99035502D79,783
com.myro.lastorder,F0A1A13415653A52CA57F65DAB7C23E276D555007E8135D2541EDC052B7C821C,417
vg.farmfruit.pophaverst,D1F8BB4B512667F073D2E01C7336CC61C4B40F5D55CAE80A97992CD2053864E9,11
com.pizzahut.phd,673CDD6B1C465EA07E7A677D2A80CC1767AFC95D1D321758426357E0E0F1EFF1,704
com.cts.kfcthailand,A02E368FD6CBC4B769C6350DF138E453DA2B854106CC9285E525DC3EFDE33AE8,10
com.hlwyyat.bytyya,FE00CC7C4030D76421E71E902B0ECFDE57B9B192B22DB6A5CDEA6DAEFBB4D290,1048640
com.andromo.dev136619.app230407,A46A4DF759BCB19FDDBB9F1A5BB54E347B253F29E2D930E589E2D8FBB0EF3435,1006
com.tarladalal.android.app,D3C2544BF6F8C24C66C7FB81FCF27C09B8E5F04F0455AEA6283BF6B687681EAB,18
com.recepti.android,A739112F77604097A65C6645DBE1A9C7954B2704DB93F75F9C7AB8F009B12878,22
com.riatech.chickenfree,AB9FA90FAF15CE898D2FFD389E4F16F95CF628872022F6025238A8698BFDD381,323
com.seveneleven,EC8DC3CE605057F08F01EBBC0C7F7F103B6914A2D9A46B3804DC2ADB7CA83125,28030
com.hungerrush.hungryhowies,4B4223D59282C24596915CF56BD9972B3AAC0314EA195B15672FE819C87333FE,135
com.nosmk.burgerking,ACF1D7DC9EFB2C008136D16ED10BD0EEEAE493B0F76E89679171E0F6BCDEDEF5,100
com.befit.mealreminder,D5E18E48944D696709FCE77F495BF5E8109E8724C29EF014CA5F6481885C4F5D,43
com.snapfinger.mobile.zaxbys,FFFC9655D8236EA8D965D618F513BF62D6820CA63192B8EDBE3A638E6FF208F2,700030
de.edeka.genuss,3927D111F0D11D1DD1B6995112ED3DBBE06F3F1E76E212D7BFEF33E1575C3778,10219
com.zedelivery.deliveryman,5B2AE28AA2C2F627E6B7FEF9BC846896DACB7209C87442E931A257B9915DD0E5,30004000
com.ea.internetsizyemektarifleri,2072AF1CF62E2659889B4FAA96AB3545437A9960509DBD1B4A91EB39D0B687E6,32
com.shareandenjoy.recetaspollo,E931D75E61C3EB5031D6D6A1CED2C65684A1FD98312D4A77296552AC6EE2F5E6,20005
com.allfoodapp.foodmania,9D100C7B16325ADE152A32DD3D7FB0B881FBDCE5E4AF684D585BAB26CFA5F286,20
com.itcbook.net.monanmoingay,E3EE33DC9F1183030FFDCF60C1D96EC19F12BE9A025EDB071B30C10FB289D8E6,97000
com.olo.dairyqueen.production,476F27DDECBAE0197FFB1737C2E8E0D60D5977018EF311DB066817E041832EDC,2305
ar.burgerking,98413484572A94AFEA6D6B4475C9825721D2B1C1D71441F4D3D2B2391849FDD7,12
com.myelane2_aw,7FA8E1364C578AB51B9BB896FC939EC7DC8F93728FF9DA3F2C5C85241A90BA17,760
com.kfc.egypt,C98449692AC537BC5E2002420A1D7A88FCDE784AD1AA0B274C1B61047D0547D7,16
com.uairango,AA71643180122E303CDA5C6E2063641575209ECD9C687069AA08303C47D6C521,1075
com.telepizza,524F5743774C248DF553897C003C4532C94CFBE2ACEC607A3F8BDA92D03217D6,5410
com.murphy.driverewards,FDCEE948CAB14FA6A1BB3167C3C0D9C68B673EDDE9F1FF0E8DFC92844A054E91,476
com.irctc.fot,B9A47A9EFCB2D843475D9FBD490B9A2F6463F07A4F7922B2AAD339A722BC43F3,89
com.zipscene.mobile.sns,58AAE70EBFA10E75D5BEE36D1E1340151FDDF2BF75341260597AF4C3716171BF,76
cyberware.receitassalgados,2A52A21E82AB5E312C558FB1440FC6C99E90CD81D13973E60562A4CDD78A9528,3
hu.distinction.cflow,2B736B658360103A49E0D80460029BD885A6E4FF9A2AD19FE05DA515FC433B23,47
com.freshmenu,C55B6CD6D09CFEE6D851AFBB40FB897BC7537CABE7DCBC961B61361E7DDAAF87,640007
com.burgerking.kingfinder,93C96CDFB2A979F15C2B59D2AF646B1A614A29CAD304D58579DD52BA61BF8E8F,675002
com.zghari.halawiyat.cake,E85B7215E7590A9FB5C7F722EE7C14627CCEA750C75A8520317D84A0EAD205C8,13
comeya.android,7773BCD0AD03CF620155FF1672468369B592DC2854A85434A975D6FBB98660E1,300912010
nithra.samayalkurippu,380A378AA0CD1B6C554D8AB979522C008876FC648249DEEAA8415E40C71A5983,23
net.kurdsofts.cooking,511B66FE7326752C533C146DF24B5441E4DAF94AA87964D7A23E0E7F50F32A53,26
jp.pizzahut.aorder,D0CB2AE9A02E8913115C3C6DC612B52DC287D97471CF4D0065E8ACC725063813,122
com.alek.bestrecipes,BE569A2CCD406B6815BAFB13962AE4A8B7CCADA8380C2DF2900BDFF9AAA41EEC,85
com.sourceapp.ebb,6A74E09E541FAA3D39CF71C0A47A8169AF9B5BA368EDCC10662EB8766300E122,202109171
com.vanuatu.aiqfome,359451AF37EE1A2F22531BA57C810AF53CD64CF78D600A60DB2D5A299578D49A,21162507
air.QCHMOBILE,7CB0B5281B8EC78051AC374DFA8B986E6F7389C0B515C6D7AE5B5C97474E034B,8149729
com.fripsapp.dietasparaperderbarriga,4DD2C97B3150E81C0E5222DCC95D5AB18E55E36A725147C0AC6E21EA67B6C22E,11
com.supercook.app,D13A03C39E6992229F7F37AC8F15CDD3A37A412A0097BBAE32B0C9766760EE76,1000207
za.co.steers.android,38BEB466DCC56DAA482245145976ADA61C7874C24693B24EB4F2BB34F93A872F,4221157
com.jimmyjohns,BA65ACEC99D55A6DC5ABCEA0C211E815478BA1D5DF11E6E00CD65F3BF6E176F1,104
com.howtobake.primex,39595E6577C988770B510A31EDC5901B9DF167F1CF99086063B37B6ECF5900E1,2
tw.com.mcdonalds.delivery,AA04E2221B59AE62088896C46876BB985D218F462BC83F2B6EBF9E4D443BBABB,54
es.burgerking.android,9F28439452E2BB31A00BE47D6ED3783021B07101DA21F72027D28262B292513E,100
com.india.foodpanda.android,415B286E13E6247FE52B562A61FD4735C4A85537ADE757FA042DF8B2255DF2AA,264
com.youcam.cookingsworld,42D59E13FEC31E6B5C61270EA6269D308672DF070F02D8EA4C59DF0E7CFD9652,10
digital.rbi.timhortons,4401E5FEE9FB81306EF136E2348E5A5BC5552CD6D093C0A3E3405874159B6504,2780004
com.techniman.chhiwat.maghribiya,67F31C2D21E7D7131FAE3937FD02E2AEFC1ABFAFB5D6D0055476E33F4EDCD17B,23
com.frisby.frisby,B8781CBA5828BA53E024B3AAF76BD91C16A417FEF355B4F73DF7A4CAD36EB24B,113
com.sepiasoftware.secretmenuforstarbucks,81CE725DE97E8449EF11A33365A2200F9F2FC95130BE43AC27C17424D94BD055,8
com.motooo3D.mod.bike,BB3AE05BD5E80ED3A7976FA5CD72C339B873EA653E3D76D53DAB9AD536D42CC4,4
com.yandex.lavka,4D148C35AFCA9ED818A24C4DEA9E25CE213509F3EBF0278236047D2488C282F5,31035659
com.xiaojukeji.didi.global.customer,507BA7AA452C323D19B0D15EEA318BBE58F4659F477FF8A164D50BC891303DA4,4
com.ggl.jr.cookbooksearchbyingredients,87B7B11D21B634D68836E85ED5897E615468EFC0679E7E349C1CDA06660C65B5,22
whitecastle.ordering,CB3917369BF9FA1D75AF48841D5A861FAEA6E346B9FC18F919E51C9B47EE5737,391
com.olo.papamurphys,7120BBDDDFE9F090FB652B44DEB606E010940A58D7143F20385DE8DF77083DEE,2021040201
com.bearecipe.soomisidedishes,CFFCA128AAB1438B3A22770B7CFA26EC05E1D3D210766701AA145E6F278C1AC0,12
com.pagatodo.wowrewards,743902CF35D7651207F3CC93F8FDAAC9EBF2E3197BB5F8BFCD20CF4B46625FCA,30042
com.nepisirsem,C7E89CE767C231B228E43D3A004DA87C57F85FDEEEEDD0E064C98F6B7D07835F,13
com.outback.tampa,7CB39F2EFA1BB3B69A0AD4B383AE8CC312B2B95B7E9ACDF8A64D875224AF6BB2,401020
com.auntieannes.pretzelperks,9E7CC7287B08D75D9953050AF9B568B7FC0E90FD65C18D723D3BCA359631AA3C,60
com.mankapp.receitasdeboloscaseiros,9200691AFC1C146CB41976D8A0D2018F04F67FB3A3D78F1DB4769B74BC9F91D4,11
ru.malinadev.alcochecker,97E383C36FA348663B2B7D3983D4B9693F6BB8A4BD5CBDD7DD848B1E26B38A33,52
ru.mediafort.povarenok,A2774A352AFA693510C700D97193F61B77777948AF35E31B8DF076D83B0D7C77,11
com.pizzahut,DC95AEF28F5CFEE78C8AA0B61119F207AD51A7E91DD08057666CAFD33A1E4609,111600
de.burgerking.kingfinder,E47C9EB3D73DD60FFE2EB38732E51771F83B050AEE2AF0B54A8297045CB7BE9B,419
com.comidinhasdochef.app.receitas,F5621D62223374AFF040283C72FDA6E92C20B9346B62D920F73B482AD6F0FBC5,20008
