package,sha256,vercodecom.senspark.goldminerclassic,0003475C11BE850673D4DAA869EEFF2559A8A61297D6328FD2D586A529E93980,2004300122
com.nextstep.fruitburstline,F70F5445379B37219837034AFFFD07E203B34A0CD474B61FCB45F678CCA6F3DF,51
com.fme.cookit,20EDE4FCA877561C508FCD63D4DB4597D4F7B9DE0E9036EBAD2101FFBA8B8E41,130402
com.perseusgames.brickgame,43134DA0D59F2080E388FACEBD8F49DCF5A948D2895D653E49992218DD43EA98,72
com.iposedon.bricksbreakerballs,62688E76CF7E9E6EB50AF380630F2D006865BC95F9C59A9DF36D37648DE10AEF,1000338
com.joxdev.orbia,001B2BA39304DEDBD34ADFCA71A26160ECA577E94B7FB1CCE7AE2AE279B4457E,1089
com.rocket.sky.shooter,98A591AC51003490FFA0CD18066570AC9BC8EE62B8AF10676A2A320698CD42EC,200162
com.game.space.shooter2,A80E0AA442DA4D59738461D83E7A8BD86B2CE23B331F5A1C2E193D92C937AD65,300536
com.orbitalknight.castlewreck,0032E61EC81DAF57E469B80DB89E6D67EB3A04CEBB2488DEC83B3AB8A36E5032,1600010907
fall.stars.race,0034E86D9A3F035EC3D1F9BFFBED3E34347748046000EF1E8B3D0CB8DC6EFD34,22
at.ner.lepsWorld2,07C5732B0CAFBA181CD93C3965EB2212FAD4D8669C6C82DC5FF9EEB3B4372B41,212000
com.raongames.growcastle,6C73DFDFC4A6F1952929235B0C745309451CB904EBECB8B7BE90337C1D4162CE,348
com.flybirdgames.cookinghot,0041520A476E2201DDD2CDB195E8D11FAA80F15CF324CBFF8139B6CF6AF88310,75
com.alien.shooter.galaxy.attack,4610BCC75EBF4769FCDC296A033E4BEF53B225028BFF86CE498C97026D05BE54,2160
com.rewase.bonetale,004DF5C0F939AD3358999213468EDBF82C2B43B877F6FAF37C2DE77406D8DE07,27
com.multiverse.kogama,15C61147E0231D9A0301479FAB2BE976063139697B0924F830FD161ED2F8E693,230013
com.bike.jump,D75FC8FD6A6404910D297B31305AD73BFA2223BEA3BEC213DB6C388B9EE29D3F,27
com.halfbrick.fruitninjafree,3447D29C724997F72CCD36CC75F11E7B5C446AD1C388DCDD46EF35DDDAB82CA9,58156200
com.outfit7.talkingtomcandyrun,881066D785EB29C533526A64CAA717C55CD2A908731FE3CA7AD6694A1323DE44,180
com.mix.color.paint.game,00621DB69D270DFB5EA7C12A192F19C9FDDADED03785CA624F95740BF80CE762,6281
com.spungegames.failybrakes,61AE9A4FDACA5B64DC8FF34B728B401A50B2E0B2E83A9DA8E749AEF711E1FC83,164
com.nflystudio.InfiniteStaircase,6A7F87237F7C3C560F9BF373372F7CF63B1E04AD8AEBBD526E57D2E02B64D37C,291
com.azurinteractive.humanevolution,5C6B8C764EC2175BA020885E995A681CF084B3070768777F405DE30E3F4C1B09,300116
com.sandboxol.blockymods,AC859F43D541ACD74F7FEB95718DCC5F8384265D7235D8B5F6B877D8A78A7D81,4184
io.voodoo.paperio,DFE15F241212D0E118D4897245AD6311D45ADDA475AE9C854DD8D995C8EBA936,86
com.lsgvgames.slideandfly,55A4EC31AB7D6722D9B705A657C021112C94477743B0A3CBBD9D18EA372554D4,403
com.DVloper.Granny3,988B2368062E398A7FC002FB0ED89631F19516D7AF228AEA6F0D8C3588B68C40,6
com.generamobile.runforrestrun,42CDC1F494602AC51821A8CAEB063405E993CF31C53CE345B78C402EF45DF2FA,10806
com.biglime.cookingmadness,15D89958D2B01A2B08634F1FA55CA540D6D10033422904A7FCE49E689EB9AD98,103
com.ASmallGame.themagicfinger,CAA00C3DB77E942E5E10E6805E16BAD7719DFC7106EE06DB6BB85F6EDAE83259,27
net.kernys.aooni,1113770AFCC5E2BCBD1A9F097BC16E57720E899750DF7AA8620D62C8B2DBF357,7610
com.fgol.HungrySharkEvolution,00F06B7F2B3BA6AAF58335FED2C21E07A605996A6BC45A0BFE9C85C5972FC415,347
com.blueflamingo.herolab,03BEA0EC2942C82B573B5B6E6AB9D10D0098013FDB78AD1AD536FAB16864F4CB,71
com.gigantic.clawee,11CD404002DB54B506BB3675DDE570A71E284B66180E0D733593751CFA301958,763
com.honikougames.royale.io,3C314E79A9DCA407DB86D58C99CC873FD4E8CD178BC6A0EEFCD433B326D101BF,12
com.mojang.minecrafttrialpe,B9B7EC1D11FE75E240A60E32F670B84832A55C8D138A30DBB1974A7A75310235,971703402
com.os.wars.squadron,00AA40500426CC888129D6B28F4400FC36FA7DCEA7E3E059AE11129481DFEACC,384
com.bestcoolfungames.antsmasher,85029013C0AEC77B91AE2626CEA21D8ABEB86CD69835BA85EC88C88A32A03F82,10010427
com.timuzgames.fidgetspinner.io,A88E6E5AADCFBC1D9DBB9D11BFCF7D47E4F56538F553A0C60F1D8AA71885BE29,205
com.hammurabigames.cookinggame,AE1B0D798A2DFF8E4AD12C4D572B13E540CE04D07F3AC18C9203D966BC3D36C6,58
com.colorswitch.switch2,9F7DC5E923D6A40367F1C933B5C318DA62E0A0ECFFC008AFC64BE93B2754E8E6,853
com.mobirix.brick,A7E4BFD6FEC106B2DB7796DA91A5A4544E4770FB96B1BBBA0BFF6E6EC34434BD,21010800
com.igenesoft.hide,12C0111869586C27DBB68760C290A1526EC803CB86C925C3FD53B4E85D4B7318,32152
com.REDSUNworks.RunFastRun,F83C8B9BDBCA99584401A1E343632C88F876FEA2E3CE811EF71BAAC50A7951A6,27
com.zapak.littlekrishnarunner,21564A0DEB86519C2AE683589F4B33CFB356908361465E8E3A6499D7B5B97715,44202
net.updategames.granny,63DB384D72DA8DF3A8B45E230ABE3CF6BA4BB43B6D0001FB3678676BE74CBAE9,1253
com.rovio.angrybirdsfriends,3611A221E5AE1DAAB76C25A024EEAED25B14EE79CEBBF3EF75C670BD3D9F06A1,145931
slingshot.building.destroy,D1E4FE16359769A68C52F3B91351695778E383FD3BFD8F32EA27C49D91E6B35B,96
com.kwalee.wantedgp,145DA56A28F7A2ED4F26305F65B67D34F52B1123085421FFFD49D3DEF4D70C03,1565
com.ministone.game.risingsuperchef2,D7629F4F22D96C93AC264F8B8A29AF7664156B9DDE78B26E949220D80EEFBD59,510030001
com.overthetopgames.fancypants,40735FF73F7BF8A535DEA32CF945CD0E484D47EF1E4C73D77ED64BDCCFAD5D5F,37
com.wagame.ChiKuneDoLite,3B482C6D9B8C2EBA57558A0D775DF3D94EF7EC8AB9E63AD927EE3114F7722692,270
com.orbitalknight.ridiculousfreekick,2A614A4CAD1AD54A790BACE8EB86CB3F0A70C4CDF29CF9561E4DE53A4F528DAC,1600011802
com.banana4apps.evolution,9FEA2490E262D65459D8E3D179D3BE0F74F30B953C85AB800B2CA4184E92EF8F,303
com.dsd164.snake97,F9799EDC42AB42FD96CB0A654658605D23B4422D3946D44C9AAB10748475D2C9,10
com.lego.ninjago.rideninja,D70CAF93178BB6FC198F93C9478EBFED3C93E067CA2D47E03A1AA9ECA43DDD06,20
at.ner.lepsWorld3Plus,72947E82A029B35EAF8740F6A0777AF299ABC9A25A2D896246916F1B93C28A32,213000
com.clowngames.boas.io.snake.vs.city,7461E6E5B893B9091743AD7559CD788564C91DA72619A098007E13E9286A592D,98
com.suji.spinner,748F12AB5B07A0E26542E271C9ACCB00DC49CE7428A097620D3F1DA905A8F97D,200263
invaders.os.galaxy.space.shooter.attack.classic,1E7D2470FE4B211190EC80CFE2E8B1E094AA47550A810D0DE56CD3A621D4A248,815
com.jds.binr,32F7743205865FF85B9F5B4582F49480FE5DAA9474CBD77E7ECDF020D0CDC75C,3676
com.clapfootgames.laserwarsfree,575736D8FC112F1AA640DE61C2FBC68BD4EF5F42084E8FE724BD4EB50A005421,12
com.superluckycasino.hotvegas.slots.vegas.android.free,747EE2BCC15451C313E8CB987D3214B8ED74CF18FA05416CDA3F8F7A477F9AAA,400223
com.cookingcity.chef.kitchen.craze.fever,46EB207C5A49BE09AF4687F1824B71885B23C72C96D53D18F7E48A99DAD7E450,22515066
com.mygamesisland.is.snake.mlg.edition,227AC64B38D96890D14E17A0FD6B5B919ECD4C5ED96686848E3D89849E9358CC,2418127
com.dm.timber,B3C383BA058FDBC5BF6A4737E63D8318C49F68306524006390F718A8B17EAB24,51
com.NikSanTech.FireDots3D,B92A03B011BBAB0209AC3039211A5162B0070F684DDD805AC5D56BD45D1BEFA8,13201
com.NextFloor.DragonFlightKakao,C5402E212545806A8E492ECFD8508424EAC003DC2A292A4BFF287B7522582567,70003001
com.techvision.restaurant,0B6699DDAE7ED0611277B4D683FD71040E11C5074A4014AC149EA5E9A98511BE,44
com.herocraft.game.zombiederby,6B2A74F20B54A8F505C13D3A152DD1B0BAC104E0FCF7C74E8FD85E3A5C863710,10147
com.playappking.busrush2,B80825D7C73B4354151E1DE6C7D516AA00068556DE4E4C0F8D12F0CB2E10FA55,614013301
com.os.airforce,E6A64050305DA1396A0F7DEAD6C087A0E5DB21DB028A04176E4C1305AD7D16D8,911
com.TheAppGuruz.IndianChef,CB2741A56A2D98612F43EE4B014B44572383A51874EC2E109C4A7882D49C3645,183
pl.idreams.SkyForceReloaded2016,125F20E449DB3CC53D4127137EAB3E4D9D29A93E076626900CBF9E096851F79B,300183
com.secondarm.taptapdash,80B9E300F22DB4A8F16B904E2BAA60EF208350C77868D5554F9F9F1C0284831F,2008
com.keplerians.evilnun,5CBE787003B8C996142C6DFC65E737B0D80D1070F3EA2ECE8960406D405E0F68,300353
com.herocraft.game.free.redball3,53432D62AA2A2FC56272D217BCD8BD351E0B6536BBAFB4AB41E9529464CDDE72,10066
com.ivy.galaxyshooting.sky,ED58E7C6EC8DBA7EB06908192F95E156F63DE932C052356217C9A079E07051D5,413
com.game.SkaterBoy,01EADE9636487D4CFFF743FFCF63F737EC043CBC1EB4D526F2E75375B28EF0D5,47
com.alienshooter.galaxy.attack2,E00985269A6A06946E39BFB926484499BD436E5878945AF6BBBB2E1B275EEDE5,182
com.BrutusGames.penturi,E6B6E6B9F4EF83831A01367CD0255D759982B63BB7764585D4E6A7143C440C5A,97
com.playgendary.tanks,E5D6BE16139BC536E6CA2BAE117BFE927F74494AF1702FFF9A5073385FC874DD,647
com.kiloo.subwaysurf,50E601E6CF6D66839D647F3128EB802174AD655F09A2D75D7EF5AF9A4A63AE07,14752
com.infinite.shooting.galaxy.attack,5852B9FE0E93789F7A507F6A14AEE70F0116F5DFF3CF89A482A5B71CF9A9725B,449
com.bricksbreaker.balls.crusher.bricks,04B830555FA81849F0A33F5F6A8D0FEBA9E46451F1409019ADF666D230319ABA,170
com.ketchapp.zigzaggame,022BB6B4AC35377532D43E63F2C45A0C392E9AECD5CA94D502B85ABF2C32402F,25
com.fruit.ice.cream,2BA118C86DE6A5B564A29F4A6DBBBF9D29D0C4C8F672911FDD588F0833CE0075,2630
tdcgame.zombie.idle.defense,7D03DBAC0C43E580879831AD411B84FA46C02A5C582C5AF02ABCD26E929EDEB6,323
com.my.cooking.chef.kitchen.craze.fever,FCC948BAB8F48D863973257B172E7DEB24305D8E474A78562D72F37DD6C9B681,1100095052
com.PlayMax.playergames,FF0097B05CF0721731B7F6E4EE56A16426CAAF484AAE07D7BF3684374C06B22D,49
com.generagames.ninjadash.samuraironin.jumprpg,823D97A0925BB24851460487D50D4495569392837C31470DD94064E58128EFD3,90
com.groundhog.multiplayermaster,C015137C3E4A08B6E463ACEC17FA9B91893FFBD10ECCBCF3E217C7792F931AC9,651
com.ketchapp.knifehit,31A85858B1EEDA05754A6EAF593DC6EA34DEFFFCA60A2B587B03959A03CC8161,40
com.kobgames.sawrace,55228E7C9D511BE5B2182FC586D3BC68301ECCCF7D174D58FB892B87BB520B65,1501
at.ner.zombieWorldFree,8AF6038B7FC84D9F4985FF4F814D306D79E94885B283D718B9F0B20B8E0D4B63,212000
com.hardestgame.game,216F98F3AEA6C4192A4D687BE924B5E846838AC801966A3F6621B2E122268F1B,21
com.sega.sonic4episode2,BA2C5C104446D5B58BCA029356BBD1FE0112C5434D3C1EEAA581FC8867A6F3EA,68
com.sniper.spgw,C65CA2D7FDA06F1D86D00948C3747ACE1FBF2F0949B3004F8650E464B8FE9CBC,25
com.JindoBlu.TwoPlayerGamesChallenge,A6392A8467D7712BDE4A590B412809E8D77AAC7A90BF5E17BD5EA606927CCB73,232
com.TeaM.Avatar,2064DB643DA861A1E6121A2122EB20A6380792E28BEF7FD8366854ACD145A0B5,3081
com.twistygames.animalrescue,9C8D22C2B25ED7690318391FAAC905B5F759D775028BC235CBD64AACCA0B3331,8
com.renderedideas.skyforce1945,3B1F6545E510EF074540886500E85102D2F0E2879B3F7E9193C095198A841A7B,322
com.devsisters.gb,5EBBD9C5C40162936D07E7287D2A69F0B286FA7A67E8DADF96B5FB0C047C6A28,8312200
com.harmonybit.domino,C676E9D874CEB7F6E429BF2DF7A1658EA936F42D8C029D3F2AFD63E784870E1E,117
com.candyrufusgames.survivalcrafttrial,E12101AE200B179CFE998C84EFCDA05522D75C12E0698B15D4DF6E7A2024D76D,41295400
org.mupen64plusae.v3.fzurita,4F7136B4FD074506756055F03AB372FFF283571F7E6CC99209367E946EB1A50F,292
com.supersolid.snake,1076019158C60EB6644209CD9863331F97D6594A322D733F94B530AE9336818D,1020044340
com.zplay.willhero,F51BF155B52E4B220631FD15FD4A843C1F284D2E41C924B3933F1814C32A0214,135
com.fungames.blockcraft,33E76541DDC96F4F4608B20B5FE830B87B4D523022C0C614A0522B013063DF97,894
war.of.islands,EFF4A387237FD0EA12D8298A2A966FC93B65D809B83F3522CFD3094F97F6CA6B,79
com.topchopgames.skyroller,07116ECF421D995EEE51CA32DE5037045CB9D5C6355B47B2015FF3491D1C007C,69
com.sgames.steppypants,035A7DC866099862B3AA520DD8A69BE77D7F49AE0331C8AC06361ECA9BA58306,24169
com.linktomorrow.windrunner,F1335A82FF9E92232E6EEE3FB3B68C7575B1B6A909D4560E6FA6C9A74D2B9D9C,740
com.renderedideas.cookingchef,23202DA88075ABD7247B4BDAF0C1C33622D58513455EA0605BD0EFEB1633DC22,142
com.joynow.killplane2,93BC3F45E362FE63E73246014B1F34970EB85F1E72A9F7B3E8012413FB911D6F,172
com.kwalee.drawit,AA64446D503726A09BB5666EB6F45AEC3DB9B87F84CEF5E72B4A79C211841FA7,1874
com.crazylabs.coin.rush,6EEA7E59783BC7DB3C4171541123494E69E18163D76643B2B09A4722E3A9D605,172
com.specimen.zero.horror.survival,8995FFDE078D241C0C08B36B80290D995249C57E429A50609643FA14E4D3D554,28
com.teamlava.jewel,C399C30CB8D2BA86BA124611CB3BD45045C9A14F89A75D7EF6E690243C08AE1E,26
com.dvloper.granny,E85F982BF550E8C1FD8D9337BE49C9E71D0F9B11B3FCFFC69E2CD5267DA0B5BF,50
com.istomgames.engine,FC826DBE67FA63D4A20C68E354A9692551D775E9BD69F6F140E5DAE294DEB4E3,120
at.nerbrothers.SuperJump,BBAE3D8881DCDD2E84064B34240FF1EB043F158A99B0A29CD2141DE7F4C6D4E3,212000
com.supertapx.bigbigballer,3BB83CAB594EDE359A774191E75B9EADBABBEDF60677C0A38C2CEAAB5226F243,46
com.linkdesks.jewellegend,216D62DBCA84FF42A3910F5D62862AFCF90AF41BA23FE131730D98ECFB6D7493,24507
kr.co.smartstudy.jellyking.googlemarket,B82D7BDB80C645CB5198E9B06825033BD5580A4F9C27685867B9F11C11481A27,707
com.halfbrick.dantheman,0E859B41E1C0680CDFE93771DF3AEBF814DFFB9C7BCA2620C903BCE78DB0DC7D,11003002
com.asiancooking.star.chef.cooking.games,C5DE31D63CA67D901A67E0C6D727FBD254C6CC7A3025704288BC43B9A6D619C7,53
com.dmobin.ball.hero,77437A5F6A7D4053255BFC7BF9C530FCBB7DF04794D3A7BCEA74614CC572F5AF,623
com.sega.sonic2.runner,D0ECF8B6A4DE65E8B2BE621B83D1E9D03EFCDF7E4254702FB37529456635257B,140
com.sega.sonicdash,B576259B7C7A3DBF3C59FD6DEB9647229DAFD8B760C4D7185FEA8FC55BE996D9,1712126347
com.AccidentalEmpire.Hundredballs,30203B239885CDFA85DF2D4CEC21E31FD4092270F57A9267F30098767B504C61,51
pawapp.games.onetdeluxe,E19187ECCF3BC02365498A2D14D0C2A629626E6971DE801C806DB141B27EC41F,73
com.paulaugustel.bomber,F2EE4006C5EAC98E2EAB11786F342B69AE4EE2E12BEACE598E7C0E049CAC2715,6003
com.ketchapp.rider,648981A9F05D7240B0CA74322CD832219C7319782ADAD32104EB1D96124B36EE,158
com.greenmango.game.bubbleshooter,044CC4142DC96EA4CBB845B7C9A29A885CD58F641A36DE9F79EF40C65B665206,44
com.pizza.dough,0457BAEA2B8403E91CF9C6228F3F08FB1235E131D24D508CF4FBD0194ACADD75,5664
com.outthinking.cookinggame,9152A28BB318BB2C2428BE032C8EAF82BC998D0AA754602810B7BA87F09107AD,63
com.halfbrick.monsterdash,72CD1C2AF74BAAD009B0501B4509BAB0C046C384DAE4BB105A0921FAC1793207,505151
com.casualjoygames.cooking.kitchen,098220BB9F6B0AF55C849CD8543D65D4230A09DAF66EEF0B95AA3370D4A5FE0D,97
com.riftergames.onemorebrick,3F05A33B8DE9681FDAC48E375754DBC2165BEB2EB7588C7C663C20B3FF090117,22500
io.voodoo.paper3,4F190202E1BAA890A800171E662BBF4F45C6F1FA29D00AB12FA19E5DB97CAE7B,1631
com.os.space.force.galaxy.alien,27E9445985304C2DC7B3BB26ABB6541CC5B77445CF92BE8FF6669251F41F00A9,500313
com.zapak.littlesinghamrun,2EF173E7452C15FA60A82C04F99808E88EE0374AB87A893955D9C025A28D8C1A,512176
io.voodoo.flyingarrow,C5ABDDC2B402945FC7F2DD03CCC812F90A2038DE494F45D1F7EB327AA5E3FB5E,472
com.eg.antarctica88,84C0B6288625D31B45642923F28BCBE4F39E102EA9CC8020332F83486AC5F8AE,93
pl.idreams.CanKnockdown3,F48E44AA234D67B000D8124D0A562F734CC9811314EB5C70CEAC1C1951FDBBD4,44
com.playgendary.polyspherecoolgame,4453EC40BBE08797553289BE8F05573D0EDF69F73D4B46C2BBD5CBD6DCA67951,250
com.YovoGames.aefishing2,F3ABCCCBE4E132A239E38DFE1E1F72C4F70514FC0859E1D5EE16FB51DD9B27CD,30
com.acoin.ballz.bricks.breaker,9A83399208F4012D62B5B56DAC337EC61620494433B12D1E17D090779340D013,281
com.darkland.horrorclown,948C065F2DFAE3637B1573CC5E4F9BD224DBE627DA7DEF9B42D5F6BC60DA6E82,112
com.rioo.runnersubway,50D67D745CCE10178C336D768890BBEFF7449553F852A162DD704E5F048F97A5,508
com.ohmgames.chambouletout,77E66BE4BABF6178B330EE39302B4E74F5C77AF081C2E534F1701F54815C0246,2017001
ro.Badwolf.ironsuit,EBA84E64BA796BFF032776D0BDDA3F5333A47AD2358FDFC34798EFA3992D4B82,60
com.custom.pickmeup,C8DA7366867BE18EE97F5C8E929C2658EC843B8BD8652C28CB9746735E86E05A,27
com.kfe.toymaker,BB2AD4BB2F3EB967D6281A820AD358473BCF96AABE0464D71B68F312A709D428,1510124
com.joinblob.clash,EDC79EDD26D3A1097076824ACD612473ABC3FDE3037C92E0A06A711528BEB54F,26
com.kwalee.gofish1,7BC3F4B9CC3AD42D170AFE44A7DE60F29D96971D1E056EEB1D32F490BF4E8B55,2028
com.shareddreams.twelveminibattles,D7491BBFD354896BCA45BE4964A79F88C3B5DB6B70868AFB429471EF7E440351,1000037
com.deerslab.dinoTREX,99A90648D901B9D4661BAA2B9E4782B02BBA6DB514A11EEE0CDAE4CC7486A6BA,57
com.stupid.stikman,3F19F27C768E0EF7211C0620ECF023BA3AC8BB0E806D40963492F51670393B55,39
io.voodoo.crowdcity,741E8CF5C07710A7E50C5F5E99685D6AB1EC3D4D8F2C26CA551A85DDC7A84F36,17183
com.knockdown.bottle.game,5E6503927C3E4EE21FFD711C343E50032C0B4C395A8069BD21440CF03ABF1E3F,200121
com.halfbrick.jetpackjoyride,F1B7C1DDFA7E926774F506B7BFA79E1600CE667F259A19CDC8DCF321824CCC01,58363500
com.azurgames.stackball,09E665224BB678E794ADF94F083E0F9DE157181B8012721E6A24E0E5E6CD7891,108
io.hexargame.stringpaperio,D61D225D316982E9574899894211A4BB97DA6E4F5C8712E4EBFA560CF00A6AD3,89
com.dotgears.swing,05CA02E5026F7CAE169096CC4245656CA1A4ACB509812DBA5F8AC189D10C9932,6
com.djinnworks.StickmanBaseJumper.lite,05DE2935B8F756D2358D6D05E3405A3F2B83B225F7230E1579B9C6B3A749A82F,32
com.highcore.hoopstars,8D06E10D8A9E63DE00F3191918615EA0E33FB74C27F1FDDDA5B313765E99DD57,101
com.namcobandaigames.pacmantournaments,6212B7093AFD0D6C968B9B8787C2D0E406757373326B45E2D30858DDFC9FD0BA,11100
com.gameone.superadventuresofjabber.free,C7878A82EA083E35450ED3481F6BFF99503BEA9127BF4B2823C203FA356E6DF5,715012
com.idleants.game,404048A9E86B6FAC3637629E5AB0C46620F2B1E0C8983DC59EDC4675679D24E0,4020300
com.kalipsogames.psychopathhunt,3C0D127D1376F36DAB8C187AA90CC7D8708381282CCA485F92F19DD5A1F88DBC,300407
pl.surix.teeterpro,71E6A5D6BEF394599B20BD5D3CD6974A97CAC39C2B826ADF94E1549ABCD8F429,46
com.smilerlee.jewels,91E58534D8DEB72356A4D72ACFC36ADB75B46B203179ECCCCD8C4FF4E5B435BC,28
com.nordcurrent.canteenhd,CCEE2DB0367AC13958A2B15654EB03E6E4AAE04B99B36C933CE98C0A0BB992CB,10132
com.Atinon.PassOver,52AAD73F90B7B4F347DA182121D1E4A518993AE032A4BDEA4A6DF48710CF9529,39
com.cookingteamrestaurant,C999B73BA7492769ABB38B8EB05D8CB0EC525F9C2F4BFE4A8955DA69378056F3,72
com.impossibleapps.towercrush,EC4593909EEA2B8A3CA5F2720180F035C51F4130EC756B95802BF4DBF7C55F64,53
pl.macaque.Missiles,3A87553D8203684DF139F497017E2D1BEA63A7AD660504DC04C1EC6BB6904A09,29
com.istomgames.tappynyan,408D84626825DEA723905169F9BC272B979D4949152EECFA37696301FAD11396,197
com.CikletGames.CrazyScooters,8CED2517D4D2C898DA5F968D68DD0CB2094D43F5A6D9539FA461E100100C9430,69
com.mobirix.swipebrick2,74BDD64979DE1638FD97BF983862B4993B6ED8BB41D901A8E6E51202ED3B1099,210916001
com.GamerMind.Warriors_of_the_Universe_Online,2B6632B4F7AC68465B6E13CDBA6146280B025B10F5E1A78F040A7FD93E4EF7D5,1006009
bubbles.aura,CE8FA2F5FD43754DEB4C6A6C0672474498F5141B23292B3D3350DA105C0526F2,90000620
com.ubisoft.hungrydragon,54FADAFCD04EBAFD912BB2FF23F5B0193D87EC3D484C2B066A33A1B670597EFB,564
com.CubeCubeSports.Cubic234PlayerGames,ADE6349AFCE53CE1E21644E407904432F6BD488176E3FFE65B8850FBFACC3355,200038
com.games.bottle,4F460A1D14548692333A1BA94D0D724F2898D708099C82C22D9926A8531F0989,168
com.appadvisory.drawclimber,2E8CFE4297603A9BCB9EB4DC02609B697F71EDE31340559C1CF1A7230ADA6EE8,249
line.color.adventure,FE6DDE8B5BB6ACCEB4071387DB5011097581DCC18A11FEA6A18EC33BD6F19441,109
com.herocraft.game.free.gibbets3,3436CB52BCEFFF697F9D4A1EDB980550CC457ACEF8BB64A2E5F6486A5F5AF7EC,20490
com.byv.TheArchers2,0C5C0B437BFD6E6BA866F7F3BD00A4DFDD35CB449A668DD5704ED2935C280DBB,16706
com.nix.game.pinball.free,077726D4FC9179981576CD6288C2AF66851D5063248EB5963124FC1B70198133,33
com.thevoxelagents.tc3,A00325A9D5CA811F4F4EFC50EF3E5F1C169C98775567E6ED7B19450BF23C383C,2020122303
com.vincentb.RollyLegs,39CC43AC2E4FE2DB18D940BC25E7567D8A8C0F35544229D5BC26F261C1F10808,23
com.ketchapp.mrgun,A376D21F1E510D967ECAB205CA9E1E0FE62D48EC65F2A1968ED184A60F6C1711,22
com.zplay.Mrbow,F9BDF3BFFF1BBB298CACA80C10753DAE86AC86CABF65858A9941E67398905337,85
com.kongregate.mobile.burritobison3.google,A8793B0E3591FE0363CD413360B27ABFC9AA7A7225AD12D57FEC86AB38C46652,355
com.h8games.blocksbuster,47855940DDDF8B6B0E2A8A2D7AE23C51C8D8733E282070C59DC021A003AB740F,32
com.kunpo.virus,C7589CCE04E387C117BA123ABD3393DCA99F3FBF9FC642F03980B8BD8CF2D81A,63
com.bigframes.color_road,41659D8822CBA8EB9EB7D8EE3079911761D516765735B13F975197A877CF0D43,32400
com.superwings.jettrun,4E6E3A3E881509A4BF2CDAABC550A8C29F1FFA6F1606A07C0255BDE87FDD21C2,59
com.zenstudios.ZenPinball,7CC972C7557C0DB2F488E84E2E65563C8204CE2EA7078AE3189730824AC3E51C,87
dvortsov.alexey.princess,B9F17A8C63AB3616AF62D557D70027FADA1DFFD8727CA78BBCA9B5EE2883B292,42
com.mario.bros.adventure.free,578A7C1B1F4BEB3517D6244DA03A4C9245F18EF705641CB95CE8CCC221B2EC89,575016
com.tastypill.newbottle,7D3D36A863F3266EA15331423047BA3AA6C806776ED63BC4EA9053B3DBD8C179,28
com.gameresort.stupidzombies,696BA15E265D7303F1A4D81B5118784CA7AF2692EE2E5F7C69A6064ABBD8DA0C,61
air.com.Yoypo.SkillFinger,2B754EE8A8E6D0BF8A4A0A3FFA3FB44E0D313B7EE50E3905F29B1342F8F01CB0,5000073
shooter.two.purple,5AC5574533ADB07F9032793DCDE7D85BCFF203F432C897CDADBE4926DA79992F,90000922
io.voodoo.tenkyu,BC3792574B884B41037F47F525EF5823532A1B57CCD590FB21708B1CF6F90614,442
com.playgendary.pinatamasters,7037220370986A16E1E47E5B13CFFA466882FE7E343EFE14B4C255D6F7389617,372
com.bigfishgames.cookingcrazegooglef2p,19703DB3AD44A50D77EF0350F6FA42F92A7E5FF64C16752F82456245099722A2,9693
com.platonicgames.hop,623195EB757E418970CF92915BFE80D632F7205417E52348FE7E4109381E7633,200192
fall.race.io,F3735630A85340AE13F0CDB26D71BBCFADB1047A21A7114BFD993F878DD5F086,14300
com.fastemulator.gbafree,09AFBBA324B4B70B07E6706438D955E6B703AE3DEB65CEA527D18FD1D8399880,140051
com.djinnworks.RopeFly.lite,09B125CAAE566847AE9EB006381EF04BA9B855E17F16D94F06E633CE6699C929,24
com.Monthly23.SwipeBrickBreaker,D6FCE883E7701F1C512CE954D501CD7407199B46F9860CBE0AD02EDFA88DCE0F,104
com.party.io.games,4F049DB78C96BAC68153B209E53A46F794D06EA3767199CF19C773D1532373DE,49
com.baspin.barbershop,78DA089C2469FD4DB51C5AB7EBEE1B5DC288CF4C3F56E27009A4E40249726AA0,1140116
com.superbros.adventure.jump.free,D0C34FE249AA6CF50D265C770A6000A4B2FD8901E9FF940EC55F34E0889313C9,365026
com.match3blaster.DropStackBallFall,9C80F86A7A47593AAA83C10726BAF990696ED36741A113050397DC806164C891,56
com.sega.sonicboomandroid,B000437788A9AF1C8D1F1FF97F9E8881D47A6FBA3B56F8BAD0C8D840E8DA5D4D,1812123243
com.yuryn.bridgelegends,0A31838FE511347F11172B174379C64FC81ECECD3C749D23D2770571F79A25CA,477
com.hanna.bodyguard.expert,B8564089CC28C9C872BE7D50C301C426C1BD91E27AC1D41A420419F88EE9A5C2,180
com.mobirix.swipebrick,94A9642EA317A012DB513F7AAF2168657C26B17B5CB65B858FC5EF3495FC9B08,21092402
io.voodoo.paper2,273F53E4E2088B10A6BB69CA85330AEAF545BDF2619F8EB45C92869E9051C646,184
game.maddex.jump,536360F594B56F91D899F72F78EB5EB9F11B42E1A649F8372C6916CAE8BD3EBD,1004004
com.ketchapp.spacefrontier,0A66E2621F8642FC1FD5756953693782A84EFCD8B0E98E621CD07A20F505BBD5,35
com.appidea.pixelswordfishio,E2F8A8009C0D7A561E5CBBB8758B12A908CF21DBAB162469497AFA5087792B6E,161
org.dolphinemu.dolphinemu,E9F3DA6BC52EF7DA0EB5D84F4804F7DF2CA9D91914DF669AF8EEE084110A877F,17770
com.hg.aotl,0AA1606199A68A0457008B8DCDCDDCD7B6B344D311E418CF32D7D1E51040F517,1003013
com.explusalpha.Snes9xPlus,7A0DFB4F188A490AAF83D55A929E0A87DCC975B60A1F2C92E79D689655B0BBCB,15010554
com.boomhits.rampcarjumping,7E82B696A7F489D2633B6AA7E585EEA6E5BC9FEB7128D3BD7F986106BD2E05BD,63
freegames.zombiesniper.deadtrigger,88A59358FF086B21287C0F6C6D95979CA08BC0952428BF2FE4284E1D1A7145A2,32641129
com.freeplay.runandfight,730EBF877DA1D99F32813FFBD5BB84ABEAC1C0CD106AAA4D00F22C77B148F23B,231
com.mobirix.abmon,117C9901C3F0B7615175FEE0510D5F849B17FCB54AA5D868393B57D144CF5D15,210705
com.djinnworks.linerunnerfree,2AB36D14E154F8302D0F075A227C567B4DC898EECB1FEBBD684FAC8FCDEE468B,31
com.rvappstudios.zombieragdoll,9D46B0251AB5899B373E6AF839A6ABF2E0DD963997D327C060FBCDCCD88FF483,49
com.mobirix.s1945iii_gg,A454A357B07430EB753EEBF5ABBFA4027A571D2615EC94F077FDB3F29C623F34,21070519
com.snakegame.freesnakegames,76CBFF1533B28E275D37A20896B722F45E92F79CC3B7FA4E12D6034F18CE7AAF,1023
com.games.smashersio,9F9E36A9D43E2A9DE66885A9E25870351AD2272252A650AD4C22072E6D9E351D,3610
com.ketchapp.twist,4A47513A902055A8B0865531D96142A3692B8FF8602C23890F39C78EFD0BEF7F,11
com.skygo.stickfightarcher,1CE8C5273A9274F637A6CE010D1C8897C23C6E92677205F238B63219B898D6F8,29
com.playcreek.DeathWorm_Free,40E021CEEB832AF826ED578629DF292570CBF2E97A6727B1522E48FA15A2B45B,236
com.mediocre.pinout,0BF3D93148DF18A89FCD7D064F8F789F3443DF8258D4CBB105BF4D08A3486637,105
com.physics.sim.game.box,57E6D88D3BB572CD51A90CFB2A131BC6AE42E512A97EF3C2592FBB79C7863078,1170
com.rvappstudios.fingerslayer,DC7B09409119E66315962F129E0D7212EE93C8AD630C97FBB7C8F3C6ADEF6A7A,71
com.magjg.roundhit,967ECE63413C5D13C98667A8543E44DD237F4720523EA4BD3B8847B6BED56437,201852
com.dpspace.rocketsky,418969EB409203F48727A4202FCA48110ADAC10966833A6A4482F84B83EFE7D2,222
com.loltap.freezerider,E77DC4D6CDB28F55363925ADAB3997EA99F326287AD09F0129A2E2F1B325FCF8,100
io.voodoo.holeio,B932BB81A9B048DCB4325EF6ED5F5B15B37038A2107581DBFF18CB4CAEB7A434,11532
air.ru.pragmatix.wormix.mobile,A2D3D293A43A009E4768A8E8299532183EE7836F829FB19762EBA77775932430,2073019
com.zombieshooting.survivalhunter.gun3d,CE8A1E9D7B7246F00839657B5240056754C979D7A2C5E2C0C204C610299FE4AF,64126
com.hugogames.projectarnold,2EC2A510C90E0EBB49AD680A2C7C4E5A0BCEF4DCDB0A95B1D567172DEB13BCFD,66
com.my.hawk.air.shooter,7B140536AB231FEC9714AD2BFA4BE41B18908946ABBCDE070279273413B1F629,25803
com.noodlecake.mmmfingers,8B86204FCA277D920E266F48633EFADFCBA9EA7D57AD7B802D91A59290385382,17
com.mobirix.playmaze,DB64D27C13A967D94D673395AD2782AC3D8BA59229F48995CCF88B86CB8F200C,210617
com.zapak.sony.kickoandsuperspeedo,94E2622359C11930CA0FA19996CC66549808E7BD3A2D4A76EC1ECC177833BD07,12161
com.rovio.angrybirds,0D533148BDE4E2067F9138736DDE22E49DCC6D7191D20D5061E2AFB7DD35B75D,22680302
com.bigair.FBENG,0D59AA1A6E2BDA6E160D0BED6FB5575BFFF4D7A0366710D825514D7B279228D8,26
com.mnightt.slices,B05282E05E9EFAE00A1E62F0560BF74F2D1305C9DD1492F51C7D5FEA00DFE16A,200307
com.ezjoy.feelingtouch.zombiediary,D1E0B5A067E055115FA6899963393DA13CB67A109A5FDCE956B245CECE509247,133
com.aceviral.angrygran,F87E334B649F6319CF2E30D6EA59E4C2654A3A5772CE2064C3B123B841085B75,40
bike.hop.fall,62305D52D31A069BFE5E51180F0251F5E565CEC6FD7C92424184588330EA2A77,76
com.eg.deathpark,F4C473BCE6892C0907F695A2C7D3B2566CC69B8761C4EBD770E040CF562D7118,148
com.dorotheebrondes.bounceandcollect,5A46EDF7D76CF1ACD01E8A666EB68F309881FD50621A56E57EE064A448B3CFF6,47
com.ubisoft.hungrysharkworld,5587EEAA6E89BD50639DD7D3BE644D0DAA025435C6B4DDCFD0EAE0CB2E0C2163,217
com.rovio.angrybirdstransformers,F66CE924B877307FD04BE29F62F8DFF02B0118888A84FF3231E13273BE1719D8,21300
ca.roofdog.roadtrip2,6A34EAAACA1A53EB8F6CC4FF620BFB4CCD796F8BDC0161CD90140A5C36045275,2038
com.kidsthree.dentist,26DE3ECEB88B3531375761E9A2C16A146C543DB33EBA8995FE18254864334DAC,585052
com.johnemulators.johngbalite,4792BD3891601C97ABC3E1A81A7F197F811834B030735813B1CC894AC4FB710F,3930
com.crater.bbtan,533DB7B2DBF3678A87ED1D0D07B98D541755C2C3AE24575E953BD211A26E33C8,48
com.supergame.ohmycar,75B9540E12D3C7693FBA15B98A0881A7CEF6DF4D3A8C06FC0DAA03A71247F1D5,30
com.ketchapp.stickhero,0EB8DAE8F7218222F7EA64655A185D6F05E0F739AE0F4AE0C46C00D805A4A9C2,12
com.ketchapp.screamhero,1B5A33F205FFC692C9FD22CA4DA08D60991DC6BAA8062600DD3D15AD5EDD36E5,30
com.isl.stairrun,4D91CD452E17005EBC377AB2CD6435820CBD522048E220D0634E03A9E884E5E7,35
com.protostar.sling,F6ADD07E03D914DA7B3629DC8BD76DC436872091F157C649989CCD38BBBE4E11,3840
bubbles.pop.power,2F340A1223C1D24E7581DD206E3AB152408A391846B6B4447E09877E10257095,300009069
com.crazylabs.light.it.up,C70EA37AD29B67D9AB7B0C29A2DDA352B1C292A7361E1564F337901329433AF4,1887
com.VoxelGames.TheBigHit,82102D9CE8700FC317F05D1C9D0C549D2DAAE73499F141A34AF5C8880AE2CD37,24
com.lawson.tower,C1F4D77DA450E1F1FA84AF6CA8C1CBC7BA64EFA56A5F9E157DCEB149755040C9,36
com.dobsoftstudios.gunfustickman2,A081C49C7C76DA25F3CDEE530A8E4AA95FC09551F79099544F9632AEBCF18FAE,132
com.mindy.grap1,8550E9345A117D5F855DF3834AAAC20332DF444C04379AB508F5405766DE6D88,7220601
com.daf.archanoide,C966388B3E390091B9F0A816C4878D81B17F95CC8C8776920357BB19B5DFC3CC,59
com.dvloper.grannychaptertwo,858D0C169E0AFE945E8CE8E5883C008571AB5B26EC1F27F4ECB89E44CB608F1E,16
com.stack.ball.crush,ECC896C10A279AAC1E8F62035032E976AFC89ED61A0AC47C9199F1ADBCD6A999,200009
io.voodoo.dune,68174EEC04F902F237E9BAAEB4AC6B12E7D9E6B6B2C1F3133C37DA9DBDC4FB3A,505080
com.ketchapp.dunkshot,1A4E218DC7CC933AF6DD204112492E1C09FC6036C5CB71F1DCA024847F4AEDA5,20
tank.battle.droid.stars.tankgames.games.masters.casual,4FA9A1C53D870B6479C17FB85838588D6E021A4F1E40DB2B53A186D8D769E5BA,45
com.mglstudio.boyvsblocks,58289FFA369E9418F7493B3ED9F3DFC4B586D034BF17E87A42511CE95D6732CB,11
srl.midnite.gl,DB86613DD57604497A0CA55FE0DDB3617A113980BE5B03D244818614B71C8DC1,33
shoot.extreme,FB1DE795ADE80BB62E7CF17184B1721006007BE74455F0691BD6BF5AFE7141F7,90000633
com.colorhole.game,44750167940209B9199A4F684A847BE6D1B1E20C823821CB3E6BC6649EF28C5E,4200030
com.wanxing.circus,12B020153FE64E4A38CB2A970CDA68E8DCC4D1978213F6DAC6BCD609FEA77500,6
com.raider.spaceshooter,B4928525264F469DC729964D24F63691F59A33E53352452B1384CD7E99911BE5,149
com.chillingo.incrediblejack.android.rowgplay1,D230A09E0319AB4067F41EC9B7E1AC8240600A9BE8E3015006226CAF06773FE1,12810
com.mochibits.hexario.google,8ED31F0EF7E84B75950C42E9042A558DBFA561966BFAD4D360C7A5F5A081FBFC,123
com.icloudzone.DeathMoto2,9557C2156AD5CC97FBD1DE13A99715DDBCF6C66B62CE12DB76DAE442180B9519,32
com.timuzsolutions.transporter3d,70CB7BB04CB6CDC0BF2FD20D6B162E38E18E555DD82F41E5FD0DA7C7EE068CA9,31
air.com.bigwigmedia.penguindiner,13A5F9F4F66F5283D7A2F6220E11AC3E5900FF12DF3E1C0FD3A7CF5B6FF8C4D8,1000073
com.naquatic.monstercrafter,88915CFC25FCED517A72B35AA43A6A87A5AC2D1D2C0E400DF764CE26FAC4F62F,215
com.ketchapp.bikerush,7F44430F96C3EB2D9B80C7AE767A13AE58E0EC32C6D52A816459A64EBBFC5ACE,4384
com.karimcastagnini.castlestorm,B5D67BE98B42759E4A134DA88A29A4EC62D6B631219B291D43BAF566EA62EF79,333027
com.pmg.speed,3A61AC0CCEDACD7CCA0DDF28F4C952D8DC425C947D6973121FC7721D70E4A42C,33
com.crazylabs.sausage.run,45095CC816AC2C46E53009CE8A42CFA80BA133C5D195954A94D238D10462693E,1242
com.gamecircus.prizeclaw2,3A3BB6A92EAA20BDC26F49970FA2EBED4AC7D0DA42842CB02FEB4413CB06F730,108823
com.tastypill.twistyarrow,71A5F406F18AE4841AD4B7D89196A8BDA311C48D2F817C13222E8D3AC270B56B,29
com.acidcousins.fdunk,15DB0DC30C5F526CD0D766B9E39B1C487C2317EFE88E1AA47082A7988085FB94,1790
com.germanicus.cmioo,E95B85E1BDC309CE81FD1862F5B83EE3610643ABEAA7E0ACE470EDF67992BB85,1411
com.quantumdesigngroup.Airplane,557C2EAA188265140FB578E41119072E3AA653DA2A3527B86A8EC0299664BDD7,46
com.ponyom.collect,C6B98D951E4EA54EEB82C8C4AE633196F960AF2BA4E4082E62E1BA513B3D94A9,168
com.kumobius.android.duet,D766D5169CB3EA239BB5206DAE9B6A9B3A9E23F4A4FD210CFA4CEEEBDE1DF804,149
com.keplerians.icescreamtwo,ACA5DD1DB8AC9AB1924B596B5DD84694F0F1C2BB5FA0AA2AE3C35861061FE46C,15
com.miniclip.railrush,BEF03CB416415348AEE6C27D2CC24D2446A98FE720FA682AA4975222ECF46260,61014204
com.gamepie.airpolice,8D1C04C75F0A96A48067CD732C142EDBDC795DAD6C498E01EFC1C6CBB1A35A5A,45
io.voodoo.stackjump,49849D36F8F10B12F9FFA48189082950BF366BECB2DF4F85DB81D4C77C60DC63,150
com.setsnail.daddylonglegs,19785AECC51D95964D51BB558563ACBDF8D3DB849C381F10F818E43C92A42E95,83
game.maddex.action,B93968459C8FAA4934403179753D7C60751940EC049990EF90296E3ABC0B68F5,1002009
com.wizardgames.crossyheroes,54CB3A2A821C172E36584AE5964F337BB371B98528EE7D8A7CF63458206CC022,16
com.natenai.glowhockey2,398D9A373F5412FF394EAF820AFB78E57436650DD0196402B3204E4A73045D9C,3
net.mobigame.zombietsunami,CD22820EFE4729ED280855F0B81E154610BA602F7E451D698A52887499068E8C,147
com.monstronauts.potionpunch,59456EE81995C13D7D3AC9DC52BB9FF6999457340DC25FE3B7228374EF047271,89
com.freaxator.game100balls,C9059722729267BED40AC6AEEAA2A8A93786660529F6F2717542AFB0CEF9832F,35
com.crazylabs.sausage.io,A7F50894DC204C36A49111BD3B6F7A3FD7D65286159DA1A686BA85AD461C30CA,171
net.ltslab.android.games.sed,5313EBBC09A9BE57501D07C24BE4ACB8DCE341599403BC5207C188A4BF67E254,16
com.playgendary.creamaster,9B31BC8D1A4C52E809D204A2685C5C1EB5561B79420BF675B1BE3EF53A26F66C,300
com.noodlecake.happyjump,1B0F77C52E2990D4D5E8EDFA2F4206C50001AB41F3A09945679E59CD5D44EB80,24
com.playgendary.partymasters,1B4896D652FE47859C5CA230554931F6E9F1FCAFB025674C5244B969D1E85CF8,391
net.gogame.rainbow,8B5A9A76E9B58C16448210EA9B800B5E63212038579C10D1DF42B461015EE888,210402966
com.natenai.glowhockey,1B9CAEDCF86EDEA93D38D61372E78D83EDB23ED74F9E055357648713F69B2243,104002
com.innovativegames.knockdown,A29A1E8E342548CC5980721C3DA91C4C926E278AA0CB132C6CD7547E986A3F33,69
com.gameone.jabbersuperjump,A4CBDCF3631417133D7377D6B94E1079C7928BC023887D197ACF19FC738A0E3B,875017
myandroid.fphoenix.fastspinner,1C8FEA5264ECC87C502B826E2518B9B327C4C6C001DA111E30B28061C788F8ED,27
com.orbitalknight.forcemaster,362A4FCF1BF1728355DFFF10A3026C8BCC7E2FBB931975CCD6BF0A813E98B963,190010705
com.ketchapp.fruitmaster,1D2A74504AEA95E34821808B91FA9D41C6679EB34D3822E0E7C3B380A8A671DF,9
net.peakgames.lostbubble,3D781FFEE7DDC9E692070D921008995FD450F35DA1AF1F7A0FAB27C55F405306,1290
com.innovativeGames.archery,3EAD573435AE7E269ECAC880B27A4BFC3AAEBC7A12934D416D8AB6EB7EF0DAE1,34
air.com.skhataksmakaktakshnininfash.tsankahdaf,1DDF59321183B43C0F31C800057DDBCDFB4B5D647DAE574DE9405CD848654E73,3000000
com.bestcoolfungamesfreegamecreation.gogogoat,F8DE54C00E3A013BC1B64CE4D1F2EA7C3D1E145C7FC70240000AE62AAA915223,21
com.lightneer.goodslice,BFBA6348C51ABBFC1EC5F46AA8F960D9A939FC43117DCEC3A303987C6375BEE2,21041603
com.fastemulator.gbcfree,736BC353F841845D6CAF87BFC192BE1EA564509AAD49F81533CCC1308D116B69,140021
com.itchmedia.ta3,1EB4448C941461D31A06DFBA4B9F2E07C60EBC51C7B7DB5534B24887D4579B87,192
com.nomonkeys.ballblast,B7B7713115F3D3923CF50B257B8274C53060C20570595F06FA153A8841BA0EF7,1602
com.nordcurrent.Games101,1F28419A0A36367F243CCCD8B5D530848CF1392666B049AE44C1772D4B7F1CE8,23
com.crazylabs.geniustom,20039E1DA74A768D68A85B59453524B3DDDA742331926B88B316BC0F48A7D284,1023
org.lukeallen.bomber,E269EA75405844F31E03F5068604B5301FEBB63A15B4F65E80A060BCF697C582,25
com.GameFactory.DrawCar,206190FF569B1C79A2269CC00EDE432207BF5781733FF924F498D276340FDF22,17
com.gamecircus.PrizeClaw,FB76188F415D01F4FD7DC39BD794AE5905850699724B08CE0AB7965636541C6B,77213
net.apex_designs.payback2,957AA6274D1C6251B688E1D85967C7694FD740550BEBEBCC85434CA7578F7FB2,121
com.FDGEntertainment.redball4.gp,A2CD6E8B6D9F2473CCCA6EE45B28787D363FC01DC848ADCFC1659CCE75870356,1421
com.frozengun.freeze,AB09FD3D7F7B2861EA2CC04AB7BED71C099F38969C22CF3F7EEDE2058F40DD85,206
fall.dude.sandbox.guys.simulator,C2461B746D58F76451E4925288155E329164491EE413DCC74EBAFF761C0ECE45,2001
com.deadstrike.ds,F67533887A472A1C196C1D620C3B777D215A267A72F97A0DED6C89D5CCE7BD48,203
dvortsov.alexey.cinderella,513297EC1973E508FFA2796D48FC490B2EC9CE9FDA799C60191E6B0DA0521C66,3045
com.globalfun.scooby.google,3E77A418EC3EB5742D8E801D454862E2A534F63032F706219A709B6A6C878BF3,46
com.kongregate.mobile.run.google,DDCE32D741EAFE22964B2E1A6DECA56F64C00AF1DF6AB8E965B84F8FC81AAF5A,24213
co.kr.medialog.swatandzombie,DC55951A1A5631CED7EA88B1FC80504FC202F0F39D7A86BA367255EB3F2DDC5F,108
com.generamobile.ramboat,E26317C33603679F7DD024B3040EB9409B29DBF7075AF85AB06D0E5DA07B59FF,1450000096
com.cpu.free.dsemulatorv6,281F624F9047B1C9E2932A76DE4D43454F2960110FC9CC05C41EFC63A87882C6,30
com.whatgames.android.ANMP.FAHM,264894E7122A60CB7E8AB6820E4E1E9B8F8D12E16070074A419A6F671B3A9748,58
com.supertapx.drawin,2686B13F895D297BBE142C788F20F0398215401FA5102F90766B085789C54E07,51
com.feelingtouch.gnz,DB07BBCC75A58110D51A621E23AA2E6CDDF73D2D36E4D0BB59435964FFEB473B,31
com.sega.CrazyTaxiplayhaven,EC4F1251FF0A383684FB7BB66B03F4429264140BBD0FE89474BFB1EB7D4A860C,62
com.gameloft.android.ANMP.GloftA3HM,8B56A4D85AE5D9105CA6EE0748AC6AD11DEB76E13100BF9A8F23F281E945943B,15325
com.colorup.game,B947908454FB379E810D41A108F7C53B63C18AA74E7C4376DCD26C32A5260354,5296100
com.wordsmobile.zombieroadkill,D41855C7276981A82836EA1495066D8B74DF2043739D6CCD49E0299974F479A8,17115
com.keplerians.icescream3,4ADDFBE50D91D005EEAA2E3FAA8AE9E9426BA01AB47A94FC963573C2AF555929,17
com.mediocre.smashhit,289CCA88074803A5E13F958AC1CCAE10474CD1DC42AC865B45235986A2E571C5,10403
com.riseup.game,F06D0D11035B922C6F497059A1812AB8B46BE58AA5685F765A0F49785CB14E03,2941441
endless.nightmare.horror.scary.free.android,B5AAE8B0B575AA505F1AED2821691C564259291D2A94156083206CCF0BF1E2CE,30
com.sm.popTheLock,DB092C032BC0F59FE2C55DAD1F9843BFFC380A9F490A9B7A91F600CFE7004BAD,212
com.robtopx.geometryjumplite,8E0C27D3CC2DDE02F6D37E707CD27D0ABC7EF2AC4AF6AC3499B938979CF100C7,32
com.neonplay.casualsoccerkickandroid,B6BF717C183286C06D09B15F5B3225A9E60E986169F10DAD558E76C5978419E2,80
com.feelingtouch.gnz.realistic,9A62D7FA8906A62367D51451BB2E58465DB1615B0CFBF2156DF470D1384D7DED,51
com.ketchapp.rush,CAA32C7B3212914AD17451A3689922574D7D74AE61F1DE54447A004C6FB983DE,116
com.Celltop.SpiralRoll,8D672B342D050CCC3A144811ED0D4882D8372F60710497A769012253D7E3599F,34
com.playmous.ttf,C2F82E7AE1B2824F64300C7C927CA6F51E07EF02661DA57F2CE53A333C14A0E5,211
com.isac.SnowBrosFree,2AB55BF447B984FDA041E7C54516AD0503BB1A42229E737DC7926D2F680B7676,51
com.kwalee.jetpackjump,902479287F654C59616774FBCE87D058E87E4DAEBFC8FA17515D5F246FF46F51,2009
mobi.gameguru.looptaxi,A1C9224E9AEFECEB846A86DA3EE56A22263AA9F31CC1344EA639C043AD2BA947,43
com.magmamobile.game.Squadron,43A151C689462DCD5D4B8A2275BED0F7B450368DCC0245ABF6E245F0B1D31D57,10
com.RockyHong.BeatStomperAndroid,520EA8D0E9D322E3E0D34B537784B31AD4BE5A45FD2AA29DA1A1E0D5ECFFB8DE,44
com.ketchapp.stack,EBC81EAAF87A1E94F76DEBBB74CB952490BD3D5DD219B19D88029752EAA75CEE,28
com.custom.goescape,2C885D178E16BE2B3AE851885A0F2E62B20C72BDB90E3A1D15043BAF84CD1AA2,33
com.gamevil.cartoonwars.one.global,8482638AF91319588ABCDFC400CC1469D6A820EB96477B7EF0D2748101BA3ACB,117
com.lima.doodlejump,B64B5FD690C1F707BE84CDD5DE13FD1F1E989A461873C6F31905425F2F29F7EF,3920052
com.ketchapp.circle,4015AFE0B55D0CF80A0A9BC0C5FB681CF7601360FD39DA7212310FF0D0334FF1,154
com.minix.speargames,D8D62FF0127FD9E07372061A7F36F3F4C2C20FC09C457DF58511C3C5F1BD4C90,21
com.lt.latte.brick,3D5274F4DD9C208C2AD80802773AF69028AC32E1752D25563E0C8A441ED0331B,60
com.clancystudios.retrottrapadventureandroid,2F1ADB0B3CC91D5740A17FF3C42EECF933BAD305F9B610FB0A091C9B249CA4CE,54
kr.co.smartstudy.babysharkrun_android_googlemarket,4EDA4F2F73502A5CD5724FFB4FFEF31D73BFB5CA66EB0C489D28663AB27658FC,2600
com.tarekmongy.RunofLife,714A0FD32E26A08ACFC9C1363A059E4EDE6CB269142DA2DDF3764F3D8541A2F3,202
com.dvloper.slendrinacellarfree,647C6BFD257F3B55F681984855BD23810E9AE7A33F6D3D983E556008FB058862,21
com.moistrue.zombiesmasher,3337C071E399C89B430520F8531D84D90784D1523BC5C920913F760EADC139CD,12
air.com.bigwigmedia.penguindiner2,508C704E15B59738B5CC6A5E3D33A132EEB27184CEB1F134DD6F7BF59DD57613,1001026
com.gunshooting.counterstrike.fps,33AD7BD388E77F71D6659F930C3265EA7983A2E090143A16D7C8256AF7AC9A43,64111
com.Pizia.VoodooDoll,C1ED142AF27FD0C18A1A4208E93F1C24E603B3E0FAEDBD47C0FB35638D83B346,95
com.imangi.templerun,9761762E535D167B1B6EF39500CA40A9E3F441F19EB106CA0BBE9F962E07C848,54
com.secretexit.dismount,E0FD43D3D8A2A159DA21736F53ADB66CD9E2B87D7BE9E823D7AE71E18C4F8AC0,56
com.ketchapp.rotator,D5DF9821FEF6202810877E805B9B4CFD9285CCEC454C16621BA4B9EB3552620D,37
com.wjp.zombie,4FB893B7E5CC4E454B3923CA71260E8824D1E1903E8F7B583035326A5CB91F48,9270
com.gamevil.zenonia4.global,3732A4F5AF0FAD5643BB776A376000F459399BAC491584423701902B20A5D289,125
ballz.brick.breaker.ballz.bounce.free,F73E210B2EEAC28BAE7582834EE89EA3E17ECA4815D6937F87C0DE1B989E324C,60
com.gamevil.cartoonwars.two.global,38DADDA81B99C86E30162A4D917D960899DD2290E95EFC317F99A6A19141A645,106
com.BuddyMattEnt.ChainReaction,39901F70BD0EAD9A65C3158787D479E7954DA9710895CDCCF113C89E02CDCFE2,19
com.DVloper.HouseOfSlendrinaFree,3A1341379EDB9C6063B3D2CDACD35285BF0452E3E8ED3A9F9BD7A0569339864A,14
com.gladio.superflip,533C4425CFB882557F5D8D58647A2EF77CE381AD184DB4EA70AEC677A710DF32,51
com.lego.friends.heartlake,D4B31CFE9825F8DEA73F5E302F50259AD0CE67B539C9EA08833DF37E71CE5184,113
com.wbr.worldofbattleship,8B968987200BB6C55651A7F9959F9FF1DE5A837FAAD376ACAE6B498CA0CF6E69,14
com.boombitgames.TinyGladiators,E44565863C3A4C11DD9553EAD1250A584AE1AE0E2FD77B7831F8C0722ABDF03D,2000125
com.tapto.tank.io,3D8F3AF1FCB3ACAF878084E0E3ED1AD53856527799C5053FBF0B93FFBE2487BA,5
com.gameone.colorhockey.free,C28309179162F9E04E79243F4DC95E2D0D6C3CB9212EDA3A879F098F078AEE3F,373996
com.ketchapp.fingerspinner,40796D2ED4C96CAA657A0D43FF2569103B07B86AF60461060A975A6FC36E05F9,13
com.keplerians.icescream,8DCC2CDA47E71E07CD2CC6CA1CFC76B82A1A887EFC1634F04B43E7E452A47AE4,33
com.playgendary.sportmasters,76CD588B6EDCE0B13F4568A9BCF99FE497F6ECC838C9BE8F009835E0849BF34A,215
com.ua.building.Lokicraft,8ED13C909D47CF6BFE438DB2D9C6421BF67EDDDE8766929C78DF6CE08510A34F,2021
com.icloudzone.DeathMoto,F6B949F78A2D3158D581FFBC4668C821AD69D5B8BDFAADF72BD5D3D4C9BD6D8C,41
com.gamevil.cartoonwars.blade.global,478702B3CAF4138CC5300F19957A664C5389E7F499F95EFCA165D38BB313CA72,110
com.qs.tattoo,47A96B0C213D28DA2D89BCE38F7C0FCE1499F61E5A11CE30851270E895E73A1A,10018
com.genico.bounce,8672F4A5E9710D97C190F0D7BF69919E0E6DC098ABC320AFED159212831AA132,16
com.bbtv.fernanfloo,488A6EA15ED83E1C3DE4124FDDFBAFA88E426E0F1CC81E91E14C300014A7015C,34
com.icarus.hbsuffer,576417335C6B42B81C7538E268F6841BA648830B7AF658036BD387ED795C87DB,10
com.ketchapp.pineapplepen,8F015076FB2E5B4CE2BAA1734909B5B3E9F7B45462977E33D90243588A5488BB,66
com.clapfootgames.tankhero,4E7D47FDD477C2A3DA0EB162CF11791A29D6BCEC2221B18C1CEC55170CDE284B,36
com.djinnworks.WingsuitStickman.lite,50F6EF66035248A3817F93AFC8D7AD3CBAF02FD3B518FA9E9F0489D918D82B04,17
com.appadvisory.booooing,C5C423FAA64649C5EE3B32835DEE6BC3DC30606B0D0EF4AB9492C8CD5A54FF80,124
com.zombie.road.racing,5481EDBAC12EFE4D7B0442B125AD8861C57A024F1037A08FD367F81F78951585,10002
com.mtvn.octopie,553F94BA35173B79686BBA981E2541287CB6F3D1FC5630B41178570F0744FB5D,176
com.Laxarus.TigerBall,8C3E2529A731587839CEC6EAD4F1E77876C6A6644E1E685F77B34FC711D333DA,31
com.bdj.vortexDroid,BC41C1DB90E4C1438C7A778DEE8EAE41E3C67C3629F6B1CB5B84CA9E4F173DF0,19
com.ihari.escapetheprison,57903DF7F5ECAFA5D687F93BD40FCBC447539F7105166858F8B410591FF9B4F3,320
net.fishlabs.gof2hdallandroid2012,9CFE4484A475C9A31A336DF9DEA6408FBB129D88AA19083AFE808EF6BCA9EB19,47947032
com.dvloper.slendrinatheschool,95C42557136EDE13619C456988D03AE3642E186858B15ADBCB492F86EA13A9FB,4
com.jumpy.jumpingzoo,8BEFFAC59219C0DD01B47946CD1A953C4F4AF2C3EB753C782F4999921FF472F7,46
com.asg.hangerfree,7929A15FE21A533D228C0CDCFCA663FD391E064EDF63150C49ED2E4D933B44C1,40
pl.idreams.skyforcehd,FB201ABE93D6EB29FA15BDADBFFF42E98B83F0FA5EF0F16BABCD2897B2AAC1D2,36
com.fullfat.android.agentdash,F5E19E7D632877674F2AA10A1A7BF80737B3441ACF28CDA136B61E5351498FB8,49
com.vladk.pipemasters,5E5A29F4B0F4045A96EB15D7C29001C9D96AA0E99C5B5803A5FBFCE4EEB92A24,209
com.robtopx.geometrydashmeltdown,7DBEC0FECB6F809B17B33AD5B71445AFC885C32D16D902813C34C13E6BE83C99,2
com.lonedwarfgames.tanks.android,67B6881342E745A86E35F445A535FB9768A9EA6799BC01F3DBF8EAC7A4488405,20160007
com.slipcorp.microtrip,BB2A5E62575F10F29BC5E72316E4F536A4E8B1CAF49E4A838DE89407182B92DB,45
com.rovio.angrybirdsspaceHD,9790CD756E9D7B27F703C03E65334D2E7CDC9CF83915A77BF8C67B1237D7CEE7,221400
com.robtopx.geometrydashsubzero,65FFDA74E1BA7DF2B95E75E928BD9E7537EBB6D3A19FFA9B826CE56C088CEC1A,1
com.teamlava.fruitsplash,662FAE5D575D034BC9E876F18BE525F60BE561210D7B50DBA9F3E0A8EFD90F73,9
com.uplayonline.karmarun,67C625100A0B9484030BCE500B2A3BF23F8ACCFB2D0EEF3ED0FA8A3254CA4301,2003
com.Tastypill.BallSlide3D,FA7C82C49D6F00FAEACE51B6233F059AB543D34C8328E2FA4B490354A61BF6A0,25
com.vg.helicopter,6CF8BF69FF31D6AA2498913764FEFDEA74D327C03A0DBE5C00B9B5A659F0C901,9
com.ketchapp.donttouchthespikes,DDA4D922381F0E449AB58C6AD48223270E0A9C8314A77B95319DEA8AC6068D66,200
com.dvloper.slendrinathecellar2,73259595656A5BFB54965BE205BBE251812ABE5F5E18F54B8DE6B7FD6E717CF0,7
com.MindstormStudios.HospitalInc,E8EE351BF38674B2A3894077A4457B56BB7E1277909296AB51461B52FE3F0D89,27
com.teamlava.bubble,75406B8E3AFDB2DA3F56817BB35C2E2E809F7DB5F8F9FACED0DAA99AC6B74A17,180014
com.LightBeam.Demolish,89034BE38E60D5B5C4862C7BD253E0E83A08DA04927F5ED82C44AAD3DE89CCD0,27
com.pronetis.gyrosphere,8068E9AA9A3AF470E9063FE42514B65DBED82E684C48163469FE00866423032D,32
com.trimanstudio.JetFlightSimulator3d,7C169A3D553D428DDE3160354A675859270AC7C0C1CC6B8372A98107383942C2,6
com.henrich.game.pet,CABE54EBA9482FDD974FD7E57B30FFBEABE62FC1AD4D161FC904BCE74AF9E2C0,7140
fi.Miksumortti.SpinTops,7E08E9E4AF76C64951A878D7503AE8BB154E26901406AFB1EE1174E3D3A78BF6,200116
com.ketchapp.hop,D71E3D8E5672FA724662DEC642309569739D7D9F4CDAA26F10E5868F5DBCCDDB,14
com.ketchapp.pope,EF213DB5F59D6400C51D4E9B7435A3DCBB53651566CAAFE0A628A777C6B8B31B,16
dk.logisoft.airattack,B2D2A6B80162764BBA972E3148558E50E99F8EC091A8EE9C531C3F2187BAAC54,244
eu.bandainamcoent.pacman256,873C94B8D5CB12560492E529B39690F4A2106AC7431D3A49F4E7EC96D42F33FC,65
com.bentostudio.ballsvsblocks,93680ECFFC461044DAF9D3C3A58846A5EF4D246B27A38360B3B912C4377B8E06,59
com.robtopx.geometrydashworld,930512D712B6F88AAEB0F20C6F88AA4CDCBF538FF6F3599C31FE9A0729838DBD,5
com.rovio.angrybirdsspace.ads,9BEA967C5D5C0B012B162D2F946E219822061EDF8E7AC40F4180DC3A9594D3B3,1100
com.rovio.angrybirdsseasons,9C673FAEBEC12C91A15F87E2DCD29302BD1090DA0E83B161F0AF71CA27A267BE,4100
air.com.bigwigmedia.hotdogbush,E4ABF523FB941CE0EB98FE9F773B23F589D302B0DC63B283DCF48E3EC6220228,2000081
com.Alper.GravityProject,A061E75C621A90F07EAF70A08232ADD08CF27FDC0786791129A81C29E5689F86,8
com.kiloo.frisbeeforever,E2D82D3E0DD34AE5F66C4695E47D10BD0B01E8C1D033B15D4C79D9AEBE0D1008,16
com.PupInteractive.TwistyRoad,A623B0CE94F04D81C33ABE4D0810567C5AF9381767DC952772F1C30ECA5B29DF,52
com.nitrome.magictouch,D6D5A3070B037F07FB275C3AF79849E09B634D8C864272903C6909B275B5993F,38
com.westriversw.RWS,FD30154D45EFE09E39CC1AE45F43368CC98E9837B7EAA50652C3A218EABAF711,25
com.ankama.kingtongue,B0C14789492A2B015608C7E844C51C32C9EEED7DA32DECE04D04465D5EC2D8E8,24
com.gameloft.android.ANMP.GloftGLCL,B287E99F3674C6F336E5022660809F2853D53A7C000D904BF8A1EFF5225F523E,12520
com.ankama.dragnboom,B3EAF753CBC2560F99E4DCDD753377E983426817232D35D928E820D1B0FCA221,1020008
com.Alper.Manuganu,B6722AE78273CDC23A24B384CE9EBAF953F3D4C030F8733531BFB81F937426E0,17
com.magicwach.rdefense_free,B928DF945B792D26F38EF87CA4D180A31CBF15C8755C098847B623A627867C20,2900
com.ty.driftycar,BAFD55EE6C3133FD10A0F2A61294D6F7ECD3033FF2DDEF8F3E077FBD41F3D9BA,34
com.nordcurrent.happychef2,C5058178F6C5F98C479EC0B1957B8BFFCC450F9E43C492E677145885762A78CD,12
com.tvn.subwayrunmario,C857D9CCD0719D6E6BEFAEBDDFAFB80B1CC007B304344B70F24BF760AE3259DE,33
com.nordcurrent.gamebanjoDeluxe,D3CD7DA20AEE0C8AF0AC39F99F863ECD58FA022E16D145727FCD20A891F4AB50,10
com.magmamobile.game.Squadron1945,D8CF6A24ADDD54B35FFD5B42173675173971A030CE3A6938E5D7C4D7FFABFB5B,5
com.julian.wildhunter,F285BE3CD1E4DD593FB1C10B6BFDFE53E95FCC3628F862227DE4125672D85003,12
com.avidionmedia.iGunHD,E350131F8A87126EB5D050AC8C075BA8B2C8098040BE41A208DB8B52CDDB5F61,1386884680
com.nekki.vector,E53033AF19D3DA926953368AE3F6A1B18F1C81B498777032CF3F65A41297BD15,5000103
com.cooyostudio.finger.glow.hockey,EB2806CA2B7C3EA8C9291FFE358BECD5CA9D1D5A0DA82DF165BA90975364A1A9,153
com.ua.vikos.world,F295298A39C030A845A91471A57178F88FA4A8623138A41359A2E6DB0093ECA7,1003
