package,sha256,vercodecom.ulkagames.callbridge,3ACFC65778C34BE3EE18F3154D1CF4E3F5C19EA31E6E1BC5FD1E313100B2D3A4,1108
com.blyts.trucolite.activities,4645794216296EB79ABAF41B4DF5897D66F5127EEDCEB567484B33F4F040FB30,543
com.remalit.kammelna,F534E651357C9E40F9081DFE9BC95B0534D4850EC0A03BE51319223E304C168B,144
com.youdagames.gop3multiplayer,D18E0D6F89BF9F15783E8A7BBA73384B1E10EC10D394C2A3C8150E4CB32E188B,3034
com.joymax.gostop,D792F3680F888720D53A6D1B2DDF9B49B8E8FD5A263D315989F6428FFB1DDF3A,297
net.peakgames.mobile.spades.android,D38E996019C5EB081B896413903AEA495DDD087568BEAAC83E768DE7D9E5A5CB,661
com.juego.trucoargentino,C87A519FE2177BFB38B29339AC297E04B616B29325090442E528E6F3F104FA78,104
com.artoon.indianrummyoffline,652EE93CC0FEE94154624025C14576B962A505624DDB659C10F77DE95955FBBE,83
com.tesseractmobile.solitairefreepack,638CA8AB0B9E4682D8F1479C95AC48BA6169ADECF3541014B4CCE8025D9C8BAE,1603068
com.bombayplay.CardCrack,6677226798109C6432270AF50C783A8903B6BA57D35F3083F5B63F8989492A00,5095
com.middlehut.android.belot,569F739C5F5AB9D0C8C100A60DE51FADB0A5E2823DA80233BC798E8032C3F566,95
com.igg.bzbee.deckheroes,5C8F3C0B77D0B5EE4A8A90974C5382EB3FB575BEFB406E83FC070FB38DC05EF7,13030100
com.betterforsol.solitaire.card.games.free,CD5106F5EF483FCD163FEA76316564FF695836062D8AC5B49A75680DACF8031B,68
com.cardgames.solitaire.fun.free.collection.classic,5D2F3A090827A3221085AF2268607578B519C43D8191AF48978339E95DF96B62,49
com.jogatina.spades,F80432F62F4A91E01C35E9DF638128AD159340B11B91FB0A80FCCFC68BC07977,200088
com.NHNEnt.NDuelgo,E9AB4E06E932BFB6E8E85E45C8539715A41983A8ECF14BA1BA5449C2C6D534AA,196
com.crazy.dragon.hokm,445E20190FE797E40AA3F4F505A5E0B1C4A2D8880F14DDE9EE7043C5D07AA4D2,43
com.plarium.solitaire,E2643CBCCB0CA8A4C7C080891A4E1D286397444E7EBFE387D5FF15E9B7B5C1F4,15250
com.riotgames.legendsofruneterra,C40E311E93F325775488E3501E7AF2116EB99F505A919DB86BDD9826D9B6C561,217011
com.syndevteam.Anotador,EF1CC9FECF9812333FE0C5D856EC4D77215FDB630A98CA275C4E38A628CBCD23,25
it.spaghettiinteractive.scopapiu,BBE52745592A05E5AA911E5F716A68BC87E979CB18087D41DA2A34D05B3EFB27,408058
com.freegame.solitaire.basic2,9B3E55C917B442CF24735734B97212AC4BCF1EB1D0B846581EEDF20AEFA24794,61
com.queensgame.collection,B89B36BCDEE49F8CBA37F5B978E1EBB7214D8A75B215D0A0F1AFB16C68A21C76,116
com.pyrsoftware.pokerstars.net,A2F3F4C195B0E31D52C3E36E752832AA9153E1D0FE069815F59EC8ACD0A92A5F,44262
com.cardgame.solitaire.full,5AE7DEE65FE41366484384A0D57AC403F9494E533E57626B7610E31DDEA7AD66,115
com.playfusion.lightseekers_digital_tcg,A0BE7F2EC834383FD9DD668562D6547A9719630F8029FD29CDD12508B96A244B,201900
com.jdpapps.escoba,304D990EB84BCFB9C3F36686158C62E99EC7BFBD96D5D1D1109B6E2413F7C9F9,137
com.iscoolentertainment.belote,5E8835A6415FE4262518A3201C90905AD706B54094605E87657E4B42F2943D44,656
domino.reznic.net,49327E17CA5A4B7FAD27025D2D1FA1B6F671CC08E83178DB9E21EC35A3605927,39
com.neowiz.games.gostop2018,006C746D0A717FB8EA7C27E080557599C1DE61D4C69437914DC6C3D7C79FED5F,507
com.Nightingale.Solitaire.Card.Games.Free,45397BB5148B57E8C70DE864A5035E284C00848393B2A50A519BC3E2383BF3A4,2530
com.gameinsight.solitaire,EE0825EEFD564C734492E3A0AD0F45FD2E30CE15FCC8400F29BF144EAC05473F,12378
com.mobilityware.solitaire,71FA69812A534EFE1D8CA4938A5315C995A23BDF80D578E27A545DB68F60DD9F,3850
com.solitaire.klondike.patience.ocean.aquarium,2FCF9406EBBA5B3824D3F48BD173FC338F867EBAA3238BFEC23BB04E676E3EF1,202
com.brainium.freecellfree,00933D5F42F67E77AA5DA12C1DA5D345AD5629D2A83ACAF979913EFC72210270,4000110
air.com.lalaplay.rummy45,AF7925F9631C3E9877984C7CC1E09320391AB80831CE2A69D7029A3632465658,9000009
air.com.fs.monsterbattles,009B01AA54046081CDFCE11524DF2CEEE63519B80AA0900091F2C7E2D8118565,2005001
uk.co.aifactory.spadesfree,3BEE083F0031B2A64B15B4E2E39CF7FD19C8EB3AA9F73F48B71E9312C51DDAA9,186
com.comunix.pokerface,3609C4F3173C5FF00ED56A66B1C7E3FEA3AA3481BBD582BC9F83E02AC54668E0,420
com.cardgame.solitaire,AE799F1B78B8FB4120652569B509A2D16811015597B79FB6333A6384FD97D02F,35
com.kathleenOswald.solitaireGooglePlay,F5AD1D0F4101CEF4C9B4C62D005FF6B37CC81245659ECEEB3D0AC5A52186A8AA,7167
com.bigfishgames.fairwaysolitaireuniversalf2pgoogle,027C2DDDD2AF9185DE7CA006C99B242F962E7417F89BE50ED7A9DF770ACC5914,154
com.zlevelapps.cardgame29,E0B18DF0253D84883B17A08018FE24DB8E41CC7F51D167D7029977CFE7C81EBA,91
air.br.com.buraco.mobile,CC1169373D8E9EDFEA1FCCE10C31B15F936914C328ADEBF17F19F69ED79BDD9E,108012037
com.youdagames.monopolypoker,2E9CA4BD7F9D389B9740B8EC9BD9D988530DD1926A2533B18E800B52F43664F4,117
br.com.delotech.trucoindie,A7F03E6E52B0C36D9BB87F0F5F6491153F64CF7B687B6821EF2B6D6F9C6CA288,702022
com.karmangames.spades,A2DA2E5F42F1B81462AD51165C6F3115961D97DB37F0C5E373B62741509805B3,20080
com.kooapps.solitaireandroid,4EC586EF586B93A6297D6EA7EDB8E1488F743E236F6010F5A21DB066450495EF,217
com.magmamobile.game.SolitaireKlondike,00E631DBDB228A984BEEB7164232779EF8D674677B88DC5BDDE40B585253856F,7
com.gsoftteam.spidersolitairemobile,860B83574D3A5DD12006296B36F24DA175AE32EA7EDD906ADE7603B3267FA74F,216306
com.mobilityware.freecell,8A39EB892C5C1220490AED70F54D00D5C59DF5DBC10037CC74F2D2DD4FD28F70,3456
com.me2zen.tripeaks,7CC3F8D52A2394519AE019459BAE36570743FA8FD8F896479158B59ADCD9C032,588
com.solitairegame.basic2,CE2D6905FE580E924FA853026C3DD5BF417C3A1AD096EA7B67C74B12E9CEEB0E,43
com.kamagames.pokerist,328CD51FCA266A270B4968062D16BF0B2F3F643DA8D64A90056B6A47A0347E74,421000
com.ste.android.schnopsnfree,BCCA34ABCB2F8F537D1C53EA9479AF70B5481ED4CFCC832B452AB4CFDC87288C,229
com.Everguild.HorusHeresy,354D6AF6A251B1E1BDD4F9A044ACA5FCC3E7868E9048C013E720749D3A160A90,300394
com.kubo.adivina,CF59A7B35B4B115038AAD4FF56A78A8862D8D99710990DDC098BFAE57BB23604,23
com.gsn.conquian,3451E74E452720D08F9DE4A8E0EFCE04030D9D8F35CDBAC4D40ACC64DB961A85,34
com.cardgames.solitaire.fun.free.spider.classic,819B8F514ADD3DF7AFF18FF0E4C1CADA82E8DFBFF281148D63C79D2781BD2114,42
com.recax.big2,371AD2641E2BF9C2550DB9E4C88FA0E051CE39D79654FCA442A96D7767E6F46A,85
com.csogames.client.android.app.durak.passing,BFC7D6753B145E3F026933CBE631259A817BFF079E8A5B3A32D8ED353CB761D7,495
com.tripledot.solitaire,88D957D3D6F03785C10DF4F4BD42CF32B600046FB7472B7E82ECB791A45C9311,748
com.youdagames.pokerworld,020024315E1EBD04D48DBF6A4EABFB5CACED0FD10672EAE8F0EB74717D15F394,10820
net.peakgames.ginrummyplus,BB821A4EBE9DD350ADB22B7862A49BEE37480CE4D5435647ED976AE1A98D324F,1406
com.greenpanda.solitaire,F7B340B78423AC45750BF8C3543E8A8C327CE947D814C41F5707C7D1C4135EF6,126
com.jagplay.client.android.app.thousand.hd,6ED7F0403B47934FD943A8AF67819A0482CC43C0A3688A0BEE6C95DF53C64E9B,226
com.boyaa.domino.cashtree,09FA62396A1019CA7A0D9AFC04C9E5EFC01DF21D756BF8057450040E96EA6FD8,198
com.cardgames.classic.solitaire,7D8B89A151A96DBEB7310D0AD673008691A4E096A5CB5250F4583B3EA136F57C,18
com.bbumgames.spadesroyale,196BD3586E0C2D2B10A4CD677D4F99EB0340D91E324CC10A842EAC244B4EC883,2005045
com.alper.batak.hd,68DF210EA8A9FA07BF20A1EE0D72E8CDAC9D1D4BDD4DC492A876F5F29056F188,65
com.dna.solitaireapp,015FD1694899630DAB840DB0B3CD3333CF5B355911BFD7C46BC2AB98C8A0C54E,2132
com.trivialtechnology.Cribbage,D961CC33AE1AF0FF7A2A386CBD49FFA2010A7D1BCFE65B94A2C6C4B72D0B69A8,1037887
com.zynga.livepoker,180BF22F5E61E6CB6139E15FB3F102871B9BBFDE675E00EAD29E7134B074015C,222000570
solitaire.cardgames.solitairegames.free.klondike,754C59344066D8422074A2197524277CE0237F0C0DA353569EB6FB0A75FF403B,1605066
jp.konami.duellinks,D2A9C70A99DE9FA94F95C6E436A0CE6026144AAA739A7DF7F2B971F2E57E6075,96
com.skytecgames.cardsheroes,787835611BB74F7D5BC69CDCFAA6605821A849D19CE9E79108545393120607E0,2015
com.happysky.spider,770E94678B27A3B159B68E185435DCF589661502C5AF468191B74270289978C7,40201
com.jagplay.client.android.app.durak,C3197D69E691AEBC72ECEC2C6A5A33E6510309274B7C0C585526B336B2E8C7AE,10917
ru.thousandcardgame.android,E960317718572B61B6F87938D9761C90173605AE2EB70F22781AB4816FD5C2A0,15146657
com.gartic.TrucoON,A3E0997EA412B8B2637E70DE5D7F2789C2AEFE3E4961447B287E39AED4C37E56,204040
com.astarsoftware.euchre,C036F0AD6212DA2C95AC20E27E0B073DDF6DA3AC0ADD01EAACCC615BD2968ABE,115
com.pabroton.chinchon,E9D665C34F2120F580AD8FCEA67CD4261A201B37276F405F582BADA8868EB560,16
jp.co.mynet.eof,5ECAC3A22F9E663C57B23FE3ACA7BA0FAFAE8D5D3C783CC79057B6117C9876D4,130
com.brainium.spiderfree,C455974FCAA20D5664654E46569AC93CDE8AB628DE7E6277E66A9D27F7EE9E1B,4000138
com.gameindy.slaveth,D1253C4E0D6584B99FA2CCA0DBE7ED7C63890C192B7C218721DE62FE8D71E180,226
com.sadegames.batak,DD3EC8FC0F9D9EF36E1EC532B163BEB732E642C346796692F58F99B9E7A4BD99,370
com.WhatWapp.Briscola,01E5E7F70BF253F0C4BC4CEFEDAE7A8C657D7F7A48137D8D8B7552F7B230ADC7,107
com.gampark.belote,409D35D200D696152C3A4C9C5101376180D506CAF5BF5D28DDD2AA4B37282B54,6905
com.brilliantlabs.solitaire,3EBA5FE308027D180DE87D46451EEDED95415F552CD631EB5378D335F0457A1A,100
com.mobirix.Solitaire,7A0E1642A0D9705188D2B9CDA701AFD7B799B18EC57ED4C7C3A4495F775D5D6C,21030401
com.brainium.solitairefree,3A50170A560324F698609FFE4626E3AB4DC53E119C5AFDF6220B0714CF963BF3,4000262
com.forevernine.texaspoker.android,01FD317352FC8F63D2E3FE6F16ABAAD299096EB1868F6D19EDBD7C523B7947F2,3259
com.WhatWapp.Scopa,AEA1A0646F79FAA93A7AA5237452675817F1CA26E450B9B993CA41B5F616B5B9,1200397
com.gameindy.dummyth,D50BE19FFB78D583DA9C19699028B649368B3D903EA397AE75F7D3A90DA40912,252
sk.cards.comcom,1894ACB165C478DB000A177D75ABCF9CDFCCA1AC5F0F695ED93F840B2D86CC71,35
com.fuzzymobilegames.spades,B0363EC97D8A92D4BBCC4A8F4BDAA51507A53DB6CE5ACA5189EBDD5A3440FD16,52
solitaire.klondike.patience.spider.freecell.card.free.daily,C1F749C01160B1855DF273DD7004CE1664166711522B50F09CFD033305A11EFF,38
com.me2zen.tripeaks.v4.and,696B38F20B7C6D204CE9939AE767DD7A565B5B5143BDFF00F8A6DD2F091986E4,53
jp.co.siliconstudio.ageofishtaria,306C67721238160BE8210F953815C120EB796C81B7AD236439A1950C34B5D082,51
org.games4all.android.games.indianrummy.prod,3040BE12AB0E78AAC62F63B296249E67512FF5D6018D64A0262804127E123BF7,267855122
com.hapogames.FreeCell,0493AF00F6927E7AF1905E4B62DA4C9BB38E3A5A7FBA69D251222F8B9351FE03,112
com.game.pisti,7436F909B62E31F84F0864A436574F80E46C83DE004974A0CF1B53DC287AC396,149
com.solitaire.daily.challenge.card.game,60CCD7DA9C6EF41F11B9749BE908C073E877AFCD2A156BFCA5A2645FCB1CC728,66
com.MangoSoft.Domino99,9F147F62E0BF06A8614CF49C52FE1ECD77F92532E2DA8BB85191E4A8793E9CEF,1722
com.absolute.bingo,E6104271BA56322F1709C32F8D07DEEA204D2D5D7E881A3657B458E00812FF9F,207001
com.csogames.client.android.app.durak,4C0B8405E444304A4171DAA6376D75457F039D65B98C244AF6C1DF7FC51C639C,627
com.playtika.wsop.gp,B299ED87840DA229A570DAE27DEE22AF0E1840A14BA5BFD8965D9868B904391C,863
air.br.com.cacheta.mobile,4CC298B282AD3A1EDDB48220337299D565DBA9286E4CF81C831205EA5234D72D,108012036
com.blizzard.wtcg.hearthstone,D870924CE5E0EE8EA68FC4EACC15537D1A7EBFD07783A4F9116EB4BFEF241C7C,9384900
com.emadoz.trix,025991A44961D1A87C3E0249B77EBCA13BA4C72C60C19B195B12DA2E78A958A4,30100
com.blotclubam.bazarblot,94F3B2BD457F5CA4E86BE4ED8443274163126A339A08FD15949AF3271E78DB4F,59
com.ptfarm.pokerrrr,5F18FD2B74DAB5127A3F24C7C0EAE2ED9584132462BD5990E58182ED9B00A049,4082401
com.easyfun.solitaire,20FC2DE63A910B0483A6EF8539D1D3B35BAF4D65710FA3F9AE88C58C895B3295,164
com.yourfun.kings,116ED7AE230B267EF44519F12C0AA961D4499B685DD069F4BBDE10FF5E9B416C,33
com.jawfin.sol3dtab,86FFAD374D8DADA58FD24222CDBB81AA1240B6074EDDEC3C35AB3352BA351A08,206
com.spacegame.solitaire.basic,4F9927AEF66175C24B5BE2BCEECE3C7A94C9C57FF5B4FC7AC0C8DC2279158ECC,63
com.myGame.spider,0284DEF2FABD8A83A88A6B922EFA1172AA1C3B3B25C524B6F70B4BF00B595947,39
com.rstgames.durak,D06ECCCAEA2B2AE19A2FE250AB3530F8DB5EEF725048E918A371C7EEA8226B6B,73
com.karmangames.solitaire,61E53C7FAC69B639E30C4FC980E2B0973BB9C91C49683DDD4AE5F81E3CA77D22,40022
com.topps.marvel,DE384702D096F819E0A7074716DF3414E13317B4FC5D8037CEC0593B63E3ACBC,500595
com.WhatWapp.BeloteLeDefi,853D778F0D51460857F99CD0D511BF09BE8A511FB4431504A1B9116FF5A3076B,200413
it.sharklab.rogueadventure,C0377869FBF0F3FD9D2259CCEFC4FD3F3CDAD4C61E9796E70967E62585D9C46D,144
net.supertreat.solitaire,93E9567A21A364E1F9211DF725A50C674E23A1C9BBF9BA50238F3E3FCD4582FF,251
com.slapcom.dummyhero,E0A03392172ECED132B25980CC277925C2E744FC2D7998D56BC415CC04387BA2,40500
solitaire.card.games.free.klondike.solitaire.classic.fun,6233DF0C29AA120A1715D94847E6D75B49FCEFA33F95E54A43A31DA1B52849B7,51
com.artoon.mindioffline,A931C8F442AE725DF7D3B8BFEACF0EE89ABC21B091947326930CB4928362FD86,106
com.bruyere.android.solitaire,B1C494CF21354419BD524A945AF10150372C1DE34EAB7815AEE71F3C66150E61,64
com.jogatina.buraco,40FB5C6B4B234625DB666B724D641CED859A94CDF3F824BA5D47ECB2D7385E6B,200053
co.tamatem.vipbaloot,5849328AE71C4D58F29618BE28CA1B0D1508D92AAC98E856655A576D7C849CDE,21088
org.HanpanGo,9B6D3642EAD68FDEF0C700E1453466C0FB47BB420CE35C038C08CAF536AE2E0E,201
ferp.android,02FD0212D04A17BEE54B9C9A2035518A455DB3B6F9A1B1ABF0E00516C8AC1B5E,157
air.br.com.sueca.mobile,7BE300BE2DB910CB8E9D989683D3EA048A1BF5F76DC55A62583434FEAA1BA218,108012037
com.bendev.ronda.game.activity,E08542211A5EFB5FA4271D4B3EF377E9072249D9F492D308EB14FFD6779D180A,121
com.boundless.jawaker,031DC66EB96E38E36880D2886235BB969C64025B0B26F1747579EFA0DC33FA57,2022
uk.co.aifactory.ginrummyfree,033C9CFFEF09F89E16497E4A522F64F95DA26BF77A9628EA34AC1A50E4665979,41
com.com2us.soccerspirits.normal2.freefull.google.global.android.common,9A0B228AD8221886D85E6BE0A35385B444A16EF9EEC1236F04879940E550A564,200102
air.de.rgerlach.maumaupalast,7A0572526FA9741E1C9E89E14DCBEA731AD5E2DCEEE4EBEA64ECCF6CB4DBFE84,1017001
jp.co.projapan.solitaire,FE3DB09D3F4B9B20EC2A9896E6DABA5BA7ADDA3E667D41BD0B20DE7B255FF475,177
com.tripledot.blackjack,57C2D421E145697F39F37DC7FC3DF388BB1B5FFC818598AF4099B1B5D34D9B0A,361
com.ninetozero.varaq,110F70D02A94AE8710213FA94A9EB196FB103CF971AFC213155ABB6374AFA8AF,101
com.hyilmaz.hearts,577A613F90659FEFC325220DB67DCED60C9823E66037EBCD595D97045ECC3C50,94
com.boxitsoft.battleofwizards,E415C8CAF8A82C372D3742EAFF23D59DE2D21EA19A1BC08EC857DBC734765A02,596
com.lunosoft.sbsgostop2,28D93806397079E2AC39D3E86C4630DFA34DE6D439E2E7C231AA3053B6DDFDFF,61
at.ner.SolitaireKlondike,767136A6D3BAB7DB9F890BD013A019DFBA30B454FD55D435AAED77AB7A6F26DF,108
com.lemongame.freecell.solitaire,0E010C978E2A467240320B6E1833BBD8044F822DA04E94CD17CA5566A3FF9E73,31101
com.staplegames.solitaireGP,9BE464B95A7CF0A41515B3FA6210D8B478C298B514613565F5A4E66502E4268A,15
com.fullersystems.cribbage,03DCBF33AB88802CA8F0F0CA9ED6AD683D4BC88ABDD86F34173463608AA640A9,149
com.magmic.phase10.lite,DF436470BA89B7977E6112A05C674B526D494BD9927FFFA57E208D4422DE09A0,1500000140
com.murka.scatterholdem,D734224F301499C6BA00C2C76DA5E5A5275E6E2474A1465FE31BC58328840A30,166236
air.br.com.trucopro.mobile,D94A2A078C5AE8E203AFF27870DE1708AA96B8BB9D39E9B7248B614618EAF22C,108012036
com.emagssob.tienlen,6C2E5588B333AFEA602D2BE971F0CC142FD41820F4D6039F95D1EF60E17E8FE9,68
com.WhatWapp.BurracoOnline,2E03C7B2006AB6ADC7835479C43E217E3D0900FF17AD169F66296B0AA3086811,240
com.riva.sueca,33A1F15262C53CB07FFD1CB97D7198924BC13650E604491564DAA9A4ED39FFCC,62
com.jdpapps.brisca,043FEA61CB136578131A893FB8124C5ED7803CC4E15B61DAA62E254EDBA90EBA,192
uk.co.aifactory.solitairefree,51B01CB7DF39DF35BBD593885C7A931D0A0F058A4CA2164DD7336B57067C3E51,56
com.litegames.rummy_free__aat_google,A87548A6225545276733ABFE23231B222D3F37CA1D0220F723BD40B99D1CB108,125
com.softick.android.freecell,ED17FABF0E58E4B5055E6D7E3FE776E02DF042C71B092E1B632D6163F21C1460,2092
com.ntg.solitaire.tripeaks,86D0B38214717225173CA88674C804C2C8760B3F985254CC27CF789B158DC577,2568
com.ankama.krosmaga,FC5422F6C486FF287233E21D9EFDC4E35A656FB65551135AEDEF996B9BDAE137,210383
com.reachjunction.card.game.solitaire,C3635C26E70AFC1D3B4340F8E38F27020D33D8BEBBFEA29DAD130718BE33B443,1271204
com.intentsoftware.crazyeights.lite,D78774D80A5E3D664197BD987E5ED7D8A4C711A8F56A9B630617E2C9634E92FC,2267
com.badambiz.saubaloot,5CCF2619FA3DA18C23FAF5592CC4EB091D9565E0356F1B284822290607F6E806,142
com.wonderpeople.megahitpoker.global,D22B7CE0E4744969B45B64BDE196DB48C8354057160446B788D4D7D62899DFB7,2300223
com.cdprojektred.gwent,F59070F5ACF124542970AC7B7DE07E15B4CD5778571E6360342FFA54AE7BFE9C,202850308
com.sngict.spades,5A7937902F56C18A541E774FDBCB267757EE7E8D3DF7B27926F905873141D594,7040
com.BS_Pias.twentynine,C5ABD4C8D72D9195DAEAC0D89E3DC607A9A0492C8B40F268CF4B7D754F3D7EC9,49
net.gamerhook.games.pisti,E8E5C1749103CCDA9BB6455D8A50FD63AF29BF3B1F6698A0E1413B5EE5D590BB,95
net.runserver.solitaire,04DEBEBAA0D7411475C539FCCDF61081E015701D090A6AF6F1F3C275B1B21B38,20501
com.lattanzio.eljodete,F72A3E2E10D65985F626368097D9C17DEDB12FB59274CD505C8EAA671AAF1346,80
com.anoshenko.android.fav_solitaires,1B5B659A40065E80289439D8E95F0238121B2D672F98E84501822F1877A65008,24
com.sg.js.Spider,1180786CF19E16F8C85DAF1E81E07F2FE32DC9D83E63F2A2ACBE7CE15306DB72,65
hu.appcoder.spidersolitaire,6C5A124483679D057A67420C12D01814D2FE9DF729BC70EB60391E910DE13D80,38
air.com.differencegames.threepyramidtripeaksfree,2F95DB2AFE656DAE0E53377A47170891CB5781A0C04928049F7AE9BD307222F5,1000289
air.br.com.pifpaf.mobile,D3755AC167A36BE58679DCC001411A6AE993EF39F52ED6133596CF80B21BB55A,108012036
com.hugorosario.sueca,651522DE2C9638FBE537EC9DA3E6A8D24D837C1BE44155737E21674A920ECDFA,77
air.com.boostr.Air,2B414960329802BBDE02440EF9917668D99FF80C0C4EED1DE1407ED7D7BC5F81,800000000
com.cardgame.solitaire.fishdom,5CD841785E15226ABCD0F6E3C5EC446E9E7F1E640D99134D21AD2AC85CAECFDA,120
com.karmangames.hearts,B813D6C187AD7223B1BA27496685AC64D4D64EC393247002871DF65E951C7326,20050
beetles.puzzle.solitaire,171972D17C9C0261B05F62E80906000A9EA6D8FDE545713B8B1C6D4373817F76,112
com.kamagames.blackjack,9BAE48BAFC1122CA45A3EE2CFBE14E79150E0452B7821AAA1BB07BF67309D19B,421200
com.rikkigames.solsuite,17DDACF1A4A291B1265EEB2443B2635FA7325A83F5294B18A9FAF5BC2279465E,131
com.unu.friends.card.games,7B77A5AD90DC9E6BCA73CA5F49B38A4AC025E403184E7BA172DAF461BABC6CDA,184
com.comfun.mobile.teen.asgp,3D7E6E9E585BD15A91DDF9C7292F8316CAB55BB191AC8EDCFF94F769E8781120,10088
com.magmamobile.game.Freecell,BFFEEF178E5F7BA54EB8732F89788AA265C7047FD5C2040EBE7D18BA1745F738,12
com.comfun.mobile.rumm.asgp,BC288553102F17C27650019DA8DB30E479C584DB7832DB9FC13FFCCCBC94DA08,10075
com.solitaire.spider.patience.ocean.aquarium,E679B32B67DEAE037ABE10DE0C1C19C5B0BA54898B31AF1BEB8E0BC512EC685B,17
com.magmamobile.game.Solitaire,97F29391BF017D716D666FA30D796B8750C995E17673B24BA415BE6C762034AA,20
com.spacegame.basic5,36A52145F190FA951C156C9BA52A1292AB23AD54B134C042EFFB0BF5310B3F78,80
com.cardgame.collection.fishdom,6E5B37AA9166C15D856DF79B5888F3F059298857B44957FE457955B373718DAC,119
jp.gungho.teppen,2FF9828DF8AEFB732EDCFC3DDBD302F9757C5D748F2B2140FDAE326999893EB3,3040200
com.aandrill.belote,E4448FD5703A7573F4DAA76F65914E0B33664AE622627C580B4D231CE9B2449F,201
br.com.lge.smartTruco,2041379C278FADB8BA1268FD2AB692B4989ECE91445E8C15E512B27FA47FC045,133
com.avabyte.spidersolitaire,FAF10DD0D329E163B7EAE15193A08F30DD1E0C2D9F267694083F012E624FB76A,12
com.jogatina.buracoitaliano,8014DA124BE49C57CE12980FA46AD83609FF2D5C957DEDABAA42AB324A35F756,217
com.dominoqq97.poker,6CAEFB63CDA54088BFF16F0E08FDC72A0B078C0C9CA229BF34D74A39F151B32B,142
com.boyaa.fben,5971BBFEFF4AC9C28BA1F139DB50052204736E4EB2C9FE80194DA5E802F46987,6040000
eu.mvns.games,41678E50F3B33B2DAB91326A94D970225EE45CC212817AE20D90715902D5401E,352
com.game.solitaireclassics,672AA1D11C12F9329E5AB71857042F2DB4A8827365ADC83CA6E37E6D9CEA9F3D,49
com.magmic.googleplay.skipbo.free,98C9687F7A69A8598F68B072AC81505EA0A71A036059D8959A5BBA4B0B896C22,426
com.crossfield.casinogame_bingo,D68C3B50823DA475F0BF9DAB7E1C4358A592146E93B5E30CE10B2F869C15BF70,173
com.games24x7.ultimaterummy.playstore,1542FD54CB0C1B5A416ECE7E7C87795F7E2890ADB1E73F70DF0F49DD739B752E,423
com.two31play.solitaire,7FC266F96F80456162AFB15B65A9D21EE7CEABBCDAEEBEE8EB041CC01E100147,444
com.astarsoftware.spades,F82650618A309218CD166C0E8285BFCA232AB34D6E058C04D7D11EC4F454E5BE,100
com.harpan.freecellGooglePlay,A6B27D37591E79B98BEA67FA6908B9E15BF2379AA5E81A944D3B6FA2DA23C61D,145
com.spacegame.basic3,9D9350AA5988D820312A0E623CB5C9D31CC6DC970834899E4562BDB40BDA3ABF,61
net.elvista.kozel,8578FE402FA60EF7BBDCF77455731173AE9E2481C51D3070904ED8C159E0645A,113
de.spielepalast.rummypalace,CFB9C735362DC87C704F831BC651FE807A781EAC57999F2A377DD0AFECD2AD96,1012001
net.solitaireff.tripeaks,55FCCCAEFF13E500433FE99D9CF977013E6E80A8A7840372476BDE15BE03F755,69
com.cynking.capsa,06EB1BFE98156BBC884094E329A021150351AB721A47EBECFAF69AFD5213B0A3,22100
com.gartic.buracoon,B005374CED1C66355DCD5A720C2E40B6A773DFEF1458C6BBA04BA176146BE704,112020
com.wizards.mtga,4969F7BC45E56AC87BF7C97EACEEC1907D69FC645172EE79704192CF0AB1669F,1040
com.bigcake.android.solitairedaily,B694308A0EFBE88F794EA089BBCF44FEC535CE0D418093215A1214AA1FE2FF7C,68
com.redrocket.poker,4F46FD56C11061147F3B17EDCD547C013053165AC29E9DDAD16B886E500EE4BE,115
com.stickyhands.farmville,D73DA5E20E51CD6B80C08D1F2A1463B3A2DBEF6AFE7FB385E5B64AE36524420A,123
com.anoshenko.android.solitaires,95CF6793E252D6346391D26279F91822E14AF432E0A4FEF67751B334213ACA41,178
uk.co.aifactory.euchrefree,071F8C3618208B1763A395E69872A81C6616E4C442302F04221F53645F311A2A,71
com.uitdev.TienLenDemLa,C41028F5904E9898ECF58EF5D5609B951D6C2964120864C5D80A09572675C4AE,35
com.gemego.klondikefree,BDBC0EEEF2E0C9BA8200C1C26C6149E9456EE7EC72600A26BE416A9DF2BFCBF3,36
com.potatojam.classic.solitaire.klondike,F6C99A9A1929672BAE63D33905C9A29B36ED8FF401814AC86A4AFB36D42E0872,2061
air.com.feerik.eredanbattle,B22F50BFF6837E5957128F10538DA4FB235CF69936B8DE74155343D5E0B4E517,3002069
com.spacegame.solitaire1,9DC8E6B7AC6D26A707E2CF729B6F2ABC1F63C693EEFAFEF4331C5C3DCA4924CE,24
com.metafun.solitaire.free.hd,370BD8CDC6B10F1DCDD4F292EA863F5D21AE1B1946EF9B3452745F3BB62078FF,1555009
com.murka.solitaire.play.klondike,E6CE64048F32AB0E7F3F79360035A08D9EAE9E2FEFA1D678917B80B7BF149A3E,164109
com.eryodsoft.android.cards.rummy.lite,3C0B0F79EBF37B9BD3A789EA1B3812436A8B07ACBFF1735A89685478D7FCE83D,50000058
com.zingmagic.bridgevfree,0E23B5484F052E754A11B516987B5432ACCA8CB15996687401FAEAF7FBB7936E,111
com.eastudios.tongits,F56D5ED0D19337AB7EEC6E9E9A696DEE9C5CC2424E7C86A98BB7C1932B5631BF,43
com.magiplay.solitaire.tripeaks.farm.harvest,EABF057E25EAB075141B8ABBAA5C67C520D0513FB6CC9809199FEEFF205C9650,48150380
com.fiveplay.tlmn,B39FB14450E3FCC3D4B7ADC5DA63CFD001EABFC0CBA961BF76BA02F331403A8C,23
com.bbumgames.rummystars,1FF56318408DDE8D7D87BE9E46629416AC8AD253FDCDBD713148FBFC5FB67D2D,1015028
com.herogame.gplay.evolutionchess,EF1B8A8FCE784BA10BF027AF61E7AC226291CB2837AC0F31AAC0F24E3D17E535,10918
com.karmangames.canasta,81886E87856C0C40D252D78841E08A7FBC745ED7A82CE1AC7F046719DDC50A12,20049
solitaire.tripeaks.farm.free.card.games.grand.harvest.garden,CFC3D4CCDFB55DC6465BA52EECA2FE269ED501A15A09319CFCD6061150BE4AF0,21002
com.mobilityware.CrownSolitaire,A1C373AD6E4ABBCBFDF96BB51626C99810267BFE6105931D97D6F072220915A7,1745
com.blacklight.callbreak,5EB7ECD887F73685FA2A114F8D44B57BCF6E2A21C46ECFC62CC5510233CFED90,3634
com.gsn.android.tripeaks,0EA9251A6A86884F42FC97C4DEFD14BA5ABDA1583E56828C26FF5E5938426225,81969
ru.appscraft.durak,A0B9806E6F74712C5A31D7367A73A3180937133006601C48A2FDAB807FC1F32B,154
com.zimad.magicsolitairecollection,257DF4C0FFFFA723B4EC9DDA845AFFB3B6D2C414787A35E296F81949A9F83CF0,114
air.com.bigfishgames.fairwayrevengegooguniversalf2p,4256D586220F389C473F2881AB60F51660CB1448B36AEABA03DB3A4CBDA9826F,3002002
com.playday.bitcoinsolitaire,A6C767EC417E0F8BE9794E47085AAEB6B798A514DA80F4D50189281F03541E44,332
com.papps.spidersolitaire,1CBEDD08C45DA384126597BCBE05E58DD4EA5D92CA0B596C69DF27081EC42756,118
com.senspark.android.southernthirteen,569C2B70F9FB374CC1B9BF8B8F8077DF6242E92CC4A2F67F8652B6A62DE972FC,2008000116
jp.co.projapan.solitairep,5A13A89FCD7633F8E407DFB9810797F85C127FCD18E8655E3928C3BEA484DDDB,105
com.bushiroad.en.vgzero,D48E20336DC9ACB024D114F212EC1F3FA888EB2DB62DDF73F5997F42CB1B7633,69
air.de.rgerlach.skatpalast,E3779E270AB5CA5DA387B35C94654D9153095D454440E0453BC51342A82E30B9,33032001
com.digitalmoka.scopadalnegro,32FCE82440A445FFEA969175ABD3CB472722390450FE03888E1BDDF3F10CD430,78
com.easybrain.solitaire.klondike.free,B1073F828215BB64B1E5C1E996FAE4F19C17B98EB6F1CA69881E33E1C7F3004F,20500025
com.games.card.ginrummy,9013BF85AC4971D358003A2DB20A9175B394ED4582CCCBE9ABBD4DAE87F1AEFB,226
com.netsuridqhstudio.spidersolitaire,89573F1E8BA2F434EE2991E872ED73A29190EC8C748F6215FAF61040EB2DB7CF,270426
com.gameduell.mobile.belote,B39059E716D7073B812F6EB72D9EB5F28BAB89112172E4D49107861A8E319CEE,875
com.winrgames.solitaire,8C95A484AE836F800A03CCB7F6836AB89310A13965892BA6E41314E62327BBCA,134
air.br.com.megajogos.mobile,71F3F0F1AD64590BB95229BD4F21B0FEED1A770FB4907130955B1F575473BA19,108012037
com.jogatina.tranca,1003B7E26B3E352236F0306EF77230E9BC87E824A681B47409DD70E6608844EB,134
com.dragonplay.liveholdempro,C9258C591EFFF4515E196FBD0D49A26F6B66878E052C0D6650E758B1A63AA13C,1073302
com.belkagames.solitaire,4019F58AC51E7C119EBEF03080A54DED9079CB57153AE6BCB35BCC629F9A6127,20902004
solitaire.card.games.free.solitales,CEFDB365FB8325B5312A1A7F67ECC9C8682CF9948D933A0653A029384D39975A,104
com.uken.solitaire.story,87AAD2032CA421E55F3389B62F10967A10003901BA2191F66C040CD1187394A5,67
com.diwaniyalabs.iKout,E3209FB635AFB3949F9DBCD95A7319F9C801BACE7C284409336CF6CE4F3A5925,6242
games.wellplayed.apocalypse.android,0EE31AF59CECA037254AA04A1532D72975A86F9D4105AC895426D98B86A58BB5,10033010
com.cygames.Shadowverse,8FE6166F20E6BDC98D214A000815F090C05247CD55AAB404EA61B1A40D4A62F7,153
com.ember.bingocatsSD,BDBF72A2E05C0E5E4768D39208E8E7F10A07EB834B951D5321317B326E683CB3,26
com.constellasys.crazyeights,E9A4D1B4F34D001CF281FDD4ADD5EFB27B94040AC280AD98D2229774D0CE7651,96
com.cardgame.spider.fishdom,DDEB0C6F8258FB729D51B13BE1620CBF66136B757BA112C56FC14CC40EBE4186,109
com.queensgame.solitaire,0A3BEDD5917CC02253B1B8DCF610E1CEFC978073483C8C3592A8A959F985CACB,127
com.cardgame.pyramid.fishdom,3BA5166D9E8719F9C385C7E47B6580BB947FA84ACF29F7A7DF14D55254995F6D,104
klondike.solitaire.card.games.free.patience.spider.freecell.classic,2593CD2FDD542502F11060955FDA27553BDC851113DE6B733D4D0BF0FA88BB2F,20206
com.fiogonia.spades,7A06AE82191CBDD0874548A4103A913366888AF2282B70FEFF57A96F7B412DCA,596
com.mavenhut.solitaire,928DEC3455A8107714798030E6EA958D3860629F0E2FE2F31288F64AE043B6D8,247
air.ru.crazypanda.wpcm,A40F26D26A20AE9BCB0D7C3700CCA114BA0D88C8517886D08C27D17AFE772A6E,1162200
com.callbreak.game,F1DE298681949D019F2600436229446A01DE3BDFE626D46E4554B121278D5FB9,61002
hu.appcoder.solitaire,A5DDAC59DDDF906F3DAE5C76806066F2302A8CE76240849625D1DE750066E02B,34
com.gobrainfitness.durak,78623023ADCE91F70C82B5C546A60A4D53D27AA42B3085F29337AD6F1A72E560,31
at.ner.SolitaireSpider,569805FC01693C52C306ACA691DBE0500BB5C8DF2316F46E34A9667C53CBD987,112
com.mattel163.phase10,0DFC408BF1422BBA0F31A6780AA927448D233400D6681C355D93ABC43446B57A,40653
free.fun.card.game.solitaire.klondike.freecell.uno,B1365EC7CF60D92892E220C711F3322E64B541F0876B433D4EE4F120C13B15CF,21060300
com.solitaire.fun.free.klondike.cardgames.farm.friends,8DCEBD1860ACDC9FF18165AF7AC713DEC9E723358DD5180848BF63790749B5AD,33
com.happy.scratch.spin.lucky.rewards.redeem.cards,8B47E742100943D9D4E5ED1DEBCA32DF5312D605E4E646DF64C13F7134C31435,19
net.jeu.spider,BF6EB69397D492186E92099DFCFC05011C5282171006C55191F9499E49660702,121202
sapan.marriagedroid,0B3308CEA5BEA248890C3E5AACF080FBB21D6BC36764FE344FB400D7F8C16949,59
com.esertelekom.spade,923FE8A79027BFC4C3ED9D4BEFF643F2786C2B19393D3D2A556DE3C74470FEDB,153
com.agedstudio.card.solitaire.klondike,6287C84C3F8561A82B72DF18075098A23A4700906805CC65CBE8CDACC7E9C380,1209317
com.jungleegames.rummy,77446C544D6BCF5E289EB32E90A2CE279F2BB984E3B4CA0429312F006D8CB595,162
com.Salapin.Burkozel,3182390886BC9D91D6AA58DA542963A61D43393E88E011D9C7386A1644553A0D,27
com.matteljv.uno,9FFA470A787B24016B12CEEA887EDFB9BFAC7288AE9795B89BBCBEA0C276CE80,82497
com.brasmobi.truco,DCAA5B11B2EABF625AE838D76DF4CC1D1F5C171AAEFFA1F4573FA5E8F678D340,111
com.appeak.poker,591F766F62025E1D3C59B9FFFB11107A254F64F79BA94B5D7FF8DA8343E97996,138
com.byte3d.pokertexas,3AFCFAE769D36A172FFCDE6E822BC862E5BEC25E12530999304DAD7FE59E55CD,476
jp.co.applibot.legend.android,70DD08D77C3E9614EC90EE184AFE0983FBB8B61CE4DDA68F9B9D5D2B29362016,145
com.lemongame.klondike.solitaire,4A144CEB83524C87AAAD291D79BF98EEBDB32C603D1869781C6756B677FF3807,42003
com.casualino.bgbelot,A74EAC0CE1C05767E2304B1A48F3CB9F2FE090EAE866B36765DCC0BF2B373B31,21200
com.playshoo.texaspoker.romania,B85C950C1C3CC2EAB7D49F2B8267E50E79984092D8E350A25A9767DB00AB828C,169
com.godgame.bigtwo.android,977CA03B437EFDB380984E15CFD87B031D35318529744EDB59B2430F16F283C2,129
com.microsoft.microsoftsolitairecollection,FCE628D9D66B34D4CFD50B35B7252A08E35C5CB44DD1B4B7D091A987AC7BD7F8,41027301
com.sngict.rummy.gin,D1A38C9DC5AF147F0B826FCD3245162A73C4482E423D13E8EB036D70A4A3BC57,55
com.devsisters.SolitaireDeckedOut,9BA449A840835C75DE0193482BB063DBF3B0970DCA87C3ED8743E68D0F149826,87
ru.rh1.thousand,9D552052BD123F665031930354979DD36526E106DCAFC2363F9BD4B33E343863,59
com.tmarki.spidersol,27C7F06060D2841FAA5EFC2BEAFCF5F97E31C10DDE9415EB3F71507CBB2DB93D,36
com.bitmango.go.spidersolitairekingdom,37727D9A84ECE2CAC33E4027A8E3EAD0B1E4A8B1EFF18B881D4C81EF7A9E9C6F,95
com.eskyfun.sgsmjzgp,23C11819C87FF39AB66008ACE7FAA1744446E80E92375367BA0F41C49D08A7DB,21012
com.happydream.solitaire,9219D8F33B41B480E7E0AFF9CEB74D51FE4A7D25AE994EB9F1973AC9BC3C136F,32
mbs.diamond.capsasusun,A6B57F58F02798B88386097FD15448141C90F64A95BC448EED9430C7FB8AB2EA,47
com.solitaire.card,C883CAB53682E027BB44DB335F31AE71FBB62E1693163E56AA04C3BE93627B28,28
com.queensgame.pyramid,AD655DE0C10A416A8D392F870CF42B2D0DC6C28C8B5E3507C637EF9266EB3271,107
com.sngict.sngsolitaire,225C76D4B72EC926D31F8982B276DBCD211A1EE9DD7177CF6CDFF5EFBB159E79,4064
com.escogitare.scopa,4C03D447E561493146E936D0C589109F5D513BBB6CE5B32ED8C543B738C9BFEE,73
com.gv.solitairedreamforestcards,E73561AEE9E247DFEA58FFE632E8996378913CFB52CEEB2B63EAB9D8490C85A1,91
com.emagssob.tongits,96700B15E9D8E1FDBDFA2A3DDF76CEE869862947CA421DD3434810D6F532E52F,27
com.unrealgame.bhabhi,A7D8A4D127A3DCA0B8BE5024AF39C6D0694721DEE7EFF49C86844A396B6461AF,17
air.com.gamegos.solitale,C22A5C2CB8847AF5EACE1CE4ADF91D4A8A351E2D028744ECABD31DF7FAA8F688,1296001
com.eryodsoft.android.cards.belote.lite,AAAC7A325A1FD70E2E78617301E499DDEC6799847A55B001857CCF1C76209E73,50000023
com.mobilityware.TriPeaksFree,886D6BC255396DD4BC4E52557B4F4211F0B9ED76B3CFC190EEA7AC17D21DD533,3433
com.hyilmaz.pisti,531CAD116E7D0EDBC334CA0A3DA487A3FB327B1874158A4E8BA333C60B5DA0B6,79
com.cucgames.crazymonkey,82F38EF80701E5B63368767B51B66275435840F192DCE7DE57E9417237D4957A,17
com.seagames.dominoqq,95C75C4A9DF631AB9D9CE530D1F3ACE18593CC3889558C4E78AFB90628C732AB,1177
com.mu77.cm,0E9343B2A8D0CED4DE384D081FE8F161A891EFC3C35C88A126A5A2C66A4EB8B2,143
solitaire.patience.card.games.klondike.free,B390145885C56917D35E746A9C37C9105FCFDC035F786A0FABA896E1F83CDA07,21100435
com.eryodsoft.android.cards.damedepique,2516A32633F586D153E7DE47CEC6029138041314C526ABFA698E74A028EC5DB0,50000017
com.octro.rummy,6E3E3D1B4DFD3CDDAA8143CF540CB1CFC7F96560A185877FFAE0EFC4F2F3E845,423
com.boyaa.capsasusun,AB19675467216CE96C75FFEE41151BA9C1C1F163724AC8E3068DD8636CE87A3D,57
com.aliasworlds.solitaire.amazon,416195C954129A9B1463B84A67437D0172E2930C03D22B9AA530DA9BEF12ED1F,2844
ru.playvision.durak,8F6D257FC22D76C096CF31666D66C8EBB35A10BD72E7589E238F5C9743211D0D,3273
com.bethsoft.theelderscrollslegends,1B3B5CCE8617DBB9CDF16DC7AC48875FA4E04EC787561EEF1B035C6BDC0EA79D,11009
com.tinytouchtales.cardthief,80B940126F3C0A42E8DC20929756273C58D897973072BE0909E7E4DEAEFD8B02,59
com.bitmango.solitaireclassicklondike,474227D7B36FE75F6826052FE2B9656210A8648A5EBFC4C2415032291CD8E374,230
com.playjoygame.pg,9E67A6507FB7F3B506A7CBFC26F054A153EFA1BF5B432FA9DD51BC298311C314,3222
com.giantixstudios.tripeakssolitairechallenge,0FA4515A5F4147BBAFCF9E75FE2293226CA0598DB2F0FC699FA9DF8184A25B83,32
com.geaxgame.pokerkingpro,6B9D99FBD85D8BCC71345DA7FFA41B046A8040361995B575A1FBAB80D8E2AD83,3088
spider.solitaire.card.games.free.no.ads.klondike.solitare.patience.king,CC551AC10B75E384B8AD3727CCE3A51A1E352F689433E055B7DE02F989058FF2,11100
ir.doorbash.hokm,100E6DD5DD766BD8AF4963986DD80E391E1608BAFE90ECEE86968B9A1A0F996B,64
com.mm.shan,5B87008381FC314ADD1D53BE56829DAF4E2799B5951B3A2F49E5CC296C93933A,72
com.karmangames.spider,95771E1FE980A1FB50B27EE422E2E0D92D9E3DA87C856C9B587593CE0363C524,40018
com.king.pyramidsolitairesaga,F3064B95F48B203081FE1E36D79B3ABE0D4E5FE78EA467FFBD4535EDBD220634,110300030
com.cardgame.klondike.solitaire.classic.freecell.basic,8A73FE712DF7E43DCE43888E6F243A2825D3F418FEB6DB2F4D648230108A10E7,11602
kr.encom.gostop_p,26674A8321CDDF51BDEF314A810BD8ACD33381A0F66CE899367EBA140ED5C1F3,197
com.clockwatchers.solitairelte,99932B4D2DC6FEF57CC04518B919B01820731D9FA05B5F4762E9BA3E984C5257,58
com.karmangames.euchre,D091DCACBFA6A859BE365028EEA0FCB44D12559DE4D5E6D0D44EFFA134390CCD,20082
it.panini.panadfl,BB289C1684789BCDF737BA60A8C1E98C95FDF1EF7620E9F69F40ED04F4DDF014,70002
com.concretesoftware.spades_demobuynow,1187753D33C6198E48A0FD9B1908540F6CAEED605CBA0447C3FFE088125F616F,21310
org.faudroids.werewolf,11A15F844623F4B56EBA721AC4F898312059A52CE399E8C77D65EEB149306A19,105
com.idlegames.eldorado,C92C5111B590F22D428F7B1C4BD2C3F51A035E8B7C9BD1186F7CEDEB03B1E6A7,30403014
com.softick.android.solitaire.klondike,95E32AA433400EB6F28F19B5C74298ED944C7BED9E10B696C11C97BE3AA92A60,2092
com.quarzo.solitarios,A149AFB40A0B89043742D6B05BF69CEF32A9BF390EB25FBA7BB52755559411B7,121
solitaire.solitairemaker.solitaire.klondike.card,265D92B93C036B7B446B6FDA8C1331337E4C9920F5CB02973C818E732C124C12,1253030000
com.bhgames.batakonline,62E4DD23238CE9CC3AA1700923057022C060B3DCC6BD0007452CF4C8E10A5EB8,770
com.bailieng,A027942121E73163445767971387DCF683394EA839BB13092125666C39D59124,131
com.karmangames.pinochle,4E3FAE3A3BD655B065F28B6065D509E90EC762772643131325044FD8ACDFD7E0,20055
com.octro.sweep,7FFEC5A99602880FA0F4EE8FFDB52A9954DDBE4432F9CB5FC5DD167A0E543A39,62
com.tesseractmobile.ginrummy,13DE2C54EFA8DC6BFD717529DAE111D3523A7B3C9C614663A71543F8AD8CE44F,302016
com.gamesofa.android.luxydominoqiuqiu,E56C21A39F7BFDAFC1C86B5F4D894D932AE26120C08EE932FF23DCF301CECCFC,89
air.com.ace2three.mobile,D9DE534530DC198E893CA493F1523E7D579AE4FC17FD88867078A2BE1D2D019F,2000008
com.LoopGames.Solitaire,4AE0013A709ED3AF260F5AAF2C646779812476A51CDD05E968E4A75508D370D3,2400
com.gsoftteam.heartsmobile,5BD8D4B1BDAD139950BF4AC6A86F8932543EF022B9E43B50285385A68D35B636,216273
com.twopersonstudio.games.bigbigbig2,E5FA816F3C9F981F08964339823B1D32C111EEE18D49AC7C26B9BDAAC3C8C8C7,43
com.jeffreys.euchre,DF933866AA1067697576B3AA312BB7E234B93D631F71E3BE986B0410E3E7C4F2,407
air.com.readysquare.zdrapki,F45C6A286B15ECE9E9762930B2FB3D9A21A3420885C477F8AB52ACB6F4421A48,1006264
com.exoty.tarot,BE5EB9C2F7D37FA7E7E381D813659CF0EA01204B00883E2899A1EF40C0ADCF73,295
com.queensgame.spider2,F6789361F3B738E0E83F420B2597F5573E83503BBEA231C09D19BE6AAF1522D1,113
com.wulven.shadowera,BA1E572D022394AF0A13EC62E5913A9205E8C1DBBE3505B6A322DD009B83D77C,390000
com.application.game.scopa,F07ADEAB3EE84ED15B972398DEDCFD7D99EE47E197DAF309CCC2B358A7BC5E4F,94
com.MangoSoft.Susun,2D7344AB25CA950F73D33226EA5FB0030BF25A445B0E881261147C24BADBAC55,1403
freecell.solitaire.free.cardgame.king.spades.klondike.no.ads.pro.patience,215B099A8BF089234F4FB24F008E007E98D9637D87CE391AD31DB23F7250A817,11101
com.andreyrebrik.klondike,9E09687660BC43C4342E85900CA8774CFCC73B5B870133948EF3AC8557AE87E9,28
com.mobilityware.Spades,58A47AE3D85E8C9ED384427689A6BDAAB6AC346F63ABBBF68B12BB38E9EDF213,719
com.tmarki.solitaire,5AA8CDD27726006EBFE5F21840DB8A5325ACF2220A88E85BED92BD3A71B733B0,66
net.jeu.freecell,537E2131966DBE54290934F7A376CE6D6FC42978CB56BBB60212A837EB783AF4,120200
com.seaworldgame.klondike.solitaire,E3B76F65A38EBB8610A8B188D7937D2724AFB315E3915E8FF7FB18C77EE8767F,50300
air.com.pozirk.allinonesolitaire,1A0C8A53F4AE0B0E3DDBA37E697564A6E25E956583DEAE193967DE6C0680E1C4,20192359
com.uitdev.TLMN,F266CBAACA479589B47F1D941404811C0049FFE93E1630DDB309E0E3FAF367F3,43
com.neowiz.games.newmatgo,35A5D16F4BA4243B5308037D0FF6A653C70FCC52C1DB12DC7B97BEA1344DE194,7201
com.cmyksoft.durak,CC274CF4468B1971A2B94197DA75DAF780566AEC3E42AEF3557D0768ECB0226C,313
com.runonetworks.correyseva,9F733C8DB5BB029C088B27679F79E0AF737831735743CF62DC8F0D5934413EED,56
com.isarinteractive.skat.android.ad,A9E5004ED31855A3FEEBFE66FA90B875F2FE73DB0B4320EE3ACBD5A68A15FD1D,5210927
com.mobirix.threeinsolitaire,7AA0D75A0CBD55565C075BEE97A7F6D8CA7008E2BF99463D6ABE316EC8DFD08E,21030401
com.happykhaeng.play,AC3CBCB04CABE5755365104BEDC2DD65188F9B004567D451086ED0BFD0E12B85,1208
net.jeu.solitaire,69ADCB44A54992D235A8A7163BAFABE8E9FE214B1BD6F4D62382B6429911FF6E,183202
com.eryodsoft.android.cards.tarot.lite,A90EF85D42D75D086EED35E6AE3797CB09F799A733B559B440DB4E42BF3EB57F,50000018
com.frigatestudios.durak,7E895304FF347E36C5BD71493362AF6F7EC67162154BC75D0263E73FE6F0EA8C,428
com.mobilityware.spider,7A3464F67FDD5A9EEF30B629D57B650F11756F927A875BC1FF23E65069DC4BFA,3607
com.trivialtechnology.Rummy500D,35916EFC2AE7DDDAB5184A18FDDB89A6010467AE0F5C37D9FE1C22A637D08C25,20522
com.free.solitaire.games,4321E0A0E8112824761371F82B8EB472F5FA304E72983DF427DF473BFA292BC7,32
air.com.youdagames.google.ww.gop2MobileFree,E1BA88780AF3419477977C18AB9F033309D80B7E35F41DFA6616930BBDFC0DF3,3000018
com.kmoontoy.dummyq,636C99858D6E1C12257A19A68D00E5D5EE0C55FB75CB3171C3772F9C5E48B9E1,44
com.gazeus.solitaire,76A59B4832AAE29CF548B79960E53A083ECA0515B666934807C033C08174947D,60
com.blacklight.klondike.patience.solitaire,214D112F8234B035588DB94C0CACC58CBB10B56C808B8E7306D2ED616F5FE281,707
com.relaxingbraintraining.solitairekingdom,C94F299C6C70CB512E964A8132605741B908225B15423371B09204807105AF7B,2017121735
com.mobilityware.MahjongSolitaire,FF4506D43D92DF3E892FC0E7B7691DD9A14FDBB9A5634771BB4244D9C26739A3,818
uk.co.aifactory.heartsfree,C87D01AC169006496C67BBF098DDC52D0D6D51DB4C6A0D788FD795467B6C3421,54
com.blyts.chinchon,58B58ED09EAD2B4DFFA21FD76BA73FFC21F07B8567F2E54FE057B5C47C6E37C2,718
com.cherrylee.tienlen_multiplatformnz,1D31084DF5FE7496D34527CA2C4B6FFC720C18966A7DE79A330834C2D664391E,6
com.Qublix.SolitaireTales,8A8ADC90F0B7F66700138B4F3567B70F0AFAC89E9596FF2A2A9294230941B547,231
com.superprism.allstar,1D410BA241375EE0CE751D656FAED1B5D9A3CC0DF59322E42D28395C538E755A,12
com.tobias.pife,5D767D9D6012E4B438EFE0F855EA5B9825F06AC71C0E7DB8C05D7FC6CAAFC316,49
io.yarsa.games.cardgame,DF5F1F846BDAA288E90D09099DE3589C60FDED2F0760D23CF3C45D3AFAF40D47,76
com.ember.bingoSD,1F58843399DF4E7EBEC65648CDB8024A4AAF9A787DEF998D5E219C05F9FA121B,42
com.spidercard.solitaire,C8AD161782635CA53A1823EB26D078E93891F174E730EB2B6873EB4A10CC4F15,1840
com.viaden.winner,C96D70B0A713E76CC58877A09378334B45910C3BFBF97B24D9545B88D4DDE047,225
air.ru.mail.games.pokerarena,AA1FA1D4728B8C02DBA4EBC769C210E2693EB11A01E2C65A3E0AC6A8A56E0E64,2004082
com.ak.poker,44480BA539BF6B1F409F2CD2DCA5166A2EE0ADF0978C153C8E144484FAD25EBE,38
com.fanellapro.pocketestimation.android,4F4465E0685EE216D1F0969AEF2FA370BA53777A874C01350AD134A23414CF83,54
com.ubisoft.unoplaylink,2147362DF93D19B2F88922BAACDE085CC9963E8EA4B9879170771D22CADE5E37,4
com.jimmyinteractive.speed,943F409953E348D0AC51CEB03BE832E0F564748989CB305EE5492B4FD8548228,500170
com.astarsoftware.hearts,F473005945BDDFDC2C040B0F63FF54AE1E45284CAE503D2B0A27C1705E1B6EE0,105
com.spacegame.solitaire.spider,F52637E7A8DB09139AD7FCEDD429D129BA8111FECBC3B904B6F9A0CE1E956770,28
com.teenpatti.hd.gold.rummy,23832A6B48EF25E7D42651E05C3686662F2C9E5C201257270F64BE15C847E02F,73519
com.kamagames.durak,9ECFB7DBBB0E980DD0B7DBEF7B6F9022438F806E8B207B8EAB8BD0025F173A12,421100
com.bigblueparrot.pokerfriends,D43E10F22044EDD1284C2B0C796020C8047CF785E47211BC67DA84F130B6DE33,44691
com.eryodsoft.android.cards.president.lite,32034A9991EED6A8132393BEB06C7F5964209161EF2CAF731C092A36AD7CB3AE,2020300
com.sozeray.yirmibir,6B1D88870244D436A43C1596E71DD14EF6D7C3256C666082E59EEEE984877471,1617
eu.ganymede.pokerhd,2464A8A894D4522F2EA835D8EA92A38A5F01033DD48E427A196D2E41427CB61B,16112
in.codehound.donkey,B5AE656CD64704C4315C4D72F653BE1CB64B18F6AC23EA7881616EA2EDB26BB4,230
com.redhotlabs.bingo,249B6B8743169B7275ECE5ADDA74B28557E9E53923134D9D59D7B5D93DCDEED3,83
com.siyarcoder.pisti,95C733EB5AE6027AA1FE2E975D0635DF2A72DE03E0E035AA23BFBEA27DCA5EF8,11
com.mobilityware.CastleSolitaire,F4C31C3716DB1A124140252A590BF92DC447039B8FAF353B5A0ED4D089A9DD85,845
mobi.mo61.Werewolf,67D89A09C7FD020F06E3FCB26760090C1D4F9AF62F831973D3D714CAFE61B619,10020003
net.jp.sorairo.daifugovs,44087090D5F2F6DC419C517D78B6D6F9CDE451B6A546AE79A189ED654E7C5CF1,51
io.teslatech.callbreak,61557CA168DED3AFA6CDF920BFD5114849433262001869E904A01B2004143B22,2909
air.com.murka.poker,6DC310F6DBC06067FB6128BC9E610DA6F5BA07A85402330E149A30F7F39F2B74,2035000
com.neowiz.games.sudda,62343F2D28734C61F7B37C6B9DA938777F85F557183C9096FEC5EFAB8B85704D,5300
com.five2.play.tienlen,3EBF3FAE74302226EF080C59BDA25C6041BE916E142B126A142F2C5C6EE6711C,823191215
com.karmangames.freecell,9F2849D380F850323D9BA17E3973B6156826F24BAA28C815AED2D1613BC48131,40017
com.queensgame.spider,DA4A44EF0BC7B330997A90294CBA8F8DDD2FEF9900A4EB404172128368AAD841,110
ir.sinsin.IranianCharBarg,353079A8DBCDEAC8461AD77260B3F57E23778E9A18D9DAEFFD9976B79E5B986A,15037
com.rstgames.game101,2EB6A674CCDA879F579130F62C9B04FDDF205D299E5412FAC26792D62CE16BDD,26
com.smilerlee.klondike,2F578124CF70E8AFB09C91CDD21E741CFB6110BAFD4DC6E10421F08C3F79A166,20
com.mitamagames.otogiprod,7AB5E03885A86149DCAAB9EDFC77B27317355F814E134D2DB73F64DCBBBE8F74,51016
ru.appscraft.cardgamesbundle,C69CD0B05CBA7E2B79CA1E968F242FBDF87FDA182F66AEE6042114608C7ADDEA,50
jp.willent.Daifugo3min,CBB8BD77ACEF4F9F104545B7F4DF98462353A0DA2D057E0865DB25B0E98C69F5,67
com.gamesbypost.cribbageclassic,C6BBE04DFA77131F075365DBD4A51FF32E75A4B19F17E0F727765B4B577CBCCD,7
com.wittygames.rummyking,E902D341A9C17BA3A2E5D4CBA9C52FD692D9B5B14E6718E31426997A4AF84BAD,25
com.zimbronapps.loteria_online,3216B7016E657A6AE14F489603EBAB6D4978D1A15F4E9EA9E7BA0E06E5A567D7,55
net.solitairec.solitaire,AAC9B1DD8E9C80750E8E3D8E9F89F29EA2F7AFCFC764A775E52D22BB3636476D,24
com.mobilityware.PyramidFree,D53ECA866DA1148CA06163F077D77C44676CE745E786C2A283398C48F583A6CE,3117
com.neowiz.games.newmatgoB,5EB0965E62D2B1F42A21239F5CACB7385ED2B0890CF906E4291A0903F6984078,86
com.Qublix.SolitaireAtlantis,6ABFABED4787B57CFAAD6384F5E2A3A71CDC7D9F1B4BDF8451624811A4A3C312,230
com.solitairemaker.solitaire,3D0DDD5D15E78F5AB3B44EAF09263985995CCEBCB380AE594C2C7DA6CBC07FC3,4971
io.yarsa.games.indianrummy,86F33A8B59759FD84591F2928315F884C54FF0AD105FBECA8266C828D10AAED6,30
com.alper.batakhdpro.online,97B9F953B25A58E00CA3F855EB393816B5137BF5EF829099FE69EE2005FC3EB3,54
mobi.masterelem.game,A72B5B593E34A4E4991824FC6F6871F9400A2F7D7D8F9AB8EF3B254068E175A0,676
com.blyts.escoba,6CE7D273946566BD401CB1E53288686532B12187187F7F7206954079967589B7,108
com.eapoker.durak.international,72989AAE32E381B51F1C47938C075F07AE75675AB8AA46E067B4736846BB90AF,77
com.maysalward.trix3alarasi,AF940D57C38AFFFACF3D61685018E080522C3D47C6424CF87AB62523724DAA86,29
com.tljtek.casino,3DE1BC9A1ED4CD69A3F52E49AC2BA64507F82458F6E3858DCE87ECF0784CA95C,67
fr.virtapp.belote,DBEA2EAE26065B11627E9F7E934FF66ACAFA727F3AB29A2445E87290BE21F0E6,48
com.trucovamos.play,A71EC296191A25B0D2E08E921514B989D059EFCCDD85343AC66412D1D2A74960,1306
com.cash.solitaire.vip.lucky,BF5B3BFF3D39A0A4FC6A3A52E1C082202ADF0C5D285808B5E6DCBC125B3DCB11,11
com.cucgames.fruit_coctail,A96D2EDB3123FEE65C73D84917D82C860725CB1419272110069D4E19991CBC0B,15
com.js.callbreak,4648D39CE610E12D3A775E09B7CBC09C82AC4C19C12D256A1C118C8394C96C3A,15
com.cucgames.garage,730B8F1D83A55B9F525644EF95F20DC67D851AF89183AF1E498A0F315E75E5F9,16
gsn.game.pusoy1,8017AA1B09210B97AD772A2F5F4A715C37A223C9C6009F5C47BAA5F791DB82CA,45
com.emadoz.tarneeb,4AD7C9031CC5510C094BF2885500A5ACEAB7F743E6CE3174818C3FF4FDCE2B2A,10201
com.applabs.teendopaanch,FFAF20DF408F17D1907442DB18126AC494DE2696464A7B9FB1C4968D6DD6C27C,15
com.gameloft.android.ANMP.GloftBTHM,B255D065C47DF4CDCE8FF1506928FCD2BC3C404ADFF1833C9E5279A612F3959F,17529
domino.ndroidz.com,52FB0F59F2F65B010A7F26799110DE09F8FE003A2B1997FB3DF022C68917514A,16
com.magmamobile.game.SolitaireCollection,C816503664887818AFCC0FF734BC63506E691AD5BCD63698E3CFA48814A2F484,10
com.recax.mjclub,EB6F2BFC917EA853C37715700631E1BDD87AAB19C901677F3447032CF6117288,201
com.rstgames.poker,788DACB8164CBB14567FBA1AB5BE7EC3D69CDEF163AE6F4A5052C5A6C4299B13,25
com.momostorm.ice,94B5D19A78B8D5CA427483F1D4069879E2106B2EDDF2C5C06908D917F7CB1A7D,35
com.gp.seyw.global,FE11A1BAC377D27F1878CB582A53BEDC225AE3FD8F1FB293D1D5333D2F5C3FA1,39
com.magmamobile.game.SpiderSolitaire,70A3B7731F0E82D6A2D9738D82EBADEF1177536218EF035FAEE13CA0C1E1B7D7,11
com.alper.okey51,72CF81EBA6FF00B49C5929035001511E4AB499AB49F940FEFCE3868F7A8168A7,25
air.com.apkindodorziki.afropnfich,75EE1A047FA8A6B2C7145BB8B68313F2672FA446503A3DAF8FD89C5D5240C35E,3000000
game.com.duraks,77B354806894C8FD79DA1417E01CDE72814BD1FE03EB3EDEC55B80160403FA5D,2
com.zentity.android.prsi.free,7CDD5D0C5398D510D6B155D85FF0E9F800AF2D1257D2B10EE644D3F8A2A9795B,17011901
com.eskyfun.kingdoms,8341BD8E14E29CBDC757023712F064584F4160F88B36BCF3DF4EA1D85CC21C3E,6
me.chester.minitruco,DED658FABDCED22247501333F76275F51EDD732C65DFEAB170B8DBA4FD5D4646,20101
com.superluckycasino.getrich.slots.vegas.android.free,B6F606B54AC1AF5A9F68F4EEAC32CD4D24003B3C067B45A80C0146DFE4370660,117
ginlemon.scratchdemo,A0470A3B6854857DE7192CFE030A235F050C9F962BE4ED7811D40488891C082B,321
com.butterflyfish.dummy,A46A55245BBBD28F7D5FC5FFB91C5070E6BC7164038D009F41A97C3188A23F52,96
com.uplayonline.mytubi,A87ECD9123044895949E38400008AAEA65D329BEA644EE568F1CA816D2F161BB,1607
com.fontec.webtorneios,CBACBD6FE88EE682E5D11603D7D48BDDE32D6E709D33F607F27B0EC489BF32EF,186
com.uitdev.TienLen,F3E42BDEA5227F715FF4620A01173D018040836D5DFEDE71296AC9438878A9F3,11
com.paragisoft.gaple,FD066022FD5C6E54DCCB087584C31B9244E5AFEAAB30EE01105635B4FD87A74A,13
