package,sha256,vercodecom.camelgames.superking,BF5E20202B89F33245DE50FD75CA35C2D9D9D63143F4D8B666E85641B093404B,1425
com.erepubliklabs.warandpeace,3BD166144106F4D0AA0CD1D34AA06A22BF7CC6D59A81CBEC5D03141B4E0E03F1,437
com.bigag.bike.stunt.master,9BAD7B8E3AF69FA474CCE1F860EFBAACFAECD3544ABDDCC12FAADCB0096A639D,2000132
com.gsstudio.futuristic.tourist.river.bus.game,39010CB00D95B56CD0B70AB5CBFCA3FBF4D49B63485B523762A36280822FBC35,532
com.ninjakiwi.bloonstdbattles,2CE9B3AA1B61511E801E8F0ABC972185A064AD793568AEEB5FE3641ADF6C601D,1011627
com.igg.clashoflords2,03E6A48CA104D81BD50BB4B01BCCD904C17DC546DD70A1C66F5740432F908E09,1000323
jp.gree.warofnationsbeta,07AE55146B55A56B8C50C2DE3E4A00A7F08C116EAF1F3943BCCD3583AD67F61D,654
com.more.dayzsurvival.gp,12E31480049371A7A13FC75983228793E6361C3C548B613E4CB0EE58E8A37F91,3504
com.empire.grow.rome,34271CD681B20AB341D12D302C779FF17C75CA7DF7134CBCE59CA159F861DEA7,375
com.igg.clashoflords2tw,21AF077CC76B344AF90A60E3008E7AD268C8BC0078E91651C15466BE88A71FDD,1000373
com.alp.carstunt,0FAA6D7552A6D1C08B27DC8FFEDFB699D371674DFF3166AA13377AD12A911F69,36
net.defensezone3,D0BE720DCB05A9576C41DD4A0ECA19C0316CE45A44D7DF2EEE5E8D22046238BD,221
com.igindis.worldempire2027,D20EFEECD22377EC787AC80CCAB421BED4884F515D90BA35617DD970D09C026F,237
com.lilithgame.roc.gp,72A01F3B2B38911E025B4B8555CD6ADDD548117A2AAA6A35A859EDA176E6BE1D,1005022
com.elex.twd.gp,1543A3E863F807D3C673DF076A71017B390ACA51C7ACD316E640479A60740296,11941
com.ea.game.dungeonkeeper_na,00395330A5BA454F50F92B0FE5F80DB8B77725EDDF4E9F6AE57328905DDFB7CB,256700
io.state.fight,EE5CE209EDA3620F7011EEACA7DD7D54487D05ECBA0A067954B8BBFB328B2A93,38
com.tap4fun.reignofwar,C337A741F473D6DB130D00B4710C40D008C72B53ADC751B5041953AD37768BAB,1457000
com.kingsgroup.sos,D4C7C739941D84B6EF9DEF86C701F5BA7222BA44DCEC4B32B0A247D693DDFA88,1785
com.funplus.kingofavalon,A3F859A689CEFE59F26898365AB8C5A67378FBAD0B9377E825FC34FBA3C3F883,3612
com.topwar.gp,AAF2883AC22C1C281BBB66D16AC9AD4EBCFF2D563E7749B030C5D907DEC79E81,19123995
com.ariel.zanyants,32D76C23039FE23C5F62D7C15C1F1707A5B8EF8AAF6A9DC65164256D1414BA74,230
com.spcomes.stormdefense,FB7CD69AF4D641B8C8FF9A5982E918D379E84EB1EB9C6656472D25A05E51DACF,190
air.com.pixelfederation.seaport.explore.collect.trade,E741E3908CA7525BEF47F988E6C9BB68692257BFCE09629D5823688DA891D28C,1100323
air.com.goodgamestudios.empirefourkingdoms,F3B7CF63191ABC69FA8CDC79A40E77944E3CDDE4CB16166DCCB0E8F3D8A30333,4020035
gl.fx.galaxycontrol,AE83C64B6DBEF7E05B51C9628EB08ACFB3C013B3969DF4AE058E21D36223AD86,347560
com.quantumgames.skyscraper,EF9A0C23DC3A615FD004B8044893B19463A7F2BD17252514E4330FF24E3DA711,79
com.scopely.startrek,00616ED3DF7CDECD61A5A7AC75E5AEC53D7663349E6A3B15897F5D49FC255100,100018966
com.innogames.elvenar,85A08B43688C50ACFD46C2F7F3916B97D03D7D1F1B9AD5C395094543B1F83AF8,1027
com.YoStarEN.Arknights,3C0D8ED96A086E7DAC6B19320625721EFB2087F15FD5F5DB10245E6F462FD9CE,72
com.impp.citytaxi.simulator.driver,53BF06FB8BEFF54B3B9FF85935263598431D4DAE4FEDEC68951D57B73A0CF8A4,105
com.impp.cityair.plane.driver,A400494DE31253B601B8C6CCA030F89A82A2794077BD5D16F98DC5171036CDDA,10006
com.noxgames.shadow.deck.card.ccg,EB16924EBBFE20FD484C3EC1B91F11EB7B4B31D7AA8A8C248862D24BD583B876,1001003
com.xingjoys.zgirls.gp,B34CDF04FE83D5B8455374ADE2BF5E4C6BF7AD50462A4EF0C180BBCB0820A286,34255
com.yottagames.mafiawar,37441A48F17C44B456F45B15D701EAEC67FA516A80B8DB3756C5F4E7BF7791A2,437
com.gamestudio.eraofwar,AACE15EDFD31CCF177711C58FD627278F5DC1B11B281F6C40002E0F88BE71ACF,40
com.topgamesinc.evony,BDA7791084507EA860D0A6A4963CC92A2888DC6F12A450C441477B8E18AD32B0,114727
com.play.io.monster.truck.demolition.derby.crash.stunts,2D8C690D6A39E8B93984CF3222B0EBAFDACB0F97228AA9AF4DBC5AC2B7EC39C5,200058
br.com.tapps.mypizzashop,D10D66D1799E89B9C2D642625A1BDC588AA83EEC8FFBACCB449445E45686AE5E,2031
com.perspectivegames.battle.of.tanks,FF8C819E83B7C40047A2D5D427E6224CD1E53FA214D75BB682EAA57ABC96FCCD,103
com.abuksigun.rpg_prototype,7646023A5419F7FB54D5AEEA7693710FD63E1E1B75D258DC2EADDB721C8E8D58,444
air.com.innogames.grepolis,8AD144B6B3724384D958A7F6AA8C2BC5E6E502A4755303FFB2A8ABBEDA0CE5CD,2248005
com.igindis.europeempire2027,949491D40FB0997E3FDB745018BD88D5B4DF7220C04B105A5EAAC949F74DC26D,271
com.special.warship,BFA417BD5826EE33356A2D5F93B9D740486AC58AFE06FDB4E8D7972C216DFD39,235
com.babilgames.androidstrike,E1562053D9BBED5A746DF5F972AEA6EDDA13F9795507F36F59B7D6A9071CF480,15496
com.pokulan.aliveinshelter,251D5696F1DEC3ED2CAC1DD16D6532E2409F9FD6FEB10BB5BB16121FDADA0662,628
com.pocketgems.android.dragon,8D62385A28E3BB9AD6735B6FD777019824094B68057EC73405E7DD584E89ACE6,625011
air.com.mildright.AncientEmpire,A309390C394C4C981938592C694CDA2716840919F30072B1DAFEC9C5FA9E0923,1002077
com.bytro.callofwar1942,95E2598FD6C5E013889560167F84CCA65E4334AD9A02870F8CA324D3FB553730,119
com.valvesoftware.underlords,728AA41D70BA707773E2011E86AF16B2F3C59EC8C1EA95557DDA298C7FFBF2F6,2000528
com.mugshotgames.digfender,15F33EAADF890C8E2E476DAF84B2D55AF07DF928F5A2D717C619C6C85BE1207E,36
com.tap4fun.kissofwar.googleplay,B9AB804E900FE5A2129C818F35F37936AA7DC2C8500D69B5F5C87AACF4B04FE1,2486
com.supercell.clashofclans,455BF4AC6FA52F561C2E5F352609679CD8245BDCA824C4F44B2BD1CC17CEF122,1397
com.rsgapps.reactor,83D059603443BA0A020AD5A20EB56E72C15EBF511F7D05DEA2EAC6A44EDEEDFB,236
com.joycity.potc,F4E0A806AECFEA8BC5D5213ED16295DB483B24A2E81A3FF30620173B09FA08C7,174
com.savysoda.pixelstarships,9D529468588C69EAEE35F353C3DC2B568BFEF8E3580B9B33A406F60D97F801E9,7598
com.divmob.heroesinfinity,E17584AC8C84A8570E37EFA0B23FE130075DC58310E7C2CFB32427B075546874,372
com.gameloft.android.ANMP.GloftGHHM,1D75BB6B566A58FFD13D594DBDA40241708072AF25519E6E02F1A078F991401A,59120
com.archbears.bs,DA03E27B351299AC20AEA973C12BAE648A6407123DE5C473B9574EECB3E6D50E,343
com.rockbite.deeptown,A0CD8AD4A53D8F20C46E306C426529F66FEBFDAA77A4C0130CEB847AE8CCDE32,329
com.camex.tactical.monster,318B1202533FECC814D1E40BE2276E55F17F34D3C9BC65B36DD8795FF45759AB,203
com.yottagames.gameofmafia,E752B93A3CCAC48EF7E0B0A96A7A8D8BF37F4EEE4C7F7DD1EAAAD2ECF78C5755,205
com.hcg.cok.gp,88000B045426444CF4318462C510CB3990A9A63408D2E19D73B878194B6850D3,2692
air.com.innogames.staemme,3C80E01FE295BAF68A103D9D256C7B5CA1ACAD2F3B9092739CB4B07F2A9A8DA0,3000104
com.g5e.smmpg.android,A24D01AFBB70D8A99516C53DA58F222E8E05E383447973D5C767EEA9933A5E89,92
com.aegisinteractive.goo,4D1FE3983ABB65A9BC55D7E1C79FBD5A3DBE6075E58C3CE7F4FADCDC8077F57D,40313870
es.socialpoint.MonsterLegends,33AB95E32EAB97ED284FE67974F3224EAA07BE341AACCFA02DFC6EF1ADC38751,1804984857
com.yottagames.stoneage,1744A1C101CF3A45A1D465763D89ED06E3981FE6B1D3A819439C38386BCDF7DE,615
com.game168.gameofmafia,60D55954700057CF2D3142CB9A25F53D2389B1EC3DE8DCBA3D8DB2929EBCAB1D,437
com.togglegear.game.hexonia,013AFE2C5D3D973A7245F92DB9A2793C718B4CD1439858E0DAE868D878071924,10136
com.tap4fun.ape.gplay,5E102D7D6CB1895B80D6AE26CF05EF127748585A6665B9B68AC4815599F4FDA5,7224
com.hts.ams,7008A2EAD2E8653290E64F4A468CC5AFE7E8F17D617D60A3797866A91E110B49,2230
com.innogames.foeandroid,4E0FB6559FF06D7E9D6CA0BDC7C97EDB4BDEDEA03C44B12B69F4EC676D778AFC,755
com.melesta.toydefense3,270B7E2CF9B9E6BFEDCA592F2D6887A4C8C64ADC3919F9C44104E020BF1BD24B,220105
com.pixio.google.mtd,3437DB15B9455B4926D994D8153C8827A71C9C95B27C2E03AC870470F0F90B0C,149
com.igg.castleclash_fr,1FED39D5B94E933BEBFFC7BAE9B5A5345202343C24886CFF2BCF87F3AA948358,1800900
com.joycity.oceansandempires,74A0FFE7D9001C9FE254AF462FD8F5DF5476D8F0D91E7E6FDC1EA4048C4993DC,200134
com.zynga.empires2,B4CBEA2C0E7C69B1E9146E65863D2DEE913C3B88E24BA73F013C8EA5E55A0E81,1586292
com.longtech.lastwars.gp,50927AEC399150A3D76AD855B2E41B29719B43E3D3784A99CDC4F8209ED15579,2422462
com.zitga.empire.warriors.td,598DCD7A24A7FFDB7C297BE4D4614B45FB110AFE2339DBCE2990C683E312C6FA,263
com.and.wareternal,07EC1D5F3D6FDDE5DCF7096880E505C7A6DA63F0CCD6592F4069DE745CB1AA21,123
com.sparklingsociety.cityisland4sd,9DCEEB11863EF683B8A5DB9885EAD87B703FC828CCD40E717E81E149ABFF42BB,46626
com.gameswing.impossibletracks.stuntdriving.simulator2,8DB171626F36C835FF8602713D5929743D15FD754152313ECB3881F95EAB63D7,39
com.xyrality.lkclient,CCB82B0022C15E09F8417F81706557ADBEF4E67CEB96AC42F5ADBE431FAD9EF4,295
com.babil.androidpanzer,83E864EE2AE4E4A6CC4DDEFFEB03E48BCB037841FD7EC137A961F9C4965749FB,15496
com.tap4fun.invasion_zombie.gplay,8B4B64363852454083C7E6C15D2A8B0E7DE8CF2781E4BEBDDB1512EA8C1F44FF,403
com.camelgames.aoz,D3EF44D6947F228AC435A257AE14EEB792D9674101C59CBBF9B9F2BF19165C27,1265
com.dragonplus.cookingfrenzy,E7655A3F2DECF4C1A51D1B4C6982833BD5212745318321EE608F835B01A405CE,64
com.xtreme.paktruckdriver,3F558DC8E30C7B37023F4EE6CA05E9B9B980C6E6F5E9D860D765AF7D63E3A22F,41
com.fivecraft.digga,4DDF7E4A8087642B3828F39696752C3592232F0628C830BE820D5E0A54588F7F,275
com.netmarble.war,700A55121870AF9AE35462972593BF5D6580A4B27C91393C4B258C1769488A53,80
com.hotheadgames.google.free.bops,079CE45AE289CF9E75EA54D56DCC7B517D17DD745CDC79BE07F661B043472E05,310607001
com.prineside.tdi2,278B9285A0796C72B4F5EFBDBCD1AB6C38FE1FB76006CC54A23FACBF78A52681,1175
com.joynow.strategy.ww2,8F5293E9FF4B691BA894020F678D60755760E1227E0E9D3998D3334F34DCC77A,297
com.maxgames.stickwarlegacy,938548334B974C7810F840B687FAF4896DE0BDDD2E1E0D0A5C2AFD3638360D89,20210162
com.ladik.modern.warfare.world.war,0A8B348E4BB241547C57FC95F5B4052A88FEDA2B014ABFB1F3379B910A2EEFB2,37
com.pixelfederation.ts2,5CD6C2883F501394A25064240676620CA12CAF79281AB4F154C21504F7F093A5,2928
com.snkplaymore.android014,D94E7FBFCA1C4BCEA0969AE20CF600F1CEB0BD1CEE9856888ECB246EC460630E,618
com.DargomStudio.GunboundM.Global,0C95AFAE0E8DB68B09654B2D6E6674C0B5B99F68E18BD1EF7E7A3580A1B9AE45,434
com.zeptolab.thieves.google,8E533ADC8290907E3CDAAF27EE084960FED310A9FDEE72AF696E2AC967FCE1FA,4145387
com.igg.castleclash_kr,020A7BFDBE31B93C7A147C0999AED03AFC79C3621F991E38F067742892F3C142,1800500
com.percent.royaldice,49B63BCBFCAE07B559EED96E28444ACDAC71F13161CC8F0C333AF47F87CB2E26,6600
com.herocraft.spacewolf,CF68770368A3662C198340913E7BEF60C6C16CDB3CE96EF47BE197E4100AF40A,81925
fi.bongames.transitking,79C276D0C4E694B56E84D5D2A531AE4C1E4D52B68F7A54B3F8BA484FDC7C6175,361
com.zv.modern.car.parking.simulator,D28AEFC62D05FCF3EE3C80B87747E46A1193D3FDFC4E898EC67B5B30A75D5AAF,104
com.hikergames.caravanwar,BA7876B0428290D6FC78022EB33BD9D3DC5D149B3A3F4F061C59FF8F29D2310B,166
com.HomeNetGames.ZombieDefense,5D0F91ACB629847841271A49CD974CE5E73A9270CE6178D36E0C1AC254CEA0B4,1284
com.spx.ing004.google.s0,02198BBAE88D7E295B404EE3DE98C6F064B40221D04FEB5F67E82DDF8FD1311A,200
com.global.ztmslg,3E32011C7AE6637162B82C22B9A49318664D2A5E4B7AC2B0B966338DA32C642B,73
com.ftt.sevenguardians.gl.global,B62E6F41B5A63482929A97E7D21E63801F20BD7C985949B7921A7EAC220E2F55,12780
com.gs360.cover.sniper.shooter.impossible.missions.army.military.shooting.games,1092807F3F3FCDBFA102F2DBB9D1618DB932DBF776E080C5E3A63F79EB27024F,20
com.igg.android.lordsmobile,AA08DB599BA37CD7148A3024090EA3203B937E43710E7DF2CD137ACB09BADB96,386
com.eRepublikLabs.AgeOfLords,02403A7701453E0537A817AB1A57B86CB1DFF2E490C7ABEF20D06D10A0D58058,181
com.addictive.strategy.army,270FAE37ABAF0C4408C6890DE9163DBFC50B098B27396B8121B793604AFA2560,4990
com.fenix.newlegacy,E715599A96A051404FD5C2D7AF685091B76B05CB787ECA081D7EE7E5564C2C0F,106
com.kixeye.vegaconflict,08A69BEB950B34BDC8445A7AEDB0F07C110773870D8F4CDF5B7405EFE39F6042,8134403
com.feelingtouch.dipan.slggameglobal,95A2DF41B68C63C378CC0EAA8D75E8FA8ECC756A259665D01541A8A4D5CDAE66,56
com.quarterborrowresult.customer,BFDDDD9FA833B48E9C46E15D186B3AE54CB3DBF0398E94599A1AB6C7DA69AB4C,82
com.igg.android.clashoflords2it,562CDE36DE95A140074C8CF036B6CEFA9A0197DFD76DF77EF4E9C3A3389D25A0,1000205
net.mantisshrimp.warlords,CE1FB91C72D8FDB4FBAA39C3F0A5BA3273E78E75240C500D05067C147E07C22C,67962
com.tap4fun.callofsparta,EE4EBF13230DB57399A68BE4A1C84B37755D6ADC7278853BCF910C344748C6BF,424
com.kocogames.wartroops,F26EA9E944EF2CCE345778DD7E7C0B069E0D5617562D7624099FA043411DC2E5,79
com.st.mountain.tourist.bus.hill.climb.sim,EBFE2DC56FC9548D64E02506891C2C0F1486994B982ED82F1E2C8331CC8973DC,30
com.igg.android.castleclasharb,19EBDEB71A3AC2ED36A7D1CFED00B8193905B9A2AA56BB62BACA00034DEA3483,1700500
com.geewa.smashingfour,072753CA6F8AF4671A1F8BB93C158B484A27A9AAC274684039F921ABE251B4CF,7844
com.sopt.mafia42.client,092D90A8907B807FA1380D275FA29BCFA7DA4CD3C347128A38F786B13BF01101,4888
com.catstudio.littlesoldiers,F036049E177C5AA9445E72D65CCACBBDD74914AA0F6E608A4965E3453F2AE560,93
com.jedigames.p20.googleplay,02B45AC39AA2000ABC6929541B370FA057BA745151AD9495983D4D709E6E9ECB,1557483850
com.plarium.vikings,8521A892CE9EBD785D4A1EA1F34280DEBDE969566016313EF8E284AE19A91DEB,1552001604
heroes.battle.strategy.card.game,9427B62A53FE7C2226F10DC1F6CF26E79EC026EC359378F5C2CB51F405B0C85E,1700013
com.miragine.MiragineWar,5F6E6A2A331888CD99A9E4AE84506EDC68BCAD2E3BBE27D265026A2EA79D73A8,730
com.leme.coe,C5A8A6D4461B97C0916C128BE162DB0B533F33D937FDD5395DB98916DB791305,130
com.GCenter.Defense.Legend3,7F745E326B990B932AFFF0EB7F4FD02F74050C9E6BA1627E047006AAA0219C43,162
com.riotgames.mobile.leagueconnect,5F0FA62324634302AD32C98907D80D4851026AAFB04B4D9A72F008F1DA2316E3,2001004
com.JESoftware.LastHopeTD,907F93E0B34C9219D04D16371F1BDB038470D467054DD5C8799ACEF31E85CB93,147
com.GGDS.idle.medieval.tycoon,0D6BD05DEA09A957B4E7DCEB562682A5C4B37FC36B701E37ADFAEBD3B5B48CA4,2020258010
com.superevilmegacorp.game,64653322DA264A56BE54B46B2898D4316C37E883B23B7F4D5260AA302A0C5C95,107756
com.zts.ageofstrategy,6541E11D06042F2A0B7CD72B33D6958DC85F15EAE70AA72A4A1DA773804E8737,279
com.zillionwhales.mushroomwars2,736243447D7E1459258FCF3F08AC709091DC4F51D6ABBE660FCA777EFF551DEC,1632488603
com.fridaysgames.godsandglory,17298B5F2E37319373400EBCA963645AD3CCC737583B60778665722251137951,15803
com.ninjakiwi.bftg,D02F63B997A024AF9A2C5362043F92AC25AA9E9C74FDFD6EF565C4B70F475B6A,420200
com.igg.castleclash_jp,56C11446EFAE19CEAE03EAF59E6B22400C500827B4F82490AB83E0C55A799378,1800400
com.elex.coq.gp,FF45D8A738D117D55CFD752513ED8F78746DF86CEF494055E8D40FAB46489A83,29020
com.igg.android.conquerors,4B4C6C5B3CB0B1772CFF9D671CBF93DF9A1EFB71F2F906BA44621A157B068596,4000200
and.onemt.war.ar,2058FC0050AC5EFEE87D9BCA1C6156EA3059C6FE303524804EFD7BDF0605CF0A,192
com.elex.twdsaw.gp,1722EFAAE6416A181AA38CB47500B415203B8495EB577CF641177E01BE0BC88D,11205
com.igg.castleclash_it,7C800E8241B3AD6B7736713C008B0112B64F49A4B01CE9DC5BED9414D2E66D81,1800300
com.tap4fun.brutalage_test,0A15E9FA2DC90437C1114B3EF2717689E53D6622E1E832B384222D74B6659918,10211
com.diandian.gog,0517CA6E27AC9E0AC0830C470A526193D53AE0B7471C08276E8529E89089D7AE,2513
com.play.io.us.police.dog.airport.crime.simulator.chase,8CB97ECE3F385855920EB35437327572BB5CA223A666676F0EE8695F84424D46,200032
com.senspark.stickwar,5BBB79F2E3A15E9733DF7D04F03D1537D5435AE911B2EA56994C139F18241D2B,150
com.babeltimeus.legendstd,C16DB22FA518A62229E66FAC7599F79F17534BB7C908BEBD240B827AFCA2908A,24000020
com.igg.castleclash,4005EFDBCAE2C89EC6D26A4DD39F6F6F4A203975E3DB5F883EBB3E26D93971D1,1900500
com.vg.shipsofbattleageofpirates,2DA5D535FA523293B8E05E6A701719D0A67D619930D287D77CE2BFC5F3662BED,21274
com.mikems.artillerists,0389DA14F542305EABD8C8CDC7EA2E4EB859429D03C29CBDBF051321A58392BD,111022
com.star.union.planetant,FF56B6FF9748E4545C8E9242396C91FDED4B665C27DC41F03DA9BC0A708356BF,1632901584
com.igg.castleclash_tr,055E69C8BE507BB7C7CBCC0295D8C34655DFDE6F670D955912854E9038807C3B,1800100
com.igg.clashoflords2_fr,C470AF0765E6985406D57A09F732B08F00E48C3A21B8B381D69AB7E2D19E99CD,1000218
com.herocraft.game.free.armorage,81A2A28CE07380AF0CC994592A6FB7AD4E3EBC58990844C95FE5A52FE6D62B84,119312
com.impp.motorbike.megaramp.jump,7CB6EB2F78BDE152EE4B61A5884FCB47E0EB628EBC95ADB3A3E5EE0B9A8C8CE4,61
com.mobirix.towerking,17855AF7141875EE9B405CC36AFE236DCB795F4590A5FBE1567799423CB20EC5,20121400
com.sevenpirates.infinitywar,289FD5FBBBFF1DEEA6085FE4A9320853269C31DCFEEB19D246864E82F0239843,328
com.chargedmonkey.whatthehen,D10D51934B86247DA393A32FBDE743B3946CA9C6081FE4B2D101DAF705350D6B,630
leyi.westgame,70A921113ECEBD6ECC49FC8DA0574D16ED3E2F5E24C6EC8A2386184348EC2F2B,64
com.gs360.counter.terrorist.shooting.games,2BA090E6A055CFEFE94141CCC63064BBACEE3DEE55CCF3E029C13E2C4792CA86,8
org.imperiaonline.android.v6,F161B44662B16296BD70D9DD8F0778F0EFB0AEB363AD4287EDB738BB0392E1CA,30214000
com.us.army.transport.truck,040D2039B93347DC7A3F64950B5608BA5BB8AA4D9E6CB3492E2534C8D382C0E8,24
com.easytech.wc4.android,4D9540FA66AC0D8080ED18A40C18AAF54E9BF2FF5F57A1FF0521FA6573674BB6,43
com.erepubliklabs.worldatwar,A29BBB594EE0E99BC6A95BB63F21604BB508B776144ECE31B0843B3FAB1E0924,318
com.generagames.soccer.royale.football.pvp.online,0BC08BB62A4F13646B8D015804D3425BEDE6F12A68081057FD262635229B6B62,2019991760
com.nexonm.dominations.adk,82FC055BED7E4C76856B93BE6F0F5483F38678208948B2DCFD3F5027C05DA590,2337
com.magmon.cartooncraft,3BE05B8E93BF560ABD42D40AB66055E7153BE2FBFF3CC077D17DA431D1A60A73,108
com.gamad.shipgamessimulator,4637682AA9408362ACA3169BE2D904C451A68AD53FC5963A742705D2AA9909F9,55
com.igg.castleclash_tw,0F7550A8BF7DD895F6FB612A28969605D9F9E7F149076EE4DF5340A1CCD84C9D,2100610
com.kingsgroup.ww2,A044F19CA5F74CFDC79D0EBC4A9DDDD90670486B1B33C9F67ED00B8DB0713125,785
com.frogmind.badlandbrawl,4ED6A074787FFEDDE08D9FDE40F520B8F614686A4CAA11891A270B4D297BEA30,710291002
br.com.tapps.vloggergoviral,EC79713F4F990EE5AE5E6B433273493C6CB715E51BC2B5A1B87AB249835AF337,232
com.my.might.glory.fantasy.strategy,C43EC2158995EF5719BA2BA93657213F68478BF1659FBF49D4C44091E52F0C4B,82
com.igg.castleclash_id,06F745D2353F02623A596451F439A7FC6818449FBE1F55AA0E2179681C9EAA3C,18004000
com.bosphorus.dungeon.archer.run,1C1FA694938F4EA1424BEB3D613EF89C3923D9D93FD74D73717C96EFDFB38760,17
com.hz.game.ld2,CD6262953FE7555988932E7F9B0270BB53FFE7201FB416B9FF908D3B3BAE990C,8
com.igg.android.castleclashvn,581E52FCA3E626AE641C8A029500C368D28A46DC43932C42B2D3CB99EDFC8CD6,1600210
com.addictive.empire.clash.conquest,334802176E3F34B485B49EDDCEC35427F1AF4B5656917D2AE14DD58D05900C7E,2700
com.brokendiamond.advance.car.parking.driving.school,A62CBA238F0FDC3C9B58EAB9E3292F23D964C434CD9A13E140692236CD4AB258,31
com.kixeye.wcm,15178E7EE7A9DC56BAD8B32E7875EDCABA6290D195390A1EA33FECC87800EE1A,346090
com.hg.sweetdessert.bakingfun.donutmaking,83275073EB59686ECE1DB94CD1C245345EA5B1736C5C4A0E818927FE9F6908E2,28
com.plarium.stormfallrob,7CF10F904EF8B62634FED1DEA6C8B8803C1169E3719084135B04570C999BD595,321702051
com.dragonest.autochess.google,3923337B2AC9C6B2BD294626F726850B02689F1488DFBF7974133CCAA5D06042,9215
com.socialquantum.acityint,AD3E510957B35E4D4AF70715B0B300C1A0EF3EC98F2C3EC3D9CC1AB41414E288,38348
com.ea.game.pvzfree_row,24BAA94028002AE1F25DEC82DF154FD9E8DA9F83D2438D275A485E035AA23900,142
com.igg.castleclash_ru,1A0F5B13DE143E901D59B9215414F86350F46691FD791D2927BAD6E08F7FB878,1800600
com.com2us.lostcenturia.android.google.global.normal,8DBD0138E64C789A162C4465C6C88A7B31F4E67CB3FE6B72AC12E56F307B0436,457
br.com.tapps.bidwars2,34B532E06A929491CA73B257B8BEC9EA557DC55F6D8E71361F1DB8FD0C7D93DB,232
com.playsidestudios.animal,990D0D73BBEEB281FD7FD81949B80B94C6F90FFA1335015ADDA3381A27A869F1,200227
com.gameforge.xmobile.war,4CF829F7B98922F992A9DAF9EA38780A5BAAD5281506A10796938BDEB47EFE47,80125
com.hcg.ctw.gp,7F1136E1C695913287DD6FBCD3455BCF5A3E5C47C9E53E017C400809061E698E,1625
air.com.badviking.BadEggsOnline2,BB08571A346E44CA2EEDD2158A915A724EA065A46BE20F8A4FB62A4A7E806262,1004008
com.impp.truck.simulator.rescueexcavator,C2B28626F4867826488279F5DAFA8E0623899BF662B7D41C68B0D63A1FE1059F,103
com.trinitigame.android.miniwarriors,164F8F6539E1B372C107B61FE56868D426D6B81CD11021E22BE617D0C3D2E5FF,105
com.sgs.emhq.android,2BBC6773CF082E4A8CA1F0E7F525AD3875CB16185212D09C0642FCE07EEE5227,29146
com.camelgames.ig,0DA7ABED195EFF068A460853822B14495CD743407C2527BC4F4F47162A1EED06,182
com.mandrillvr.AncientBattleioV3,4930A076A822011F0301F91A3D3171CF667E42EDB1CC0E4A1F894ABE4A112FEA,163
com.nival.pwdefenders2,E31284C988B7D7197C67FE64AD82B452246EE9EC13CABBFBBBB4B9C5B8185613,232310
com.backflipstudios.transformersearthwars,705E0E49D8778AD275C7829A4CD0124EBF9EFEFF3692E8911DE3566E42C15727,1915210567
com.machinezone.gow,3B5C68B6A2FBF0A3C99C85B1CC8D09BD30348B8967E6C1A65E1131141EA7BDD1,18333
br.com.tapps.chefrescue,F1ACF7FA24E395F6A2B161CDD412E78569197362FEDBE2919E307F0C7F5B78C3,302
com.perblue.disneyheroes,25B740287BAB5443A8F6677FFAC60979E375A2F9889A04327E85E5D07F9ED629,5529856
com.igg.android.mobileroyale,61CCCD494953E844223A28B77AE4DBF01DB962101ADB3F0DAB7D6C9137529E2E,1031000
com.givvy,DDFC2731286FAD00C73EF76EBA9F50815D360CB3EC1A5B1B50B039AD19C71B37,194
com.panoramik.autochess,341D59365F919C2241AEA7ED0B0F3B8311C60F3C1F438CF618D3F59DAB9128FD,16330081
com.igg.android.clashoflords2tr,3B5278D050DDDDA1608222F552844E977B99121E1F5ECC3B9D506BA9905B2225,1000202
com.megaadsgames.trojanwar,B791A91B3017CC2A7F0E66E7CB8BAA53872D3BE11EEE80283C1B49E5C76319F2,235
com.kabam.doamobile,99913F4278948DF4AA952C3388A116370A758A20E2424CD4688B1DFD3FDB36A7,11200014
com.im30.ROE.gp,59A9CAE45902FA816CE3E95D6262B9F75D958C05BA6BC60141EF491B6817F467,101286
com.ubisoft.dragonfire,11F470AABF874CD12DEBFCD464360C2096D2F6C8EFE50D5A5BF7B21875B45B9E,239
leyi.blazeofbattle,730DADD063C68871A7E24BC1A5F79758AF67AFC09F15B0B18E7B1EF36D03459B,217
com.igg.clashoflords2_ru,E989C315660CDC67C33E7E3A624EFF54C26C633AF72C395C5EAC6098D11BCCE4,1000270
com.igg.android.clashoflords2es,8EC768D480FFCCBF44C40DA52EEA31F0B6E7C54A057920112D1DC25F6061F857,1000211
com.res.hard.truck.parking,F12B9C3A51DA5E8B840DC6C749F29755F1E3DBFCD1831D9A82344AB0F024043B,72
com.mobilewaronline.wwr,D81B0F01A59EA6332D949752DA2362B64839E56C2BF91C6AFDA09A8C630349A3,16575
com.outplayentertainment.castlecreepstd,B9779D733F1F3E647CA07C2BD1121F90121B12F40E635785B834F6CF29F80F3C,1596113729
com.ftxgames.narcos,812A014904832B2203E325F0A2FBE02D9A3ABD98462FFE0C2F56AAD30BACDCDF,14323
and.onemt.war.en,96EBFF8F4B20065E05DEA2927035E345AAB49A1A6498E49A95EAFB7E39876B2C,176
com.herocraft.game.free.spaceshipbattles,C349F07FFA796E2994443230FAEA83A544E7746B12607F7B7D2F7668A6DA7449,21601
com.epicwaronline.ms,3760D21DBA6CFEE97DD100645F8DA7552B2396589D90061CF457E3770215303E,18195
com.simutronics.b17,B8CEAC24097C89A1CFF787C8179831B066E7CD04D4AB53D33A6AB20289896791,115117
com.sandstormi.bloodhonor,ACF98DCD8A16B4B920671E94034C1C911F05ACBA36C37AF7E4972178D0E2A222,300138
com.shanggame.shtm,1957A939F0AD0BCFDBB8295802D3CBA746F050346E7AE08A8B2B7D9533E3DFC5,20200
br.com.tapps.toilettime,0DA661DFB11D8A04643BD43A5345F14643448F76FDF8D33785E875D590294278,2345
com.bunchgames.gt.car.racing,6A5BCF3F4E0A1B567CD4F094A42AB904800ADBA0D9AB21B1F4EFF99B569BC958,71
com.supercell.clashroyale,1286D6C141D21C231E623E083F425824B31178001530DD3D4A733BB2EC97B7AC,511
com.VS.SteelAndFlesh2,06E631BD12C583B3E028546288F146628B1221E14A15776CD3F2C0F813AB71C7,32
com.ea.game.dungeonkeeper_row,06EA0ACC21D2446BE163FB9DC0227DA1380B39E87515365DF4C048D4CE7C41EA,256700
com.xigmagames.thebonfireFL,096E05F5BDD1DC5B77A92CBD2DF44109409C8F85F96621477A7EB1C4ACEC8015,73
com.stgl.global,B716CA46B79BD3EA0552B76A11FE264B990E4234A80D1CD7A0D60338EFFA077F,316
com.joycity.gw,BA0E8C38551F5A5D58D67E91FEAFCEF47A4BB8522DC55604218997A1AEF69B0C,4307
com.oxiwyle.modernage,FAD236B20FCDEF253BCF8955C553A2A3BB3F0F539B7AA363F5202C1103D71353,96
com.absolutist.skyclash,072C01442FFF0E7876C77BD9B111A3EB13279D649371DE32A6A9F916CD884DE2,5320
ru.crazypanda.MMOStrategy,70E1E1A04441C3FE78DBD7C532521046A6C7E75A98F16F5FD3181864D4B5BE98,203376
com.joycity.cfwz,971F31A2AF5350325FB7A3BEE9815389878C764AB7F6E86144DE2DE86B99B22A,195
com.igg.castleclash_de,1739C5F55A70853885DBB1FE9307D1E6DFC5518F7E3F2FF795F03225FA3B997D,1800500
com.igg.clash_of_lords,B6F3BA22CC3F9824FC9C12436C5F6D999F86C455086598017B1218CDE0E881A3,1000478
com.orcacorp.wargame,233F3DA01FF9D244D26D694A797701D817BEFA306F2C2AF45B3D0D2876A848AC,1001
com.flying.car.robot.transformation.extreme.car.driving.games,6B2094D779F1BF743258F34FB4B4D7BDF40DD2F272454C57899294E14397EDE3,27
com.appcross.lom,51D565511096FC56B62E4AB316E7CB77A84F3847C5BB294DF87C1CC13BB027A8,65
com.flamingogames.gok,E432FBA55FD0F8A5F1F1623939821B9EBFE33B0C1299C6E7737D2BB0F82B2A92,230
com.spartonix.spartania,733A35F27BFB1B095081AAB49190007C5943F1A9907BC7A66C03B80F3D962E31,227
com.plarium.throne,D263E73BD4CD9B6D34858EC6A6224A8FCA88E4C4E791C6EA41426FCBA2CE60AD,255130714
com.gameloft.android.ANMP.GloftMTHM,A1DCF22C7D4C369E7910C8637C043BA5B43D0A4F9653D5249FFC25E7D1098546,34025
com.nextgames.android.twd,3941B9AF47B7380C7E033B71673A652991948301EF0EDFBB3093FF4161560413,67469553
com.outerminds.pixelings,75064CD419E14A0638B4D4AE0C2872B8388F1D327ABE1F5D2898C3EDABAE8D32,200119
com.smartfunapps.crazydiner,DC370A177653C5A4DD1504563AC84AE951ABA781B6CA5DF28AA3D6DE8D778AD1,26
com.TopWinGames.ExtremeBikeStuntRacing.MegaRampJump,B68B5914956B3408A9ECFB068AE90292951C19D9599F5DF5B91F2EA66D9B84FC,60
com.jima.modern.tuktuk.auto.rickshaw.driving.game.simulator,32BF59F7314224A2CC98C58537F1C3F4D6CF1600CC357E3AFA4D200D4832B268,31
net.hexage.robotek.hd,36421DEBDCACCBA09147B7D513FBB969D27756890CD80A7490DFDD718493EB99,221004
com.dinogo.catarmy,46A951359E476A4B789440D273F2A7203DBA786476822C1542C317DBE06121DB,90
com.tap4fun.kings_empire,7C9FF625796F191E5656E0BC7FE9D1ED96C7A060373E6BE16EA527EFBF2658B1,2581
com.wondergames.warpath.gp,6812C226AAF1D6BF6B592E296B4C7CBBDAD1A0AF3879C00DF2C6FC9254649D0A,62
com.ironhidegames.android.kingdomrush,D1BB4223033423C24BBEE09147A10DE2F28CA26B662A969554EA5FBCC4FC627E,1880005311
com.vg.tanksofbattleworldwar2,08587575ADED8C35F61CE5ED124453531B461907440CA625B40D99A6140E11A0,32
skydragon.honorofkings,9C685DF2D4CFA4C8C87402EA9DB8EDFD938D1EE7CFABA3F7B709B1081015E70D,200441
org.ovh.SpaceSTG3,7F3DA4552693E8FE115ECAF504508C1A29AFA25424A44BDC28545B42B156BDC4,70000446
com.mobirate.DeadAheadTactics,B83A12775787C6C37408304708E95AA81DDEAB6FB205F1C07F47D546F9B45070,294
br.com.tapps.myvirtualpetshop,2EF16D3FA0D9E861BA52C9B15E352DC519F63E91A359426DFF3C2747F24F3ED1,2072
com.gpg.emojicraft,C1EF10FA02FECCE50B63C85460B545A2C5CC7E0CD9786C08AF474B2D84D8950D,121
com.gameloft.android.ANMP.GloftW2HM,8D2F8D1AE73593527795526A777316661838EA53D8DEF645C3759AC764A3A462,40222
com.goldenguns.army.car.stunts.racing.ramp.car.stunt.impossibletracks,4468F1C58DB7351C865B207C73784F4D3C1DA9EB5D8080989ACEF943BE393987,25
com.vividgames.idle.fish.aquarium.ocean,591B479F8E63C7CCBECD6B4710BF394EB1363461326090A968FA77613B76F6A9,49
com.TibetanLiss.pd3,0948E175E66C72830BD945181C96A0AF5C27ECF96BD19E0994DB5D643A758B5C,10310
com.easytech.wc3,D2996E3174CADEB3B9B339CDB1AAFD8CC9DED3A851ED1137CA4A874214598A6B,24
com.hktd.az.fklzjp,247DEE4C2116DC8F3195B65D34A543DDBCF1C8C66B6049747291605E42A94DA8,47
air.com.midjiwan.polytopia,3FCB740884F00C4C24B808EB1EA707BCBBB4C2BFCA629016C89138306776BD46,2005719
android.uniwar,5FC0E164FB87B6DC03BFEC41293C9B78F24DCED30C389A6727F9584C56A94550,118038
com.ztgame.yyzy,5E32A190130B25BB21EC7C82DD321A9C565A92915D497768492121F6694CC386,165
com.Zonmob.TowerDefense,7781019B98D77CABCD0C8967E83FFCB12CBA096DBB9B65DDF069A87536D7359D,47
com.TGP.FlyingRobotGame.SuperheroIronRobotFighting,F1E13582213526E8D7A7ABF04285AD6287C04D9248D37BA8C5C07E52311267C2,35
com.and.games505.battleislands,0A47FAF9037C5B40F85A5357653DBE5826D28F33A8BCDF5D6A168040D08B7870,217
com.webgames.lust,ADC19D060F6F6C39845310E62EF650E78C6A1BA50FB46464591DA918C8E4F031,989
jp.co.crooz.AppDropAssault,0AC04CDCBF4D1A2EA7FD20BBF2DDB21C5DE503E322D517FE7485D28C65E4E6E9,24340
com.irlteam.DrawArmy,74B472D27236AD887A69D7C451E935DD9BCD6BD4BD3B5FCA4EDF05B9A9F9DDFB,22
air.com.pixelstudio8.venom.angry.crash.rush.io.online,A8B0E382FB20E62F30B90465B3667837A08B7AF9A4534ACE80C2120B737DF8B7,1001008
com.riotgames.league.teamfighttactics,D5B335EF30B81394030313304EC2247FAFD9AC7EBFF6BA215533B5E30248BBB5,4007328
com.GCenter.Defense.Legend2,AC661D21C046B19D1FEA6B32FEAC1EB0D2E0D35DBAA35E6A983694783FB12C5C,113
com.gamefirst.free.strategy.god.simulator,7B7F56DE9D5CFE07C277869E909103EC6A1DF2103DEA5215AAF7813956C652D9,78
com.catstudio.littlesoldiers2,0B8433EB365BF178C57AA1E0894EC16C0311094076B1DAF84111BC8E9FF6C4AC,78
com.camelgames.fantasyland,A7009996687535E57EF0EFE6CB3F2F77917FEE12597BCE8C46C9CACA029A233B,250
com.naomicsoft.herowarsdefense,F5FA6FF3F32DC71DFA5A8C8D80CFB8C8196FF12C37DDFB6F75DBE632F69DC41A,1119
com.generagames.gladiatorheroes,295A6B842C4AA732B12FC47E99034685DC0F8D103F89C3950683580698422DF9,360
com.zenstudios.castlestorm,AF2F4E5D86E2F12C8191D0746C957B9C67F162ECD09322DAA59905A944ED0AD5,78
com.gameloft.android.ANMP.GloftHOHM,0C89970E81CB8CA5FC42EA833516C27541F5C7B0308D053951958309BB3FB234,36523
com.my.irondesert,F96B4210FB042573FEE6ABC61E74B764D125642FBCDDC02C3DCC19DC30EC7C7B,148
com.netease.g78na.gb,5F669980D655AC45949F26781554444F1A5FDEB5402780A499CCFBE0EAF1311C,226
com.tricksterarts.hackers,66AC588B3D16BD20F954A4AC4F31E049D75968958848CAB20761A5EDA85ED06B,122001
com.jockeygames.rampcar.stuntsfree.impossibletracks.stuntdriving.mega.car,F24C43DB134A4D21DC31ED690ACC117B7B16644D96BD72BAF792C6D37B5EC8E5,20
com.nordeus.heroic,8A044FF8D135A4179B274B8CCDE18A37CC124BB8245A9520F0A4EB08B8790815,201570
com.droidhang.cd2,3AE15C9003A859673362D0ACB74498E3865BF041FE2682931F97F086DFFA384D,65
com.stereo7games.syndicate,5F778B2D24F7D317AFD77A230F9FD21925CBDFAE37D92FE8A60F4820D9977A78,75
com.illumix.fnafar,9EB803015AEC92D7068EFF05B66DCC16EABF310B11D60E66897F0C91C0234AA6,4039
cooking.crush.cooking.talent,8F7DBC48FEE36E9459093BE0F53AC26EF2786F1B37F802B262248A52132F9C44,46
com.westriversw.CatWar2,F9FF59A981E4FB98F156E99E0C631DACD35B8FD62E8FDB016378A83C52CBDB0B,24
net.wargaming.wot.blitz,E7A2A663F7E9B1747140ACAF0323DC436F8E4BB9CA0B07DA856F4E447828EED4,80300635
com.nag.virtual.mother.newbabytwins.familygames,0D818C0D9FE152F1999C728FCB408F451DB8DD21F08191C716FA57FB276D2020,200051
com.tfgco.games.strategy.free.castlecrush,14DA05778CB3D7C8E7CAF2CF337ADB0491D9846DA45B2775A15A56534B2D553C,2021010922
com.feelingtouch.empirewaronline,82BA5AAE89794F215047104FDD1A9823938FD84F8F3BDEA06841B48F77DCCDCE,191
com.riotgames.league.wildrift,D50DED0793668ECE7EBAC0B7E00CA8AE32F5E2C0F2504B31ECF5BFE283B4DE23,472764
mobi.blackbears.towerlands,7E1BD56E0D4A5F248965079D505D290297C76A6A80B0A5F473941C10BBB31B2E,981
yio.tro.antiyoy.android,9E7D2C22F5F1A53155D99213E766E784F8CC8F37FE2B9242C1AA86FBF91AC2E7,199
com.jimaapps.crazycardriving.impossiblestunt.driving.simulator.games,3835F8EE9808AE846E066A51EED6431B6A776432A3118509B4FFCB7823124DF6,18
com.dreamotion.roadtovalor,CF57AEB5F6CDD09A4AC2E2736D4457A1D6393C07255A02916FDDE16B61EAA803,1603
com.gtarcade.ioe.global,BAF16C5992B2034B377CCE036397C602E7BA5EA6A3F647BEF984FED20817EB9F,142817
com.gpp.RollerCoaster,915ED572142CE6EFB9EE3404882155BB8488F04956A006AB288DE098B8507E48,103
com.tenpercentred.biotix,FF0630D5D5CA4B21861AD90BAF295EFE9EAD2A4511D7C181FEDDF1DCDB0605B5,31
and.onemt.ww,50DD7EE05A34A52D8C360F093ED63334128C7A637529367F0917D639F5238730,12000010
com.mobirix.MultiplyWar,6A3D930C8C34A7768A7A48570D0E2E2A33BADAB2E7592DD148DF088259531DE0,20210825
com.leagem.chesslive,78BCEE0925CFD143D7C01DE8D045DC70234F19FB12E9E267D5601A6AEF43563C,25
com.stereo7games.steampunk,32BB8FED050FB891074D0274AA8494FFA897A59C134A11AB93183FB74207C881,569
com.igg.android.deckheroesde,8870605EC60529104AED1F6BBACC9880B7EF88B3B629EB593FBCC886FC5D51F7,13030100
com.gameloft.android.ANMP.GloftKIHM,A2039ACB1585440B539C55646F4906C767B48577D744A96BC8ABD089A9703D81,21521
com.backupgames.formula.racing.top.speed.classic.vertigo.vintage.f1,79AA78B32884C6A35CC28EF9F1BB8CE8121F8EDE38C8A4785DDE42D9A059DEE8,92
com.igg.castleclash_es,FE417A7185839894869752A75A716FADD733F863CF7C966BBF69D374FAB588BD,1800900
com.forulo.pkcheshy,A584368792D0E66C52D47B67D0353D94F81288A28579E6650F3533CA987C0B5A,3033
com.gpp.mininginc,5D4BF3846A7B434D6BA02CB16FF34EB8394F5E826E428E91AEC91BA7789C3755,359
com.igg.castleclash_th,D891EBF449199B66B8C193CD442392DFA68A70781D7493614CA44344D901E791,18003100
com.ankama.tactilwar,B91517B867C6A66435B059A7861421982B23CC049D56134911992F6217BA1AD6,55
com.rsg.heroesevolved,E971D5675B725C6F70A36AF7710C0BA237763A261BEBD12629946BA9248806FF,22015
com.sgiggle.towerconquest,8BA5E84CC51C51EF1880F6CCDFDA4E09BB9434195354D94954566EFAE23CBA46,1500000155
com.and.riseofthekings,90F5F10478F7402B9A75AB1C19FE0DBBA7EF3DFE4F709F945919267BF355A9D5,154
com.es.civilization.rise.empire,A709510B66E5FADBCCEFB3493CAEA7E912C470F47CE339BDCA61AE65B8DBD91A,1808
com.my.defense,45CCD4DE0BC46FE16ECC371F015C742412C468745D8F684C7D0FFCB0432692A1,19630
com.gree.shadow,A7309B5EC265B5C8125D1E76350540321CC095A780B948917005A9D19B93E7FA,19998
com.gamebeartech.nova,31437F27E3DC747F292009C2505C9929D71AD8EF04DBC4A50073A4FDD00D46E9,20205
com.app.arrows,4FA29266102EE5F6D1E634D9D2434E68339B312C5FED229D46586FFEA4F3FDAD,52
com.vmoga.hoaquavn,11FE8B1C83E5AE1EB3A6CE6F0D8C98720570807F1BAD5D3A1FE5F64D4699B744,800112
br.com.tapps.myicecreamtruck,AD3ED9D6B5394703D4377292DD043B2712FB9D02B2F031D29484C1FA48767A7E,151
com.TopWinGames.OilTanker.TruckSimulatorGames,8462BEFB7C0FA8E2145B072FBA871939AF4FEF3F4A49EB22AA476A2F245A92DC,53
com.progrestar.bft,EDCAF28BD74EFD60037BB9788A521037743787EB301F5877FB602178CFA7AB19,143452600
com.ninjakiwi.btdadventuretime,126660440F88FC2B9808C728A90F99B3C6197CEE981ED2A5E33008B55A215774,2745
com.igg.castleclash_pt,A3B785155CFBAA23E62B28F142DBCF2D5F6AA99016A6CD99CCBEC0C97AB33250,1800100
com.naquatic.civclicker,6F414063BD0D074B80116C471A6C483CE5CF98881D86C67741FB17D97A6FC92A,304
and.onemt.boe.tr,14D39C86B130FD09746424A710A6B151881D4C02CF31A74D11DD6BFFB1218E1E,2300010
com.ember.stainz,AFACB988DCCA6BC69E555699B7BC877E3CAC8477E9A5174049F93A9E2904F97D,231
com.kongregate.mobile.tyrant.google,D64459BA0B489823898E32036C0269FFF0B1AE8B01D1DC6A0EF64DC654E1DF52,137
com.naturalmotion.dawnoftitans,71B1E6F05C06C6310796B2743D619C952ACCCF1DFE324C1CE266CC6F4F258782,3187594
com.fungames.boomforce,54A11C0AB329A31607CEEA02EAC7969D35EF853744744B26FBC4394DBA4EB473,415
com.easytech.ew4,DA63599E5475E844E424A6644670A57ED5DB0D2A5ACAA576EA0C5DACA8CC1825,18
air.cn.kx.yttxgoogleEn,851C95E186BC6F22D64E28D34D159B76AEE27C0EE84B0698AF97005AECDD9635,12006004
com.herocraft.game.mafioso.gangster.paradise.pvp,2EC377ED5FA9FDA1F201A6412D886E196875EFD30A168F9723FC0C526B3CC452,260013
com.vgames.gungunonline,F5BA780252C2380BDE441589F2485DBFB0BC1F78DDA1EF609980C79FDFE4CCEC,500395
com.dasuppa.metro2033wars,2122B3469EE0171D0FB2C3FE6B2B7CCD404F95F918DA2460B555C0FD51683B97,233
com.supercell.boombeach,E84083CD5F09155DD294D371DA69BDF50784BAD70329321A8EBFF8509546159E,44222
com.rayark.rush,1584573DFC0D4556A2ECF382395EEA3AB1593A8DF77C82217F69A79A31C272C6,4569842
com.hg.frozenfrontfree,158FBFB72DBF78EE56B789D63677FC303C10BBBC59826239FF358FC24CBD6D38,65
com.ea.gp.candcwarzones,D7A1D1E7BF1EA6B6E8A49F4F23A9394E10EBEF23A45DCCFF976084302F952662,271049
com.ta.dcdw.gl,D9A2D337F78909D4AB2464F11A4392DA57A746FEA48889B11FF6223C4554F2F9,116
com.stac.aok,3C85C612CD4032AF7CBA2547F3B00D83B266A230C8D776E88FC75F670406C6B8,426
ru.mail.games.android.JungleHeat,8BE15E4DAC1ACA43885941CD2A281197CE349D636F8D39F91EFFD419781AF4FF,203
com.ngmob.game.hd,A046433C6532A1BB204C6B975BA58C9BB8F3D1CFC85EA1132DFD85535E93C5AC,176
com.innogames.tw2,53E1FB565DF877E00D823DA189D3292846C7E21B7A66CE25BE5CC0BB4EEBF02B,170
com.plarium.military,17958214D60AECD129E86EB2F40D88267472E4BD4E8FC5A231EE9E096688B8A1,31671261
age.of.civilizations.jakowski.lite,CB12EE57ACC7037C0477B299F784727ACCF9C15C6CFCEA96FF85CCB2177BBA2E,202048
com.kabam.kocmobile,382AF127DE04B3BAFB8627B6A6E47D2867761418AA197D574351F4CE2FA14C47,211011
com.ftt.battlecmd.gl,3B2DC0B9C5E064679EE50F9A70F84B0691C15EAC6B5FE819CF976C2D8E48F9A7,191
com.kongregate.mobile.stormbound.google,5EC88869FF45242E500BFB01F2B19BCA0613A511AD8236E01D4815F8C96D3C75,2760
com.flaregames.olympusrising,77262829C7D4D7AF8C23811727BECAFF6579B539369A4B3245925807830F767A,96
ru.crazypanda.EvilDefendersFree,81922333CC64D25409DB321887288FD407576963B756BA025507B9F93F6B65BE,232100031
bubble.shooter.exxtreme,6FD966A5176DD52A095F71A6CE5C050018DC416CAD2EA2CE1A44E425C9B204B2,300011359
com.glteamstudio.spidersolitaire,3C4BC3EC8F36DF664E6FCD1A4FE61BDABE3232EBB6E1A66598F015ABE47C78D7,35
com.melesta.toydefense,1B5ABAAD46B1F9DDF89943402876E4ECB6F64317416A3A8361C9BB23ADB28EC7,4012410
com.g4fun.hoaquadaichien,B6792FE68CAE74AE51A8502A5B37924B35E7B8C36C85042C9A48F692FC41729F,800126
com.igg.clashoflords2_de,56BE004C5CCC6FE37627BEE6E4EC6B002E6D464EFDA102786B80A54C98F22306,1000239
com.catstudio.zombiewar1,92BAA6977DF912866788C31566D49D38C2343D228930422058F60F280D529F37,61
air.eu.bandainamcoent.asterixandfriends,CE49C20D3925F70C595803A2D826135B986615D64695209B32438BE05DCD07A5,210916104
com.carmin.slitherio.snake.worm,BAEF4A48A109C1464446E4C15E66E9D5029EDDCE84C08CA0C1A60B07A059BA20,90
com.gameswing.impossible.formula.car.stunts.gt.mega.ramp.games,8EF7BEAC03264D6A99C3C49FE371A73FD87CE03314D8F57F411EF298D68D9F76,27
com.aa.generaladaptiveapps,A609904C351F53C39D9B35A452F418A143C5CF9FE19DCE44D2DD068557284C7C,109
com.easytech.wc2,2C69B8EC5EACF20DF357290008F0BFF48A483E362CB2789E533C9F1DAB916263,16
com.Jespertheend.splix,6F9098425238E3F77C615914EC26DF0604F434817192ABCE9128B38127388F9E,54
com.blindflugstudios.firststrike.free,1C9CB53D91B91D4FF839B1E137E9B156B44B53A4A0B06ED68FB4BFE83B1CDE3A,3020102
com.ParallelSpace.Cerberus,1DCFA0E8E1AC66005D8AB7A3B7619EAF8429997F55FDDF700DEACD753AB74157,41201
com.gpp.idleconstruction,33D3F95B93475C77737AD5C40E48E347CAEEE9F191577B8B65BB3A5522BC94D5,34
com.kranx.kbl,D322B8DAEAD61AD95543646D80C61F3CFAA048D2B2A357FD46BD4C3A9B970E1B,6736
com.blitwise.ptankshd,5A44D8629F62526261AC5842A78361F5541268E5387A2307FF07D91C3BCBE025,99
com.gs360.antiterrorismcommandomission,E308FDB887DB02F808149C611D4D739B7873712ED5CACD5117BC8311CA4F71A4,8
com.geargames.aow,BEADE010CD4BE4499DC4D61F3E5B5E6AA4F74AAD3DCDB247312AC16EE890DB26,34485
com.tencent.godgame,9D694ED4FF883751F29D54D86A0B94D12FF3D27A1CF524AF4383FD3705DD1201,20332893
com.zitga.empire.warriors.td.tower.defense,C23D4ABA6AACDDDB33FAFFF54D2F5F0F86FC3F124B81C20C67D75889CF891E48,190
net.hexage.redcon,C2A998FC3F4F188BDD6092DDD77CE68B1FCAAE077F7839A24C6EC0B91D840331,210403
com.steelcloudstudio.classic.car.parking.real.driving.test,8F8F0571C109C43F3B3F9CCCB3CA1795503201E035F14E732084C8D17CAE3979,23
com.lpg.aom,AB34D15C7033E35402BADAFA27AAB8263928B56E1AA43CC61329B13CFAB01452,7657
com.gameswing.impossibletracks.stuntdriving.simulator,EE0DD49FBCB431ADF1FA99CD338B099959F23527FB76719E15C5E2CC827CA969,21
com.innospark.herosky,22451D8641C6845921DB5B39DF9BE84B131676DAF22F65E3FED3639FEF710A3C,190080000
com.mustardgames.bmx.cycle.stunt.mega.ramp.impossibletracks,B29D52A20D0048E677121F1EC7DB136F76509DAF7B000CB6B3848FC1A52748FF,41
com.Anibox.Galaxytd.Tower.Defense,233BE705D2185E5458271094421536FFFF2734A73E539A73C2965A6D3C094999,10
com.wargames.gd,23B7825DD647640F7607EA9438041991240268F37817753504383CB865E9401C,24
net.defensezone.first,AE318C20A1BD230C92FE27623D8C6F6085E9DD663D0FB5A8F746B3D40DC5E896,16
com.sega.twbkingdom,249139015AA7E42648836F064E00EE8E014645D1B5F8EE0A6B79200E078FD318,211
net.hexage.defense,24DFF08EC4933D1912F80835823E4D6F3E685EBECC00DD20089B4A7B8AF1A8E9,220405
com.atsoft.ageofottoman,F941F4C17B3F80BFB33F3E5EA6BBFFE16CE993014F09BD05BAD0072EAF77F62C,37
com.gameswing.offroad.oiltankertransport.truckdriving.simulator.game,3BBC77A3FC234DE1ADE96B2ED50A818A5D92FF051500BD22FDAD2C11A33D5201,14
com.kocogames.wartroops1917,25312F865E35A133C528D8033E96D9C5191555E9112CA76F83D3DB91E0754ABB,15
com.strategygame.gameofwarriors,D633C1A19E592C5B9392EB1C409D5EDF0AA058D4ED51CDE2E77681292AF3A8D5,235800000
com.companyname.TrenchAssault,254B44874FB26E6FB75383615645C754CEAC6719EC28513CD7F65A8AD6C40D28,3007908
com.dipan.feelingtouch.godfather,66BCB16C2810CCB2F7343D5762E2BA1485166F8C7C55D6F1A5B0DD2BD92485AC,2060
com.mustardgames.topspeed.carracing,B2AE81A3ACB4A6714154BBFC8BECF10225A7A2F1951EC9F74DC9A725B259AA53,30
com.com2us.towerdefenseplus.normal2.freefull.google.global.android.common,27C08584871CBE3D127D5ECE00DF6CD74E128E18075CE8E59E319DB8D8DBD8F6,21
com.easytech.gogh,27F2C89D3B38C28AE47D3A0F26677502C5632B8590E2F5322EF5FAD53259762E,13
com.aceviral.smashycity,FCBCD064B4D8622D5007FD88A3AB09F594F3AE2D0338BCB0C76435C1A7DA4A8F,64
com.good.GalaxyReaversGame,E577BA5046EAA74AFEC4FB33DA2D9658948D4318E00DE77B62E27E4EE790D387,37
com.maxgames.ageofwar1,29DA4190927F0A3DF7644C7580340A36BBA4551BB692AD30DE1DEAF30AFE43BD,38
com.gameswing.impossiblecarstunts.trickydriving.rampcarjumping.games,AACB7922EAB342BCAAAAAD6687EA75EE18AC4815429D56EEE13E6ECD1B3CD6DE,52
com.plarium.tdreborn,7CF1CDD102E993D94D18962159BAED30019DB1AEF3684F9864147435DE35F392,21574116
com.cornago.stefano.lapse,356C2C89B27316BDEF15108BA75E93A2B20E781014ABA8E75BEA7B11FFB259A1,1920030201
com.LimonGame.OsmanliSavaslari,E7C5192AC6717F59236D54F0F6D34A88D6F575941D05147E2B0E2C50072FD1E3,349
com.melesta.toydefense2,2AD31BF5CC874680DF46B68EF733CF0FD110E80F6BAE58ED6179E7F9137B5A19,30057
com.hg.gunsandgloryfree,DE50F45C84F1112E305ED8C57C34396E885229869BC369D890CA4C25AB9D59C1,27
com.tap4fun.reignofwar.androidme,A91E4875AAA62B70FFAD76C430643F35F908A450919B6A6DAD7B1236E95C1B15,144900000
com.epicactiononline.ffxv.ane,96070AC28387E9908F65036C19F70D784D723597E6BE687A30738DD97FDA76A9,17463
com.ninjakiwi.monkeycity,45C9DCFC7164F60A322BEABA52A7433FC9D73B5495395A9165D2C56E6F0FCD18,1021516
com.hz.game.ld,75B4FE5683EB4C82CE01E4E1199FE15385A838252465EBD38C5D1615972F2883,21
kr.co.angames.galaxyconflict.google.android,8A1DE0D8CE124C76B93246ACD64459910D8EA4864D6E908616DB40B192C8D8AB,118
com.outplayentertainment.aliencreeps,C6504A96E650AEA3BE615CB6DFDEFE15873A3F3A643BBF8B1A9F72A7448C5D61,1595935427
com.lidl.eci.mylidlstore,BE1006CC9625596E8B17E6780756CFE01259B155A5DF1C80A846E4B39301CBC9,2021060203
com.bosphorus.lion.hunting.sniper.challenge,6A381606FFC258132E2DDBB1792D090E1F8F8F2367B70F85595DD182809809B4,19
com.snkplaymore.android003,33C77FB8C5432CF3C64F3486DFCDD97F535822DCA6B9E44BC7FD3B930E561EEE,97
com.limitlessfun.vikingvillage.free,4BE407263CDBB75DABB1505D905BF675EE810F9353F621BF8EA51DD699F1936F,8660
com.magenta.TacticDefense,A5A91777C48CCBE978FCE127165A2B9194A39C0822E594E5CE816AF9C875F841,97
com.mizo.ramp.car.stunts.game,46F48058D6C6B96BAEF789F675E8BCBC90BAAEA29F9F0329EDBB090601FA643F,15
com.BasicallyGames.BaldisBasicsClassic,3C447029BF56F214D76F683DBEC25F6B73AFF2EAD13191F5B83E93B4850F6C56,9
com.herocraft.game.free.stww2_sandbox,3CE56839C92D024959490D1DEBC96C94CBD811E98B7E001C62C3C92443B7EE50,10041
br.com.tapps.dinoquest,EA90250F855E0DA6E11DA16D7CD0B705CEC3C1F45DDB3345EE29A94BE393B85E,1192
com.chillingo.steampunktower.android.rowgplay,AE491B990681B58BFA95BCA17217E90F4256B51F9D5EB3356A251E495F6D6196,15013
com.ironhidegames.android.kingdomrushfrontiers,3EF77B72087A6B003ECFF9B4FB24A14BD3AF5FA94D7F71EAD2B47F4896022A9F,1670003033
com.nexon.godzilla,3EF9F9ADBEE560BFA1346580C850646A16B06F50A52E6C8F683FA7E42DC7B521,47
com.gameloft.android.ANMP.GloftZSHM,40DC5C390F84B44F4211BF96A1F9ADEA6124D10DF006523EDF578DF1437A787B,13124
com.g5e.virtualcitysb,BDB86547C5F6B74A3D37D3FBA686F6DD7B9B1D30800F6BA344AEC41E5DEFCAD4,106
com.ninjakiwi.bloonstd6,4A8BFC817F34997399546BC8BBFE0478C8EF57FBE172F4BF890B3AC89F7D7ADE,1515
air.com.g5e.bravetribe,DDB8DEB9A05E0CA333AE954164A467B5E9E2306BC12C5633B6FEC29E87C485FD,1012034
com.maxgames.aow2,A2421ED42CE9F46FE02202E991B193B719BC37F3BB46AF064895D4F471FC6B95,68
com.team17.escapistsf2s,4ED36547EB00EE5D6D2C29CFA6B81FD79094741D6FE8FEE4B9588DC87C0DE357,163
com.igg.android.kingdomsmobile,9292FE2C83F54A9EC46D88DFC37AB5F955C38E2EC7AB8DF3EA0C66FB3854DFA4,11169
com.gameloft.android.ANMP.GloftTHHM,53F854079E28E10E2F8E4A36A52F1B9729FD9B56E5B612BAA1AB55A3C671C43B,16232
com.mg.offroadbussimulator,77A12C5505AEF1E1198B6A7038776D19DC769C4C1442B6885F3C0A19E12FB272,65
com.bakumens.GooglePlay.ALittleWar,D89A51B7703F096D50B0632B5F84D04CE90C0549AB4D037CFA8C0A2412A43D99,16
com.cornago.stefano.lapse2,D09FB37DBDCD3D00C6F04CB52336816DEB5B870FE2696571B97012C6AC2DD08E,1920021701
com.wardrumstudios.auralux2,5AD5FD9A2CDA47EE400D7158C3EF08F3539D70607FD17284BB4BB7E88EB0CC8C,15
com.pokokostudio.dinobash,D78553E9D6177B2DC30778E4AF0C2E888858D86C457B5826E0EC2A8719CF63EF,410502
net.defensezone2.lite,CF366C90C3A65D8A4965C523ACD887C826AF57A3CBFC0E4B05ACD114354E0D34,65
com.gs360.specialcombatmissionsops2019,A6F9F0A1B54703D32051FDE7B34927EA24EF9A5785DED6D75920E68E62780CC6,7
com.nival.pwdefenders,AE0876964C19F48058783F56FB87E976C03780F8AF35CB4A33F4E4B72D65F5E6,68010
com.qcplay.slimegogogo,6532CCB7E0105D9C470D019D561B36A946D2CF01C42697D38971BBF2ADAF128E,91
com.plarium.terminator,693D6EBFA91D986796BF0C7BD912D6FD77092E902B6414A977F8CD9DF431DB35,251930274
com.fenix.kings_ru,78B4846C1B4CC3552F442824EB2DE9A584F8DED6D4E0BD5844215225C63D4D18,106
com.droidhen.defender2,88DE84C4F7CA5906B7FEACDCB1B462A16D682FA8D2E3DF106CE36E6B9E367761,83
com.SmartBomb.TunnelTown,71AB739429E7230201F4F793F2981CBBDD26D074113781626F7EAE44A512F6C0,96
com.fuonly2008.tribe,7985A47A294CBBCE5E96F917B3CFB169AC8657FDF045FD950E1CCCCC162670AA,8
com.ea.gp.starwarsbfcompanion,77F83F00CF3E635BF7CFE26089870050D73CC143FFC7F260569E3E9940C068C6,462
com.hitcents.battlepillars,84B4123E8DA8880AFCC5FD72255D94554A147B2B9AAF32CC10D9F8C947DA765D,11
com.gyorgyszucs.colonizer,8BCBAA5AB03A65B6190BFAE8C31985D37C41918ABB4413A635E8E6D265C27173,1001006
com.herocraft.game.free.medieval,C8CBA2E735D9639DB15E0DB4DBA088D6FD585853B799C207A9D6C6BEBEA2E4ED,10023
com.ruanshaomin.game,964039F24B98B7780CCA5F15B1F0C2EBB0EBA8FDB362852658353FC2E6702B27,14
com.warlingsarmageddon,98717B922FDC3AD9BB14E9BF65D42DEECF4D10C492EAAC7C7D10BF570316F7B3,3009002
com.hg.pacificfrontfree,9A804D1BCDBB73979DFB0A0BE043CA8C70870B8F55CC578E6DDE494D41AECBC9,48
com.alegrium.billionaire,CAFDDF49CE57F8CC45CA8A310ECC1EB9FD93610F8F481229A28CEA69F230E368,222100
com.my.card.moba.jungle.clash,B7B692771DBB860613718E038337B2781AC8644548516B4A7BCA1B7A3281A506,95
com.kimi.ggplay.ppsgtw,A7B10C263A630FAF2A3F1627C952CEF39ABB4671C7F649768787470EAD4669E2,190856
com.sparklingsociety.battleempireromanwars,B1AB72BB9D82F8D7479CC77E638EB39ADDBF1BF19640D43B4B6C24FC89E08F1F,97
com.hg.gunsandglory2free,CA74945BD7844B3210F376EB29D8C440CBFD19D64647730730C59CCE53BA3BC0,28
com.frimastudio.NunAttack,B4D4EB217B9DADE851FBFD0F17214A4A93A32BD5D99913E38D31DAD2232FD6B6,23
com.limbic.towermadness2,BA17C4C122DA6B356C9FFD44529CD03922D4B748F7A0410D80C6BE1633AF3176,20101
com.fdgentertainment.tentaclewars.gp.free,E6581E53871EE6E7BC5C88D01EE8415615B6680511AC0354AE9ABA37CD65BDF5,2001008
com.olympus.assemblyline,DC0E9DB3853E4F036A6A1510354DC1036B90A9E5A8819DE9FC5C261DE4915416,25
com.chillingo.moderncommand.android.rowgplay,C9F3908A9502454B5E633B5C8263F5CE93F837BB95341A84C7A4FFE972479380,110103
com.ff.generaladaptiveapps,D22D5E126C4D2F1ECE00B5F846AC9D128F4EAB36BEFBBE109C50C66CDF6F0E63,12
ba.lam.tribalmania.arabic,D62FC09E062F98C2BCB3C1CA3A87C8607C36FE221B5948E9F52AF038C7BE8906,30
jp.pumo.planetofgreen,D7C3B22B83237EE644332202935F037897DFCEA5B1CEF21C7BF9BD60CD841D46,124
com.ludei.slidesoccer,ED61F01D4400296B35406A6E397AF3A98DF822505F223BD79F2076385E2EA533,4
com.paeezanstudio.pesarkhande,ED3515D5A6367DB86845C5CE89995974429FA7D209BBD1E2EBBC5590545E9450,21006
