package,sha256,vercodecom.hgamesart.hurricanehero,AFDE7E6C0F6B7ECECB360EC861BFB69C3108E6B13E470BF15EB0ABDBF6E755B8,39
com.titan.cd.gb,B699C761D0F8FE8A748FF79EAE49F03FC830678E89F2B7796A83C6E68D0C6250,20005640
com.freegamesstudio.thesurvivalhuntergames2,FE5A48E1F2F2963BE76C27F25A9546DAD14F9C859A3D9B3A29618FC09CFEE4A7,146
com.agent.action,E8F12513A1B8E8326AB31C3B14C5A6CF6090AAB6195CE7A01D161E5C8FE653FC,27
com.sigmateam.alienshootermobile.free,A81AF0A1A7CA8E35D02DA25F333B53320DB6D1B5017AB9736378EADC6673F026,1116
com.nc.rise.of.steel,588AFDCC7C9C5D14AE3C1A84275131029D7BD8F2FEC79E0F9E761FD5CF172618,270
com.renderedideas.alphaguns2,2B916EA7F631DCBD9896D1983A2C7CBF3D96BF63F19922E5D551D21C4DD55B8A,246
com.mgc.RopeHero.ViceTown,543704A0B2089CD3C4F2704FD80FB1864EF659D02C213B262D0AA49F0ADEAE4F,600
com.chillingo.ironforce.android.rowgplay,7D393F7DAA7709096A868273661068AB7964552B912691A5FA51598A737A4963,8030907
com.Nobodyshot.kuboom,790EEDAA2A546B629F65F10CB34927D6BE3F2305258D9E819B58D819E0B43A89,737
com.uncosoft.highheels,8F386AB8E652DE9C53C12FBA16F689016C7986EDC10A015EFF29DD87EE1F46CE,611
com.clonearmies.elecube,744EF6578E713863F762726C421D99175E6CFEFE74730FEEEA5CD54E03364708,296
com.vng.g6.a.zombie,4241432071AFC4ED0A8EB30EA1E412281C7B675E933D673DB1C85AF6ABCFC078,469009063
com.JESoftware.LastHopeSniperWar,01F2A5A94210A7BE5D7F41CDF9657F7B7903C95F6943402BBB1929113822DA68,233
com.igg.android.omegalegends,26811633FD39594D604934BBF84753E3B64DEEFECA34428C928D4B40B2C86D83,99
com.bestfreegames.dinosaurhunt2018,84DAE031E4B870896C0D24B778C7D2162A64C02C1E3F60D5FF3D83FDB9CF51A5,709
com.casual.impostor.smasher,CC67DC12FD59F102821EC7E52127DF5A86C3C86F89DF2F7A45F06732D746101A,20035
com.joydo.minestrikenew,F7500882066CD5FF6D620C1C7D9B37ECAB94A95CCD5F255CF717ACB97521D5D3,351
com.herogame.gplay.lastdayrulessurvival,C091B8D7CA48D2AC871EC2E8D66F51EBCFA7995327680B3F944D777E859127F8,39
com.h8games.helixjump,93396FE2549723C4355559479596B7A9DAEF721120731DC4C44BD10F118F5AD7,309022
com.wildlifestudios.free.online.games.suspects,42CB8B4B55978753BFDD8835A1617C87517AC8EA996577A87612453D0A1AA28E,2253
com.bandainamcoent.dblegends_ww,33D320D09F079F26349511DFA4CF000BFDBF61E54AB0F5498166D92F1387B9A5,193
com.ForgeGames.SpecialForcesGroup2,1BEE51400C5A5A06F0BC5E9EDFBDB7383A90A0378A1EB0EFCBB67E498D4D9FDC,120
com.panzerdog.tacticool,7F56E4E22B0D63AEF00CF8B6080C70762652C556EFE8AF3756088706A4DF2318,48396009
com.gun.black.ops,679E784C36106BDD99DB7A3E37BA2FF16E924E550E8E0643815078C56B16A20F,657
com.habby.archero,D8CF41469A72837EFED6B6537D3440A64F5970A81280F1C06B8C134133158806,899
com.quok.blobRunner,9F0292CF613C172295FB70A81F93738F726596E9AFD8F40B8F5D59F8F68ABFA7,73
com.ComicBookReese.MightyPowerSpider2,95401CB37E0D3AD41EE56BB280B198C3A39F3A730A0E447AED5C759BCE17D437,117
com.critical.strike2,E7BBC2F4C899B1BE881433123CAF3D5441206A47AEA7C209CA0D5029DCF9D5BE,609
com.ohbibi.fps,701968B4CD3A581341268BBE1CE2ACB8E68A2F6F50E1B1E6FF0F4F3ED8444E0B,7825
net.wargaming.wows.blitz,6F4842EF414AA39515664D322B5E3150AC121BF12C110AE20B9BDE662EEB0D04,20086
com.lf.sniper.gun.shooter.free.apps,404CDE255815AE7DCCB294DDE85E9CEBC46EAE538B350384EC327063DB30CBA6,99
com.sunstar.modern.army.convoy.gunner3d,55F8989669499FC0BFB087B3D88D197A457D1022FB3C2859D4454DB31D5144C6,43
com.zeptolab.cats.google,60E073C7056F78405ED0DD0FCF7D5106548A68C0369A4C11ED942FE61F9728CC,2669557
air.com.aceviral.mutantfightingcup2,A613FFB71B1754E240062B9DB9FA2F0FB3F20A7199673F72E20E7BB39A6E9691,64009000
software.simplicial.nebulous,C3B192B6D03AA1E555DF1EE59539D57264FC2ADC98089FF8FDF2E220097F4E4B,1095
com.hasbro.beybladesenterprise,C5C62EE344C39015746F1838077BFED8734DE05ABC94534A06AE6B0F2245376D,190
com.reliancegames.wwemayhem,BBA5F62843E53A7F4599D5B2356319F65E9A4CA4BEB0C2A3EEFA3AF96A90D72B,149126
com.amphibius.prison_break_free,95FE09CAFD1B1B59822D9A33C944049E4E92298E444C22D04D9F4DD2F927C9B4,37
com.ChillyRoom.DungeonShooter,40B2916B9A182C298D6C0EABF43FBA3F358147E428425A2DA49B83623FB0DADA,30310
com.soneraltincit.cityfightvsstreetgang,EF5565BC26A23BD58F7ABC7D91A50AE288F66CC5EA0457E7EA0F61D4749890EF,54
com.wildlife.games.battle.royale.free.zooba,247BAB6AFB9609CC4E5F25FE5BC7F5BEBEBCE0E25F07ACACB53262F8F361C2BD,5265
com.hgamesart.ironmech,163DB0A01D0CBCFF58F9C2B2BB8EEE73BC3E4CB83A5EA2E513EE59950493EC91,47
com.rexetstudio.blockstrike,274D8BC394B5A9786296D296E55B027FBC1A715B0B5FFFABDDEAEF40E1C6FB8A,3167
com.aceviral.bmxblast,E78CD7B7D1A5DD9EF5CC15E1C7C45ABE2177A748CD71CB192C8F2E6E68C9FD71,94
com.madfingergames.unkilled,7784A4DF9F6F59E8886F4D9768D5392AB9AF81E93C385A3DE39BED986348B398,210600149
com.upopa.hopeless,7A319D441DA2EABF988648E24FB409679C66796B4E97F56DD60B1F1745950873,200107
com.timuzgames.counterterrorstrike,44CFE3D99D5974CEDBF9F8F9339293E1590B65DBB941816C98FE8B54254297DA,214
com.zitga.ninja.stickman.legends,44A36EF408A362310F4E6B67E259E21627B83C664186B4A484E6BE7492853148,457
com.criticalforceentertainment.criticalops,D98D9A6F6676B212632E4510EC662A59DF0785CEC4340E5E7D54E54236AA4369,1741
com.sora.metal.squad,F9ECB0CDA31899021282BF900661F32F10027A68ADE05E2D8DBB2C624305D099,385
com.kick.army.training.school.game,38CEB30F13AEA7428CE4FF4C93986C43DBCBC39CF4483A914BCB8EDCDB1A8B4E,431
com.gsgames.pixel.combat,0F02CA4D47173CBE557CE437C5EAC7E6FA11E91FC96ADCA901EBA5E9A2B781E3,208
com.axlebolt.standoff2,C354978AE8245BBCE212F7907E088E1DE8532773A56E135675B2790D939466C1,932
com.stickman.warriors.stickwarriors.dragon.shadow.fight,76336B55F936960622A3C64A9335DB281F7512FA5ED2826280DB642504F8A157,74
com.netease.chiji,0102A5C42F9AB6E4BDB24D7389C861AC13853BEA7CDE66DB454D48312E0B6504,1193819
com.pixel.gun3d,F7ECF031C365EDF78DB458269A5D11A90AFE2D3012173589851824A86163FCD9,114630
com.junesoftware.maskgun,8E110B4F26587253FC76925160D2AAA4CEF0BD0AD2817F967671053D5D107B7A,216167
me.dreamsky.leagueofstickman,22DEAEE9C92EF9622F12B226E256B56D5C2F46916D33F4175BE407B3FEE763FE,616
com.edkongames.mobs,417C1C04B7EA57C4383581A0D0CDC1D265B8DEBB0193885CB6F0E3EFD2B688BA,665
com.Neurononfire.SupremeDuelist,AA953EDB3AE58B60766CB6EDA78819AB1C17A522762A94C180A662B6AEAEE79B,145
com.zealandteam.superhero.spider.fly.simulator,DFB983DE5CEAA0996A49ECD390C8011E257D7C6DF9F8040603302087A837A3A5,39
com.russellraymond.holloball,011AEE8C7693F64517928F914E34B1E6102243235FF83E73A1DEC5825AACCBA7,3031
com.fungames.sniper3d,815E95E3A5DF4C8BEA1C6BE3AF29049DA4216019B379DBA373EAAA4E65C7D701,9261
com.aceviral.angrygranrun,C2D49603B6BAF7D6FC3B0A3688542F837DF10B0673B28BB848A43C09C6217481,342
com.appsomniacs.da2,98C43203AF32BC69AF39260A2F8DB8D785C1A6E95C60FCD168D2B0CD0FC7F919,309
com.chaloapps.roosterrudy,1812210DF889FC6FEA3AC73D9565B840A8B23ABE8ABEE31B15E555E2B1A699A6,128
com.ivy.garfield.run,72427385FF55AD76E98FC4C40412AC8B667D42E44DD137CDFD71F5D8304F664B,513
com.mobile.legends,5EAEF321C0FC702EAF005C2AF26D9DAB085F9882F4CC452F2B693976AF7E0EDE,16186761
com.wawoo.gunshootwar,2C139FF88DD11895382A48FF3F27282CE07820E639F1E94728B620851B5BF4FF,87
com.glu.zbs,DA13B23F5C8CFBC29FAC5BA6550A9DD12AA717ED2A661355FFF132EFD2C4C3DE,23084481
com.rocketjump.majormayhem2,2366A58E4ECA53874AFD70997D493CAC117AF987F9DFBEF556FC1D0E0B3B8635,2021031813
com.yodo1.crossyroad,3FEAE70EE5ABDBBC61717EA5331DEDDB96F8C2121F3FF1134C288B570E34F2D6,116730
com.cheshirex.stickmanthefight,2722F521AB88B930CA0F46FA98349EDDA59291B8603985259461AE9018C31FF6,2000038
com.hotheadgames.google.free.ks2,D7CFC3AC18265A045C105C6D49A219256A80755471B65895B103C1B1A67947E1,190500000
cz.gdmt.AnnelidsDemo,50D00C9143EC2941898F345E06AF4CABB94E06BE0CCDBB0B95BBF5EF5D02AE39,656535
com.outfit7.talkingtomgoldrun,017A60184CE0C3BC4A06101C57C30F10842F42F34AD93DDE40EA523F14EB183C,1150
com.hgamesart.blackholehero,0DDB1BFFFDAB59BA59C3C5FB217BEECE5C6032EB9BA1108733C73CA9F756B996,59
com.mrgames.larvaheroesfree,8B2EBD42C40312DA98C524766EBBF1713697DEB79CAAE94BA46227FCCF165F3D,185
com.redhands.twoplayergames,6784FC42761C62D5331DE58BFE0EE90F71958139E6E31BAABD66EDCF703F03FD,39000
com.superplusgames.hosandroid,103C25CCC4C135539F552CBBCADD638107485E061A67B55F5529C4BD8251138D,286
com.dangernoodle.killerbee,FBF62A0F6A1C3EB5098B5708F23FAE270CDDBCF58CE90F0B9A6058EF25950B83,33
com.netmarble.kofg,D27E0923050CDD74E3C6163213DD235C74D81DADABFE5E6BA3E629DC7815102B,201090302
com.hgamesart.catsimulator,A9872F92D34C066D52A8DD92FF00B4D70106E1FD0B64D21274DC4F89080A8C85,159
com.assassingames.ninjafrogrope,5A3CC8B2F8FC268E09BF1001ECD9B0ABA3042F4E56278A70417B3D667DCA0586,148
com.playappking.busrush,8BEB96496D2F1EEAEC3828F3492EB1A414CB0C3CB791335102215A198DF4022A,614011800
com.linecorp.LGRGS,890D52B3C7F9C0C0ED79E8B614A6A8CC230D01A851E121700D47ABEE70CBF9E9,200753
com.mobirix.onepunch,D0D14120DDAD983BFF6E21CBC37F53EF1121F153BEA5A0FF42FD657E31DD4A1D,90
com.nordcurrent.sniperarena,57867E2A3F6B57DEFBA39BA8DB2708871AC67A991B331F74FE5D2EA6FFB43617,209
com.gamedevltd.modernstrike,4B351E81BF0D234CA9598C93C8F8AAFA8711B5255276A16177C671D1DB942DA2,429361
com.chaloapps.strikefortressbox,33844C7099CB045756B8E70460C7D2ABEF2D4708943E29A98DFA9B1730B1E0D3,64
com.playgendary.tombpaint,F15D01324D8FD2350423CC022EC0CC666C8FEC31F135982CF4753802141C9399,31
com.klab.bleach,7CF1B09BC13F86E9CE06A929D1AB4693BDF3573722C0C6DBB40CE3B6A9D401DB,201
com.gameinsight.gobandroid,E35734E4A5EF8E9C3764642C7FACD388EB3DE7838E4BE4A0A3DD139F5C9D182B,445
com.oguztecimer.stickfightshadowwarrior,AE99600FA22FD91D91954FCC3E40F649C121DCD6FB40C767DC1CD5E2EEC01FA6,170
com.madfingergames.deadtrigger,BC41C09A6CA20809B71085CDA3065389FA69E100CCFC5A44DFC932ECC5F10247,200200030
com.zitga.ninja.stickman.legends.shadow.wars,021F1A9167F93AFE1688FB1B75C9C36CC7C89355C8693347181EBAE4EF68297A,355
io.battleroyale.magicka,85F34BC941E1384D3A83BCB5383593FBCF1A6EC43AE68479353E154EDD487347,127
com.mrgames.larvaheroessocial.fb,637D16296CD462F405FF1B13677B8AB09D0F1C4728D39DE4B1AAC621AD920A1D,262
com.wawoo.snipershootwar,4EE54237EDD4A4DB0DB272EC25DD8429AF7C98BEFC3B63F3D57C2407CCBBFF9A,66
com.bandainamcoent.opbrww,FE6A40120C3010C541CAEFD07ED8F688CE6BC0438C1FB0BF27570527842F6E09,43000
com.SevenBulls.CounterAttackShooter,565ED90EE8B694CA5EF2D9567EBAFDE2E0A5E481BF90466DDD7637CD74286F59,120005300
com.fungames.battletanksbeta,02D7EF17E029C0A4A1B3DB316209A5795E0CFC48D38A69B12123757580842379,2037
com.yuriychechulin.throwio,7DD453A0C5ACD71D8E27D0DB60A2061857D7D30F1A753ACE23A39FCF9AEB7F3A,700273
com.lf.frontline.elite.war.free.apps,201B90043F1DA08E3EE89D6494B6845219BD4343FE35580E01F8417000041A22,127
com.wildspike.wormszone,5F8C638D27CA54502CE3E7B7362646384196175BB8C56D4BE867A5B41EBF4ECD,2326
com.grandgangster.crimecity.prisonescape,814DC1847CAC1EF8BFC01D9DB3AC06C03AF7837DC258B024DC0D0AFCED31FABA,26
com.ninjakiwi.sas3zombieassault,0244B8E3211688B0E22E77CAE7BADB589BD86C9950CA05E2F9901F02BDAC734B,3111
com.amelosinteractive.snake,CFD0F4887AD4DB67BD54E4B99CEEFDD500915C16414DBEB90F482C0AE49D5507,356
lol.onevone,A125ADD0E8BE4E8D7F300D07E570424EC24369AA0040CDD649381E9B99FAA9C1,1008
com.gameloft.android.ANMP.GloftM5HM,D67AA7D994621941AB9D65C35533FC79E38228F3F57DCF912281FE2F2CB02618,58705
com.nintendo.zaka,B3777584D1A26A2C276420720DF849D3AB0498A0F5A5D95092A73951D828B800,217232301
com.spirit.commando.war.action.apps,5EF90518B1A6151586E6FF82239AC45E257B778933A77725871C48AA43E0F096,72
com.skytecgames.survival,1A99EA55184C66F0EE50C158658CED05895AFA31DABADA18970790551FE6B8CB,1040303
com.deathinvasion.zombieshootinggames,21518C16A3549C4474AA077026EEEEE173986B4F002407D07756DCCA92F96997,61
com.wb.goog.injustice.brawler2017,09CD416970BFFB03B4F95377B38E6D4E46935DC0B0F5508C8A884C0C28A6724D,29247
com.mgc.miami.crime.simulator,7ED1F925709B05A27FFAC0D6C4F91AA3C01F1341886C3DB43F20DE2D4A34E014,289
com.byril.seabattle2,64D2AE464399F320493019C7B3ECE0DC3FBD59D786B0E73C14D0A19AA222E29E,162
com.redantz.game.zombie,E480132ED58DC87EA343C47EEDD4A0BF42452CA01D9E805F7D3F6C0914FE015B,74
com.my.evolution2,434434AA252488A432D86C431F3E26D5067C7C784FEC94CFC069996664B2693F,88445
com.topgamestudio.thesurvivalhungrygames2,B81872F1F61990F441C51EA2C4901F6C82A28037F79F494445E5985CC488CA09,78
com.topgamestudio.americanblocksnipersurvival,6D7497893CA5587F846DB59FCAECB740FA1E71ED4AB0C78F154E1B32060EE480,101
com.plarium.mechlegion,BBF2AE58772D0C818C0FAB3DEDA073BF81CE21A90C6A9A4FB54059CB5AB7AC80,8023
jpark.AOS5,725D9D655C2E81798ACD3895B4156774C7D08C0D3083A525D31224C5271E4BA4,162
com.cheshirex.murderus,DEECD4A25E804DF1BE303E7BD106500619699A15479FE37556BC2CE70EA45AE5,1000059
com.bandainamcogames.dbzdokkanww,5B3F2CD6673B19FE98CF5F4CFB5534AABBBB1930DBF49E0784E84A3548DB4D78,149
com.fun.games.commando.black.shadow,FDE9D67DCB43F5DD3C7A0A72BB763F959CEEEB5AEDAC17ECE02CFC154BF204C1,184
com.autumn.skullgirls,263A3E12767F9390BDFC4EEEC74F8AC561056546EFD42E12342C8B393EB87BE4,74
com.mad.gunz,CBC9BBD87B01FC48FAD7CCBE2DC1A2979BEF0BC2B2345D91196C8C4C4AD30993,701034
com.hyperkani.bomberfriends,60DF0461476D26A7402414580A0D4FF3D53FA349EFC0029A4E6E3B2C06A319A7,704
com.EvilChaotic.ModernWarplanes,3FBD311002EE9CEE722A174F0BEC866290551845CFE2A33BBE7401570B6BC744,303234
com.rage.road,4A1003B36B53D97A283406A4452AD1AAB19BBF6227CD45D3028D1DE96FAC804A,57
com.crazylabs.lady.bug,5434D270D0D2BFD9DCFC6E9ECDEF8644EE1FE988D62AEC8DBAC7F3EAD3569FEB,5190
wild.west.sniper,B88F6BD7BD6B155D51B0F621D70166C567F987668635A34E0FC7A2C5EA40C95D,70
com.bhvr.deadbydaylight,A4EC44428BD27DA86B38D268171D173D8E0EE46070CC56D6A7A879A842701993,475318
com.nway.powerrangerslegacywars,2F110CEC165260165C7FCA9A5FD6C3D665E781E96B6818DC630CA5954DCAFE84,55950
com.kabam.bigrobot,E905AC4D262FF15AAE96D795F99E4E840E9AA9A99ACFE3F01C893AD3D7C26EE8,116941700
com.my.warface.online.fps.pvp.action.shooter,BF419ACA10D7E2A5E0A56A265957D0A99F4096B97EF8A43112564EF96D1516A3,3367302
com.h8games.DoodleRun3D,96E625115882860629DF1B08DFC9B347B06F5C21D5755D535E3BBE30228CEB7B,204
com.HomeNetGames.Pirates,E2997FC48EAC661D4E371932B5BBD0D40889930A4ACA926E887865F85B448B2E,991
com.kohistani.Hunter,0C106E1157E547307257600E18026A3FFA77BA73CC4BE1180EC3AFE4AA68B34D,95
com.onetongames.rocketroyale,FA821F2EF691C669D26E59458093D53CE17C6986EB4A6C12E0EA1829EDADDBBA,113
com.blayzegames.newfps,63D79221A81FDE940F086392C4B00627CDAC10C7A83DA2860A6F68BD137F38D8,200295
com.rovio.battlebay,8A2475758D06146D6BF8F8F8B29FEA50D268D16D70684B7DDB79F6607CD7F913,228581
com.rebeltwins.dragonhills,C75D5435BD88DC41C7165B17D00C480DF221442808923365E33F4D5F906D23DD,33
com.geishatokyo.dinosaur,03D0A964B82E5D81930C9BA89F814B5E865C4371475E0A178CC081FA870AC5FE,5990
com.netease.ddsfna,1863047647C9FC627388466158C24F3FE0BF56F2B10AD0AE62036D2B0097C36D,243099
com.kabam.marvelbattle,0B3F5DE9E0FA973A8562150603207BECA3BAA9D83BA4F0C774F5DF98C8A54148,117766302
com.generagames.resistance,45BFDCEFE49B1424E659E5E5C0272538EF82DABD1CFAD9EB50C67F94E0973C4D,254
com.rubygames.slingdrift,A56F01EB504496FCDB2D6E99DF0671E662FC103357C7947164740CC8005F6632,32010
jp.co.dwango.HcgVOL005DrawColiseum,AF20AB09B51B7AFD294E09014D337877FA03F7161ECAB5DDB65683F6B64877A4,80
net.froemling.bombsquad,3564E45894BB44DC05655091A133B087C4677EA86E9D75B3D275685AF715E29B,20386
com.stickman.shadow.battle,115EABA489779064CCDCB82F40B6BAD3E0633D8EB26492088B97D5A80DAB8F39,200041
com.madfingergames.deadtrigger2,976159E5B588EE355B059355B15CC0EB8CF57CB98FB784B60EA560409364EF24,180400004
com.yolostudio.theimpostor,387721D8186337E5665E152E7F342D9AD1E13EF6F9537428EB95192DEC74BBD2,39
com.iugome.lilknights,C08F0D7AAEFEA9E461662662D53ACC66AAC5EA8435F92323B9A903D1576C24F2,1473375
com.gta.truck.driver.city.crush,A84A3209D5D606BEC06FA2BF5CA92A5FA6F1D3E96C9A2858B09134283EDD73BE,319
com.aldagames.zombieshooter,4A0AAC5BFE6824F382810E4BBAD99DCE1F04612ECE8C27250EC01DF1147FB715,77
com.mtvn.superbrawlapp,A46507B804A4F7FEF0CCC2226CA2C0823E931144DC8442DA4C8ABCB2795B4940,636
com.flaregames.rrtournament,32D9AA49ACA94E833D5002AC79A3AC86AD1F8E83FAC7DF358CFDAA4990E526F4,142
se.foglo.svt,D54058FB297FECE4F9146C05944630AEA391972124AAAC3653677CA1E1A37B5D,686
com.seenax.HideAndSeek,CBA395AC8B03682672558E3391C2457489FD580E456B9B32DAF93AB27AAEB047,89
com.gta.real.gangster.crime,8601D31EDA210701F7CB3FC57B94EAB92AB43053E9901F177DE4E85706431BF3,564
com.dle.respawnables,31DD0233FC2E3CFBFF02488604F6FE3B78C1F8A2DDC20E6349AC2C75A2C0AD03,110100001
com.zaibiminegamescraft.Modern.Action.commando.fps,4F8395B4F99037D1F59EDBBBE35E6502BC3A4ED95B0310E9DA52FC8BA503A7BB,17
games.noho.gungang,AB64DBAB4DF54DBC61D0ABE34D4BDEC0FEE52BAD493478DBB4069B264EE10446,205
com.yorfstudio.sea,BA0CB866A30D443108A3D903DF3CEFECFD00B2C3716CFACA9E11463F6312BF8A,254
com.imangi.templerun2,B8EACCF8B6B8C690BAF38A47E92D847E39D323CE6E1AF082A24853E51190EC1C,405
com.ParsisGames.AirCombatEn,79038C4D79DFDEB63BF5BC0DD85D56F3702AE60C5659EA9E332F5A7A0BF7DC96,300064
com.hit.master,D08D1393912257B47084CE338BD1D9A3E2DA82ACAE4535390EE16E9856A6B1CC,29
com.flazm.bobtherobber4,DF4732269F768996D7624C291415674966804B64C02DBBC42360BF4C921EC61B,300005
com.nllc.superhero,AED54F8F5D021CE349A2BD993E3BBD3634091D23B6BDA2359139D3289C7580F9,290
com.zippygames.gangwarsofsanandreas,8414116A90BEEE48C024B530BB905841D8393D7BFC74C255343F41C4379D201A,101
com.spaceapegames.fastlane,BC3843DDA8395A69F262AE61669869E68ECAA8EBE7410460DC7B13672DCB4FAB,104800260
com.Avalon.Pendragon,DA3AF2487C38276F0646DE05D799E4626B18C273EF28BAC885F23EC7D14B2464,108
com.innersloth.spacemafia,1B5F88CEE90EAEBC4194A1B0B08661542A68C8E3BDCA25B54FC6F90C35A37D60,967
com.mizo.fps.shooting.strike,0496C9C6E049378CC8B349B4600272197345C4895D3AF33A730905AFFE5B5B9A,34
com.outfit7.movingeye.swampattack,481DDD7ACEFA580F19A74C6818477BEC6A9A3B8C887C0534C386F1902C7BDF84,137
com.sozap.badmen,76D8247E74A20DED044BB9CE7D5D966D38A7696E19698D6FAF1321DDB33C9847,86
com.kiloo.smashchamps,2965BE2C913057DB5C36AE0882F22E4BEA71C20178A50352F3B97C926364B35D,50
com.mizo.robot.fps.shooting.game,544D6EF63D6D47F1066B7A4597EB3D06A1E3591160FB3915AB5A593DB939FC08,35
com.skygo.stickfight2,6F8D837CBF4AD6E16EBC01D55D781D19F5F02D45A6F360B68D6FA70CD57738BC,34
com.gzl.superhero.karatefighting.game,3BB5C3BB3CC6ED9CE9CE8FB8B15188D895799220E0526A1AFA174FD4FB48189D,58
com.freegamesstudio.copsvsrobbersjailbreak,4463C9B0D079807A68B4E7FB84AEFDCE4724221CA01FC7565AA973E7962BD72D,107
com.harmonybit.coolball,5AFC9F003C90B15C455069662BB515682DA845B61CD10719311333E75D8E2FC6,105
com.amech.hunting.jungle.animals,CFAACE8394650B9301CC8CCF0D2A839F7B35FD836334E00B0E8681D92C012678,39
com.feelingtouch.zf3d,04F737F8B0A1B8B23DAF9ADE6421E49822424EFC018FD07F4A0DCBA345DE5D9A,240
io.wormate,5AE95E16D490C5CC69911CD246E510290D1CCBD2D665957E6C70E3CFA7077A79,40009001
com.aceviral.petrun,3828B2F049EA39567108634F07F73D779A65D2C0F188B654BE2A9F1653003DAF,63
com.survival.last,FFF1B015426DAADD06617A04E311A5F5D48CFDF16E8FD6C601C6C38D6509AC06,301901519
com.pikpok.dr2.play,5ED90F1EE8DE130C16C8BB32D40F245244083FC300BA1B83B874C5DED403B2D4,19629
com.redantz.game.zombie3,2FE12B3B054B10FFDA156BB9EECB16D053332A083B52274C715F699CD97CBFA8,178
com.noodlecake.altosodyssey,EAFC211AB59AA60FB71DFFD2B6675453C8D923546B6386FD1B4B0D1679D12EC9,58
com.hgamesart.crimedriver,8EDB2A6FF76F1D5C549D751C18190DF996E11CCF3D4ED7CF86C6893CFB4D8493,116
com.Zonmob.Stickman.FightingGames.ShadowOfDeath,ADD0B2AEA91BEC49729A0CBA8FBA9168BE27072D8203577753C892FF5C94DD69,164
com.mgc.rope.hero.three,28829C4722D4C45237C3DA0B2FE5E6511DB567D535676FB66FA0544D178ED0C0,238
net.elyland.wormaxio,2845BDEBC7F9B3A94202C96292A8F5ADB193750D1EB79909F333C562F84DE119,5437
com.popcore.wreckingball,055EFA20234040A29BA2D4D6FE29C5C2FE7E08170CDA342C8A062CF4A29BB1CF,8401
com.ninetyninegames.dhoomthree,CE9A6AA6957AEE600C8AFCE08720094301912125CBFFD3EF23D2A1B768B43040,59
com.rubygames.assassin,53981B256D988F33874D09C3681F259DECE71CAD5240861C30318DFEC0698FED,1461
com.Zeeppo.ChaosRoad,42E260687E15F311DCFE49CB42D17BE58E1CBB6486436F4E6591B9DB5FFCEFA9,400222
com.skippy.mountain.sniper.shooting,EFBFD9CBA9B5B653848E2FEF87CC78F2F1484D3826D25A918D03299E497C57E1,86
air.com.supermechs.superapp,6044C69BAE869457FA8C5685D5FF8DD851861450D54D7F71A8E053BFEC89A8D1,7611000
com.counter.terrorists.swat.attack,F39B2BE894EC0926945EE3841F395CD52261F296D4FB4CF6DDE760CB85BFB15D,201
com.tbegames.and.tank_world_battle,33CBC3096422253B466D81695FEAD1EFF12E7DEB555FAD2667841C3DFAB987F2,755011770
com.sandboxol.indiegame.bedwar,7CE6CE6AE648C8641040FEF89E306E5D6E2910C2F3614C89918E7A345B2E60E5,4082
com.jiinfeng3d.bfrdemo,FD454BB3553DC06640738C49F7764BD4F7A1A2B4BB76673F7255FEF670AC7777,74
com.maltd.petsimulator,78B55C7AEA3BFDA756C159EB8C76E6DEC58D1F10D00ED4A7B7A17EE20FA307F0,4820
com.koenigz.KittenCatSimulator,EDE91BEFEA32F0B1CBE1AAABBB6D922A3402A9389582718EC8BEE3FAD2213B1A,49
zombie.survival.craft.z,9A022FD6B1282A64E50609EB9C77EA6BEDE891BBAEF4875A43446F15DBAD9047,600630
com.mgs.sniper1,3922A9E1BDDAED871CC08A3C987CB762A73A1DC7508136046377F6EEA4FFE80E,500093
com.supercell.brawlstars,AA713DE11886FF622A19595FE743141D9F6E98CBD7D71A45618693A0D97473DB,38159
com.futureplay.battleground,806E470C7D5E735181C8B973251FB72745A017F3423DEC24775E638DAA031C82,647
com.Zonmob.ShadowofDeath.FightingGames,60D70F0DE8995873B860A67E7632A247E2281766DBAF9F78643935D84B518DD5,276
com.joycity.warshipbattle,A6EB2C770490DB0C0141E4C39CB5D198677515CF4D53809557408F0A2D3C6886,2000002340
com.pixonic.wwr,4927AADCB32D45CF3549B9EBF08E7F9AB85070B31E5F247EBF214C31ACA67DFE,127818
com.miniclip.agar.io,679528B0C5FFF24A3F01DA3209236421791C46CCB7E565D0C84521C4C4F68448,601
com.skgames.wingsonfiregame,4D2E75B74E851789127E2A922F7B19A4B2B4ADE94D6795C6F8F1D2E71BABE033,1120
com.MA.LAC,065DEA7B753D5E149B3C76FC28258C5A3D55757AEEAC6E88EA16F1928D830F5B,39
com.playgendary.hitmasters,0DD16FC1477A3931D09CF02A0C86651546A6AAEFF28C377237BCFC3266C3CB2B,508
com.rkgames.smashywanted,38472E4A472D135AF6888D9728B88BAC00A8051067A3AD8FD83D0079CC335C0F,36
com.hotheadgames.google.free.valorcmd,76E35F3701F3AF1C58FE6F7E3B64B4DC18353A3AE0811289BD4AD8195237683C,115050901
com.idspe.tanks2,A8495684863B73C31CFA3896D4544B26CD9667917005A0B03EB025900B353417,500331
com.gamexis.sniper.professional.action.game.apps,141A24AA45680577A06243091ADA6B9650B0DD210A7A171D022AEED580E81D44,110
com.clement.ballmayhem,65E716207EBA17D3C6463A27095DC26EA214240CB80E17BEBD1328E8317A5103,51
com.ohmgames.smashthemall,90F447BFDDAD215DFA3A548B53A4275482D1558F5984BFFBCE38A8586A19A3A8,1034000
com.funzio.crimecity,E7AB79B255AB08133BBB09F7428C89F3990EF848F64D80EE506D2AFFDD305FA3,353
com.antiterrorism.shooter.as,E3427F372CC70584D04121B1386527CECD2B25B66C2DB153599BC5519FA98D75,200
com.gamedevltd.wwh,9DAD52A6A9218E956A0BC933D95E0ACDCD74337BB991792F21B483C8540C868A,200530
com.sega.soniccd.classic,07159263B11D278A62560A3E82196B9670F1355446A98E80AD4958DEA0893CBA,56
com.gameparadiso.milkchoco,6D03DBFABF43858FD245B012B744A18826CAB2C899D4D1C140B390F476FF3792,328
com.noodlecake.altosadventure,4ED52D32FF3DD0AF406FD93C3BA592D9FD15AA3A047DFAAE783390DC560FB14F,128
com.hazmob.blockstrikefps,F8D5D1E57D1E03158CECB3BE2209FACAEEBCC24B65AF391D97C0BC84C808EB28,68
com.azurgames.BattleGroundRoyale,DD6D10E38A5CA54D06F28A0D734E283E4AEB7A8B7B0164E594581071E4931051,15300
com.gameloft.android.ANMP.GloftGOHM,6116526FE610DC207BD87D3F13F151BB0D3C5D26F6814D6481823FD53319CF41,197022
com.Seabaa.Dual,1DB94923ED614409F8331E4C68FF36096DC325BB56B661FE17294D39F9C81147,1503
com.HGames.ninjasamuraiII,F378A5BF431FA9E555F61B1D52B82C1F91D60233574DB78D0E1913054C8184C3,70
com.gdcompany.metalmadness,E95AD898BF35AF35709D5E50F68728866D586FD7EEB02956F52F0EE9049F76D1,723
com.blockycars.online,B5205F319F066FBEC774772A89520201467BBCD0659AE3BDE88E58AAC5B37777,400303
com.tinybytes.massivewarfare2,551223F7A982B1B32BAEC28E8771B181B21E6EC7FA27BD682C067707710790EE,200230
com.theonegames.gunshipbattle,BD3B698D1FC0D2B660533750ABAAF43D6FD002F2A14DED1300E2AB6F483704F7,2005021821
com.sega.sonic1px,7F4708FD7DE99EA042CAE0E4E3F8065C8BC17BC6F430E2C8D1748649E30D2F11,157
com.jumpgames.rswrb,81E219627DEC0EBF1F353A617726FFEB91E459B035129CF396577EE8B5BA1680,61611211
fi.twomenandadog.zombiecatchers,D4BFBD6D3054F57BED0AC73C88AA28B672995C62A760FADFB54653D2FEF5E754,1620042095
com.netboom.cloudgaming.vortex_stadia_shadow_GeForce,81F33B58C1701C6181710FFB8B533F8B8B170467BAB1D21C974420B6676A8425,1541
com.sybogames.brim,B66E653512C0DCBD86778FCFE40D502E6A70F37D6AF8239EFC469CE23CC37300,5638
ninja.creed.sniper.real3d.action.free.android,885A77DEA7A7711D258315A46E42F49CEEE48893A31E612A40ADE18AAC394368,32
com.dingogames.tastyblue,2811F5768EFCA240061E706AFD97A98CB789748C9CA2A84534307C0C29FA65AB,12
com.OsOs.TinyArchers,AFE55E04A47C098DAF72C1668B6DCABEBD34C23A86E2FE1991F56AE133755D68,1412500300
com.damonplay.damonps2.free,BBE62D972F630A7467D47AF6F485CB50B7C1F982D7DBE17B95C43B59AD6944A4,173
games.nerf.epic.pranks.free,6AA04EE571AF3D39ECF7745C7C101E3B1363890D4179DFC7CE845AA3F938736C,36
com.miniclip.bowmasters,FF4E0C8C01FE8A375C96375740C8812F72C130572647D9B829D8B5D6291AD2DA,3051
fi.twomenandadog.walkmaster,513BAAEE4B0F5095B8C112957AD503C683FD122890DC1DEC6F803734D872FF2F,493
com.vng.android.mps.dead.zombie2,DF150FDF8B9A6207B4E4887B3B82155502A0B0548C1151537BA18B6543CB08E2,377
com.funcraftstudios.fire.force.battleground.survival,F198649A7ABB3B16F232FA83743A42AD20EB11373BA77E51C51A6442C71CAA8A,32
com.hazar.fps,AF33EE909E228944E3AE8C0BD773D1B71A028773EC6D4332A4D13AEBC8CC7923,114
com.geishatokyo.snowballio,3AAB05386F4410D852D0E7D5824389054B493D349ED2E27208F3B54EEAD53B87,6623
com.gamedevltd.destinywarfare,8639DA2CA61B79BAEA3B487F8352A6F9061F68DA881B78C0695C77B1A0DBB3E7,200193
air.com.flazm.bobtherobber3,7A6243CE4711A14AB240953C6E33DFFB28F45B91FC0C50BB5BFBA0B6A0AF59EC,10080012
com.reliancegames.rschampions,FBE8109B9B2088C135F2B00EF2F0B7398FE3D81165E5E8C2CF7B6037E466E862,20520111
com.spungegames.failybikes,1DADD0E4F6E1505241D15F876C929870D3A3E4C0DE7E71DA7A815AE7BA175F20,82
com.PoxelStudios.DudeTheftAuto,E63063A489FAE3BE68D58B040DD3215265D4B00DA42FE89507A6F3227EB41DD0,300014
com.mgc.Miami.ViceTown,7BDCD9B065B00C58B6AC8599601CA99D18B2DF45083FE5AAC3E7744331F7E469,296
com.tohsoft.ninja.shadow.fighter,46431911EA478253204A282552215A6C5CA43A50663996B0BD1167E0A6C9455C,39
com.rayark.implosion,685A31B8EAA1327169DDB24D976812F8ED2AFDCC7DEEED020596FE7998541618,200251000
com.ducky.slicethemall,50AE616B90AAEE95B431B1ABCE3611790CB82827204816E16F63027AC565AF1B,227
com.snkplaymore.android010,0A5F02331A31CC6DCECF745D892611F4AB7CF43DAF1CEAB8F3A3BCE891D2301A,16
com.ohmgames.knockdolls,5AFCB0432B6985C6A0F45878ABAB697AC61830248393A4471BB4B06B855C9775,1024001
com.gameloft.android.ANMP.GloftFWHM,92846DBB073C0ABCCA520117384B8CA384AF1A1E7A45A01AD47AD5153652DBF8,61006
com.feelingtouch.gunzombie,A72B425E5DD851CFDD3A3D84E53AFC5292FBD194457070E044C87BC8D195C938,34
com.fa.real.punch.boxing.warrior,5AB766BEBE6D4DD046FC2A076BA3BA983A67A4AE47A68DECEB303660037C941E,200058
com.mountain.sniper.shooting.ray,6F07F27EB359F48CE791A9E4DE07095F33CDF4CD3203A0DDA870911B129174F7,200
com.ngame.allstar.eu,FB7E52B1DE4F53B4A508AA95515EE2B5DB602354071BF7075A96CAE9FBFAACE8,60768664
com.flaregames.zgs,0B3232706B77D6CCD616985505DE643A69159AB5DAD6EC47EAB1B7848BFC52C0,1006039
jp.gree.modernwar,8D3302A7C558E1E37B9F916C856DD0D8BCACE71A5970772BF47F223D211AF07A,325
com.edkongames.ww2,AADC27857FFDE76D298AD0A7B20FE310309B021AD8F1C284FA2BA6E5FA9FBEB2,292
com.gamehivecorp.beattheboss4,2AD5D74E3A6E6D5DC67E5E9C2912DB48C9DD5630C4AFE1E5216F952F9945C24F,50
com.miHoYo.bh3global,5956E6689FB55A4DF9EAD696DA2EA3B66970CA253F9C5862DBDF3F00E029A7B5,411
com.geishatokyo.trafficrun,F413AC6EB59670919CC6F943B68A0AD6B128F527B922E5F6B7C4E0F0B3E2C538,6780
mobi.gameguru.slapkings,D3ED2E766FEDFA71C8D6CE0EE7A663324E837CB9FB2DC2C45412B8A57263AFC1,26
com.hypercarrot.giantrush,AF519090399796AE8C21882BFA7822F4BDC7B2D7AA6E83E9862E7768D21A4093,55
zombie.survival.dead.shooting,5BFA93215BFBC90A6C4ACE307D51FC53807558CECEDC259D5DAA5A6612CEC608,127009063
com.zeptolab.omnomrun.google,2F3145BCAAFA893C15DF51945ADDC4D1478D678FE46ACBD02D2826461E64027D,234
com.ggv.grand.city.thug.crime.gangester,A6CD9D15D399F1C97F6961AF22DC16BE5957BFD21B7A25B5C865FC4A814DB978,42
com.miniclip.dudeperfect,0C1E2B85D4DB55C943AA44578F7EFD290E34FBBDFB14F103984DF33014E5DBAC,26
com.game5mobile.popular,45FFF7C4FEBE0E79489C7B65A76818A6D8B1B01CB5F373A300A93AB094F063DC,61
com.turborilla.bmx2,AFA877195BD73121B93A490B06047DF5B65087F5BE0B827C64E5FED225323FE8,3468
com.hotheadgames.google.free.survivors,92A6AD10D0523022A16B257F685C92B42EC2BCCE3B75961F6CE05EF5BFDA5DBE,205020000
com.swiftapps.catsimulator2015pro,0C34341A9ADCE897111BFC736FF6D19439F331E41D2AA3D9C6B948AEFE68BF10,200028
com.madfingergames.deadzone,7108D91DBF3048B2877C68BD42B2C83097842046148E5072E8A2409C3B6C6E0E,210020037
com.CharityRun.game,24F099F540E2E2A6C3453DEFC0738D3F7942CA340B82B363BDDC94AE046490CB,2000015
com.madfingergames.legends,7D55CCC153C1885E0AA2C8BB974B8EA0C6B893936D6EF72EC306C41168EB5EE7,11400006
com.HomeNetGames.Warplanes,B7F84BB2F077B989ED8F85AA2607CD8382DCA00281C45DD7B545DB7525871AB1,221
com.activision.callofduty.shooter,FA10F6D270BA7302D6F211FF36CE9259B69FEDA1EFB78A58438845B6D3647D6B,13352
com.gtarcade.lod,E96DDE364F83B58AED4F4130C3E2C73496FFB213499D320862408D798930D944,257
com.generamobile.zhunter.gp,E3FE90F8735C0B02EADBFBA5E9F0445A4CCB1E574A4C39780776DC2ADFEC7602,100
com.kakarod.bighunter,DFFB3FD5B4A9778B2F58AC63165248F396B4608B7AADBABC1DE2B7F4CA892F3C,63
com.KillerBeanStudios.KillerBeanUnleashed,DEBAB68EA212595EB68DDBBD6D3771B84A0183432942564011A77B12222C38CD,503600
com.blockot.call.of.sniper.ww2,CB9B3E89A9C10B042119112E2805BC586E54EA5D9DD01FBD5F2A9E41158B1344,80
com.alanapps.standoff,1306D738D5BFA4A76FA74BF3EF80BCC8E56D4846FC18511C582687221548AF04,76
com.hgamesartworks.dinosimulator,94466D82F50293CF55336A867794DB04DE08F95279354C903B7A81220752F970,83
com.tummygames.sliceit,93561F4CD6F0693C57472E5326A6B7B29734F8B2B2472C71244FB25D63DADB06,93
com.mousemobile.explorationcraft,5BC0B030DA2E82F30A9258D1E3EFB5A0B62D5E95C202858070F9E69FC0B2C826,14115
com.wawoo.professionalstriker3d,0E2C643134ACF27C7ACA5C39E0E1D5146EB2D6BE7BA4DE45826217A9215930C9,25
com.spider.ropeman.superhero.gangster.vegas.crimecity,B687B07C726D60863706605F77EAEC6D74FEC7F91CFAD4E9352FCC299B42DAD7,10
com.romank.drawmasters,BCD6760DC3664DD67618944FF4485DBD52ED7E7E2B184742A46D50763F5FEC2A,399
vh.one,0EC0E9A7FA3C3ACBA04346DF345E50D13427E2BDB73A453083B1D83D44CC19E9,30404
com.outfit7.herodash,579CB69FB7034A21027B1B7A1E2F80B8AB6D4EAD3839B0DA53BD68AF0311DBF4,440
com.hitrock.hideonline,772BB4A10C2615E99C689146D9595877494ED7258CC19BDFE9F10C8C9A7BFEC2,10000041
com.genify.meow.io,C7340009F9C1402C811B2A7AEBC5E6965453D38767B7357BE28D3012A5EFE47C,4054
com.time.trigger,BB713597A7592C74596F7CF00BC31CEABDB7C8813354D0AE0DC5FFDD74FA5B6F,50
com.OppanaGames.SafariHunting4x4,B62C529E8AF2A81CF1F923922865E2AC6CCA72A0042CFCF7A22C3E7A215D28D3,24
com.aldagames.warpolygon,D49DAF0E4F21C248A73D296CAD6D4134CB28A3C7027BFC2FB7C58E4D01F44431,72
com.mastercomlimited.streetskater,43C85AF560CF652D8DBCD12434D461BAC095CD6EA7688E62C75C9DC7FC5BC088,614010402
com.magiclab.insatiaio,79D018490637EFE0D7F86D5030A18C9DBC1935128F15F6C163A4299A0D2C2BAB,200309
io.painkiller.battle.royale,5F3A636700E1F54D411B54B733EB0A90B399BC08017D0F5FF0F3475F64389978,71
com.darkarrow.stickfighter.saiyan,7A313BFAC7D423DBB6D5A6FDD238639659B481128430F3F07A0537B3A9C08C7E,203
com.aurecas.stickmanzombieshooter,F927FC53FEDC7102654F429DE893EC678C4C58FB2F14906E57D92B726F1A881E,300386
com.maatto.rush,9D38269F26532F35F8ACF0D4CDD512F679092933DFF6E907FCD3903A6B768C4D,46
com.chillingo.robberybobfree.android.row,25A264507234BD11619CC78C01C3EE2C342403D7E9C6326DC82CDB4FED66EDE6,818231
com.tencent.ig,C1B3DC7DF7E9F2212F0EC8E7C5E25C3A593822F440166D51EBA88520CB58151F,15522
sniper.honor.real3d.shooter.assassin.free.android,BF45F0B63472B3642622744E34F630EF800CC2E1002CD0A8CFFFC499C3A3EEA3,88
com.nanotribe.games.arrowfest,D914B1C0D379880319003BCA32BF24BD8B6F98C9DC89E59854F3DC6826BF6C85,2750
com.Upperpik.HairChallenge,C146769A6FD7D189AA4397B27886D08BA9F04EF5FB6D8E6D87683496772DD4BB,174
com.chillingo.robberybob2.android.gplay,A88C2A7BBC4AA46FBEB7B498FA6C3126D1509969DCAF2E9E78A361DAC8867D74,416902
com.idoing.linefirefree,C0E5F69BD785DC3253C38D1A7A7BBEDB3E74CE29ED52398919C093E1198BE934,200
com.OppanaGames.HuntingSimulator4x4,65C1FB98E0EB947CD8CFEB01EE98E3746FB8BB10684FA4F18B9762D28C080892,35
com.yx.sniper,47A013C13DFFAF5682CAF0C42486AE58D90CBC514B4B60B7C143759BCE64C44C,154
com.YummyGames.SamuraiFlash,D32B5DB9684E5EEBC008E8EC7AF8A2E9B75F2138E5DEB212C874B03130BFC920,32
com.herogames.gplay.crisisactionsa,6118144B8332DF5E629CF7D272ABE9F1DF20F90BCBF56BA1795AFA89D8214A91,670
com.my.evolution.android,3F09E2FB8C6316F8FBF984CBAC7CB72C91AEC0E92D629F2585AAF84FDF8B8581,35371
com.gonzossm.sttt,119E7DF8FC1DCA53EC8D83E62D5E6135ECB27003B3F0DB6093A067B8C941F5A6,118180
com.Lightneer.BazookaBoy,9631087CDE2E1514CB4C6D4377C9B8E736550C7DCCCD1DFB82258D6D7778B37F,21100404
com.zonmob.StickmanRevenge,376221102CBD2220CE35CF3926221DA6972059FEA3920BB625535F7013EB444E,161
com.wb.goog.mkx,511C33F4B057871595945D43F0256FBDCA80F2CE44DDB539AD4C0A209DD1AE90,29213
com.tapped.drawrider,90B25B11CD66278F838DB144DA517A2A310C6D77228EEE10941703FC3B717721,210000026
com.barsstudios.swordplay,29F9C1A774768D62AAF06FCB0E3364C47602A3692A84E90E265F92E4FF1609DD,131
com.heisengame.hospitaltwo,BF282F396CD83A04C50E224E3C92DDA07CBAA26BE1A25A1144C2311B151AB3A4,96
org.ppsspp.ppsspp,CF8187A9B43B9CB7360C9111400091428618816138E7BF236C5298CAA1A486EF,112010000
com.doodlemobile.vicecity,128AF98E0D961568C5D9E9E5AFCCE5E407FB4F6A558407C88F7D14C2350CCE13,14119
com.BeresnevGames.Knife,876DC6923CABDDF781DA47CCA42725420D13BDAFE09426C1A8326F27D8524A90,152
com.mgc.rope.hero,F56727FCBFB8395C8C2E15CD3FE1F0EC5323C08CFBD20B3B1CF23AA95FDA1A5E,326
com.Shooter.ModernWarships,5ECCAF31D776F69AEF42D877BD039CBC7CD441B27B013403DA7742FD04114037,383
com.ray3d.shootsniper,D01CB4987C08CB35EA3AC9E396179FA9FED4D377F18A2B1D89114E9EA18662F5,201
com.alphainteractive.sniperawpshooter,B6FFAE57463886A75A9A27321DE56B9C098463553A017E5A5CAA2FB3A5D1C333,500138
com.nc.robot.car,65D280CA46E7DA7B0E1407E0048F0C39A443DAE4033B4F5B587390CDE19E2D8C,270
air.tv.avix.thumbfighter,E7983FE4E5470EBE129E38DA711DE52E44E5FC72BC8958E04B7657D7335C58C0,1506006
com.cassette.aquapark,A40DF824F91C27F47F774C3EA0928AB71AC511CB754E4C2A788B53FDBC505488,68
com.wedo1.DeathShooter3,6BB0404EC63A4C8055A0B3CB8982A2A48BB7666F735F778381177F63343D6912,230
com.playappking.ametalsoldiers2,31149FA13D771D0612E70C38421ADF9BB7D576BFD4C3A0B4282864134180E37F,700400280
com.raongames.stickmanandgun,EBC4142B6D507944AB0F813210FDA380F7F75887F520A9469BC06AA8025A48C9,42
com.tencent.iglite,142BD3483855BBD68D5FDE29BC5FD3A5489A975F868F14C47952F5FE11897DAE,13777
com.wordsmobile.grandfightgangsters,1D1D05298316AA3CED807B3841409C66375B030C3A67090415FB3E05C01F05B4,15
com.blayzegames.iosfps,BE402208EBC804B2E03E3165FC2C53DD77F0208DFC58C826FDF5CFA2B969F2C8,764
com.onetongames.kingofthehill,F9DCAE2A229382231D92B39D554D9016723ACEB2FF825BBC2FBB13B4BC2D56E1,82
com.ucool.heroesarena,1BC77214557378DFE3687F3FDDEBC86B4455E5B040A4B4D694634D5E5B1BAC8C,337
com.nintendo.zara,50A79CEE192A11CE6606F0C803FEF9889805878FDAA25557C4C22A943723F3C0,22255
com.gameloft.android.ANMP.GloftGGHM,F62D6D94A0361707CDA1857EC599A2F47E0868656C21FC0B43D01FB447E4985A,54121
com.geneticstudios.thefear,35FF1F0B1F148815DDA1A43B10D942B0806A94BC8CC38B03E05997C351077D89,55
sniper.gun.zombie.shooting,E7E6CCBDE14BB36D24598EC4B0B611E9E9A7AF5531130DB9B6DBA34A1791C932,144009963
com.foursakenmedia.noblemen,8FF59000BBE936237E42CDD5429A8DE11B5D7F51E7838EC6E5FDAA9BBA534274,104065
com.studio501.jumpdunk,461A7F13027755260DFE9B5D17ECC9DAC593E79D832CFB290D754A76B8864CFA,19
com.azurgames.dinosaurs,7353DDB5E176918834183BEBBA675AFB5F3D1435D666888AF9B3ABCC5D768116,20865
com.craneballs.overkill3,B5B12C37A614B17D7C685CE425B9C39FCD3EB4E30F413492976B58F3322A1A56,711
com.king.crash,72488F34AFB1D62E67A1AC1DD834BDCDAE440681BEB7261E9895F384222525FD,1320037
com.naquatic.guncraft,DF5D2DF06E61635D73B9FCAFA6BBD66543E9902A208206CFE0FD388693AF0773,235
com.os.falcon.onegame.superstickmanheroes,2289BD525D681E85FBA2EE000928D1A45D6042181B34E1FDD6931300FF1297DB,30
com.trinitigame.android.callofminidinohunter,E580BA2BCA8768536451D02199C9AC2A3CA783B399CDCCA73D39F45E7F08D279,18
com.vegas.crime.sim.two,4FA01EC5B50B99E38916F2F0965F8F7E00892BE1378745601BBFB4349B482A54,270
com.wordsmobile.gunship,C26A2356E1EC2ED9E6CB2B16ACB1DF690712875119E086BC72A8FB2F08397334,1414
com.kitkagames.fallbuddies,EB6CD006BEAF65CAA22372B0D50A78A40BC73C39F710E67218F3FE7CAC6F2900,47
com.jtsniper.game,7CC7A8B38BB0213B46AFB5F632C05B12ACDEF2D9CB97A8573C6E2078A39111EB,15
com.epicstory.ben10,191A304AD9391161BA3C5006D10E839D9DB7C27D5A225206198A8D0350E3201D,4926000
com.bluegnc.AOSBTEAM,A04F7A4742B09EB9F0D952A1642A34A2161B41234EFB91950E02B2ECB1393505,40
com.mokvold.flatzombies_defense_free,4025FB5DC83E25E65E1012EFB820278300BFBDB99EAB3EFB9F6974D3A03BD2D7,432
com.kobojo.mutants,5A847BFF1FBE8C2B8DEBFFEE49F143C6F39B25EA5873C641F48808F59C5C0F40,5158115
com.ezjoy.feelingtouch.zombiediary2,D51F8673E676B1D43DEA006784C962FD0327C5D64EED37561490D3F21C3974DD,124
com.gameloft.android.ANMP.GloftOKHM,2733B3CC29493A61FFFB2891C61C236E10BB6A1853DCB9C312912D240EDAA12C,12431
com.dts.freefireth,5F4B16F962738871DBF82102DA8514E765A733C285ABA1BF11D2A507D982E7F8,2019114610
com.foosegames.velozpolice3D,19830E1195B439DA030225B21D092E27A719D5E8F32EE550FC40234238BBA0C0,116
com.stealthgame.master,298A66E972EBB14D466E1733CF7837E40BCB717CC4EF9D4CA6C618F6479741F8,105
com.CubeSoftware.BattleOfWarships,6576370BC4CAF1EEF3752419B5B5376F08CF067BCF7F68AFBB44DC56029D65D7,300152
com.byril.seabattle,413272CEE1C0FA645BADD726BA3B08BAFCED1BF6CCC8B39904061B4AC5A2E7EB,29
com.nekki.shadowfight,9A975AB2EC38A8449B10D66909AE5B70529B7230AEE2CE6106CBDBD65E9B99FF,21500000
com.bandainamcoent.ninjavoltage_app,46CEE0FE92A5215C1EFF394269733914C9E8259AF81E0B4B9FAFC4AE933D5426,703361
com.sd.CounterTerrorist,25CC894B9B2ED152FC477A64C1DB726A6E93E0ECF32DFDADEB8DEFE61CC635AC,21
com.dingogames.tastyplanet4,E33E1AC0D272F5DBB88B3C86DE774C3A495A765B0847814A9F1D3A7E26E35D24,11
com.glu.deerhunt16,376A1DE8E744D99986118E44D18DAA8AB4ACA126FB063A4689BEF3F91220BAD6,5243
ghor.games.tanktastic,7C530B7F53789E5E64068293B3EFFFCC09C0CD184E494DCBE1E9CDAD8365D5DC,200107
com.chaloapps.memeswars,5EEFAAE23982539E45CF08D4A51D1EFD8E483998AF64FF0D447CE84C323A549A,566
com.mgc.stickman.rope.hero.two,C2D0FF805148A4CED26694C5F9CCDFB35B74E316B4E957EAE8C450766A102A57,304
ru.galya.drawjoust,32FDF2B2319E02CAF449816CEA728ACA9831311A275E163D640D1227CEAC5F8D,2402
com.supersolid.penguin,1DA60238A6E9E9260609621924DD1A62E5ED9870CBF98A6E15249AA155D3CD96,1010003765
com.droidhen.fruit,1DABCA6C9A369811238A80A46FC6090E7275FBA771E83A844AC24504AFAF44AB,37
com.Alper.Manuganu2,1DD92FC5656153284CB2CA0B93BDEDF634299C1F1A15010BECDFCBA09CE635A1,18
com.stickman.dragon.fight.stick.warriors.stickmanwarriors,1E17F5651D10E8226A897747FC8F1214C8C7CB8C500370329375372623C3931D,28
com.tongwei.toiletGame,1E230EBCE40786AEE9959D541845FB2017CF1E29F76F33273DDD2B665BC6FA87,9105
com.gameloft.android.ANMP.GloftHFHM,4D966587E46D6435A0123367FDFBDA3AAAC7A97816AB3A79BAAE8187D013371E,23029
com.rebeltwins.daddywasathief,1E50A97914EACC290F190A771CE38DB5612F09826A7709A026DE928A6E8E2E6C,32
com.tbegames.and.zombie_shooter,53C7236D58262FCCC61CB65BAC70F6A18072940E9D31349EB54550529B73E160,735018000
com.glu.dino,1F8B33BE9D0EE0893DB389D44538375DE5928C679BAAC016A93F440375DF1EAA,3596
com.mobirix.zombiefire,F6AAA910B2DC1225FE05BB08CE058045CD162D06525AE9E366F60686F9FB81C0,210410
com.rvx.jungle.sniper.hunting,F3FC9733E9ECC53F8A5F330E6031A2A313E1F223D3DDB5B0DD61128970AF2BCE,43
com.tbegames.and.zombie_shooting_game,37B7DF08BBB5858176CC40CC98148E67F3F19994B0B4DEB28F7803DEC31E2B8F,740020000
com.bearbit.smashyroadarena,428F2925393EE0A9F238D4EF9494554D3F9E532792C73EFD0147310FFB7E7D29,26
com.byv.TheCatapult,ECF421A773E9B8804DC7A0E6681A76DA54507518154E2B47FDB2C2BB8A447990,16
com.squareenixmontreal.hitmansniperandroid,B1AD8605DAC4D7D80460DF562D7FD017E029659F172EC0479F8A425C790F282A,128077
com.junerking.bottle,5B25DF8310793675163E04749D264F03732EFE8C5BD8701837A602EB2463F1D6,11
com.desert.riders,249BE8F326FF6FA7852F0172B311CB2A0A6AE37E5106D64D97DB835A641757A1,36
com.playgendary.tom,7FAC77CD40DB94CFC18B74D0432BEDA82DF08848B75BB939CE1D784304AE4424,69
jurassic.survival.craft.z,4401DF582FFF68E49A5DE5800728D3A3EE20D06F30BD6CAE568F9B877A23E1FB,205502
com.gha.counter.terrorist.attack,2771881FAC5B2BB4C53F6357255B4BFD2D9131D9F5077ED84BF7738427105946,71
com.tohsoft.game.ninja.shadow.fighter2,EC5B33670758CA2533B68A1E9B776C5EE11C4681F609D0478EE494E4CFA9F9C0,20
com.squareenix.relicrun,23A716AF5A47DA950E0EB2ABA941F48358D2027C37F79BC08E4C7F437C716389,10121406
com.i6.SniperShooting3D,23D286393B3C229E7276FBEC1A6EB6401A1E3FE7B964E891907AA7E65DBA90BA,11
com.wordsmobile.planesimulator,5011BFB3738E3DBF61639A173CF0D52DFD2AF9FE5F1A8864694FC5DFA667A515,14002
com.mountain.sniper.shoot.doing,7E0CD3BADA2031115C2C6AB6A9FE039AF53B134098A52C12DA5BF83E31837B62,200
com.gameloft.android.ANMP.GloftINHM,76288BA1D94E62B3808EB4F8DFE334BAF1D8131138AAF3EA4CD435C00B0B26FC,36222
com.realfightinggp.RobotFighting2MinibotBattle3D,BDE3F54ED8D5B84F30D9F61F1915052BD9B263C8CB198C25A348CC2C3A24579E,312
com.gameloft.android.ANMP.GloftNOHM,38C081848C23C38B848164CE57A758F9174AD505AB6DE2BB42DEB267E6E9848A,58329
com.shadow.battle.superhero,46D78D696137E0707939C6122AA35EB6AD56D498C0D51ECD04D5A472E4FF6F3E,412
com.cg.cowboy,9781DB63E764B8FCE1EC75DF88B235A66C837D38D2EE9869853275C34A9BE2CE,14013
com.feelingtouch.sniperzombie,7E4BA7F766EBF72B705F963CE15959A6B1A340AD4AF799C792376158E4F61494,31
com.Bingo.Fighter,E5394BE9435C76117A67819FFEA44DDF4B7A56BCAFB8F4C30613100289858397,14112
com.masilgames.FromTheSea,8FEA0EB41E41DA192A276E352464A01D9D7B8C6F16E34A540E9EE9801A269473,1000001207
com.feelingtouch.zombiex,A307F1C5F1AD6D0C3B1280E00389D3A6C6BC61F2E3D615C7515A181E6D1066D9,35
com.droidhen.defender,780D7A5952A05846A7CF8467A088F1F4E45E366CB0A6887F4E702D9BF29434FF,19
com.tatem.dinhunterhd,AAB326F6E09CA458CFF0C20E321DEB635FCEC098A1BFB837BCF7ED27AD41C298,596
com.miniclip.diep.io,E26BF4B3521C92746945F297B57A39AA9A8F54FA4B328C9B7B9AED3152476EC6,35
com.GabrielLimberger.StickmanParkourPlatform,DC3EF4B96A239F82B37E83236EE3771ABE4151D46A9E746561F27A31EDA09BAC,200050
air.com.hypah.io.slither,374619C0DDF22EED1F0F525138C8A480AA46042D5E61C56B7AA1317362AC97E5,1003007
fps.zombie.shooting.fun.to.dead,F3577CF6E0D58E01E1C0DC50AF098E244480961D044661EB3427EEF2EDA64C7E,527009063
com.Born2Play.StackyDash,D67044E4B23AF2CD0D1AC148DF620DD5A20D8FAACE36272306E4DF5A96228516,18
com.glu.deerhunt2,B359ACBA4E6B4122BEBBFC4ECA645AA156C53071C58B57D1747D1B1F6808632C,314002
net.DuckyGames.CraftIsland,F141740D0B8FC7FDDC95076812FE13C4A59A85B3AE973F24424F169BEDEBF972,22
com.innovativeGames.bridgeTheWall,F1C162D1C660456A57089B2D6AE3582A72727E3956FCBF6A894BD440802B86EC,18
com.idoing.cs,3EC96C4D451FFBE52CE3DA57F58EF2AD5C893EE0A1A10C93767AA5DB7EB2ADA6,205
br.com.turmadamonica.cascao,401567E36039BE3D0059A9E0AD8F4D6CAC497C971D524F1794F9301DE72F3E63,12
com.rockstargames.ifruit,41F0F8ACEDF4930D21C2D103431AD912916AE6695ADA0AF54C6BC464A14B1D03,151
com.mobirix.zombieking,F630F6DDD58866E0C2FFDD3A44EABD4A3C2D431DB7C5703466CA88C1264F1F2B,71
com.counter.terrorist.sniper.shooter.ray,45AA842ED10A45EEE2CE7E3CCB6532B9B2CB010335D4D7AA24AB14EA9FDCED98,4
com.redantz.game.ninja,AB4E2B8E9F27CF6213E960B107D9425643C433BF3C6503731F5ACEAC473B1D7E,39
com.rocket.metal.shooter,742B58F88D675000A66A82FF67B8F076D34AD897A14794E3BEC84500E030624F,90
com.technull.stickfight,4767DDD63E0762CC3ADE3F802A6826811C422DB4155D95C38073D0469D0F0BED,311
com.droidhen.irunner,7CA030662CDCF4DF20A4FAAE3C27D3CC3F8C6EA606AB84585AA6C1A82EC0281A,20
com.wb.goog.injustice,5EE8B87CFB2BD8938EF72CB16A26DF5CF20A23D571E6D1751E91FCCE8EE7693F,5023009
com.wordmobile.prisonstorm,4AE86807DFE72648D6E175F9E861D4B875865494F045C9B17238B96C154F8238,1417
com.stick.hero.fighter.saiyan.supreme.dragon.warrios,A512EC9F1C2B6A0FE05D71F7CA57279C043311D1963CD44F567F05C01DDF3BDB,18
com.ea.game.dragonage_row,C546AAD3B763F88F3F608317B0E190862C260057235CE430D3076A9EDB7CE8A9,54105
com.gameloft.android.ANMP.GloftSXHM,5060178F2AEEDEBA3B0A13AACCD0B9752773B25557AC176AF65D06E01D2FF8DF,29820
com.playgendary.kickthebuddy,B12D5BBF85FDBC4A9C61460A9CD8F1D11FC7127C020701B8FA09FA9987C09365,56
com.machinga.zombiewaves1_1,F2952134605EEC8B680E5DF79CBDA6869330799FA21F452429BE6EB0E068E21B,80000033
com.glu.flc2,52AF594890A69F64DBCE17B207D63BDFD87F64C0B48D432038F4C13AC4006F18,3031
com.ffgames.sniper,CEC2E291831D050121BAD6355F23D2BBFA7AE1E6B20299CD59686240DE3071FA,214
com.turner.asmajormayhem,F0000D8A151192E8E9B5B6F6D26AB3E2B544FB062B8890A19ED7BADDC347036E,200
com.djinnworks.RNF4,579B8A1C9F70F21C12E038E8F4CBF1D6ADBEA65D4B995E1BD9CE52F77CEDA915,26
com.counter.terrorist.attack.death,5C2C95B7EED1F34BBE284F31BCE51D590A6C9632DB5BBC34E07D226DDC5A8D09,201
com.gamehivecorp.beattheboss3,5B86C622F2C314A8E367F9A9C04B52D4AD9BB6CB3B78830F889D0DB84A3E2173,20
com.heliosinteractive.ben10,5C191A84486231D3D6A5761B2DDF976C16B3E43B269449B62598E66FB1746055,413050
com.sidheinteractive.sif.DR,5C544C754382BE4B5C86426EE538CB45DF0FD14EEB00BBD9E91731642B5828D0,2774
com.rexetstudio.deathrunportable,60C0F930DD72DF1400DC720502DC874BACD012A2EAB4A5AAA0530548851D15DD,421
com.doctor.surgerymaster,5E7C98028157FFC5C21C1C122F2164FEB257BFAC3184A888F92EDCA061E7EA03,1417
com.vg.sanandreasrealgangsters3d,90930E4FC81A7FB17ED44A62ABA00D0F93D04BFB7B09B5DDA5737204A6CF6E3D,15
jp.pokemon.pokemonunite,A5BD50FD1252C161928797E454F4B41961469DF8C862A8E8EE9AEF0326267E8A,335379
com.cyclopsgames.experimentz,7856A8B03FA81F4D8A3A90B9DDEFB270A677BD98AE75A652FEDFC48C1659076D,72
com.creativemobile.zombieharvest,694005A5E130BA4646FBEF415DFC86FEC64C23A9358678D7F2C196A68F9452F1,28
com.gta.gangster.town,843858FB375D91A0BA3EC93D522621DE028AE3BBB07AEFEB0BFD54788D53A723,250
com.glu.contractkiller3,6B1C8AE600CA927E787F286C23510F105515C495F40C4AF90BC07CCEF16555DD,6101
com.yx.sniperkiller,72B77299C4F601313595CDEA3A37E81D89E7CBE0F865264C7AD74DA1C7C10730,152
com.xs.armysniper,7A4C0ABCD8131857D200DCE8F3F481142EBC724D9F64AF7DB30A90CDD75353A5,16
com.dts.freefiremax,7E363E17859B0BC5C2FD71DCFB3E4275183B01E19A6B6C7939B40F5EAC049419,2019112362
com.wordmobile.waterslide,7E6FAAFED6F91EA36A84711FC1E3796BBE7A44E7228CC8FF0DFCAE220135CFBF,17
com.fxb.prison,9BA128DBE8BDEE3FD690F193417C21DEF3FA9085AE87D3DEE62D1E84DD95BCAF,15
com.studio501.curvypunch3d,836C6305351AB1D668C59F2F3C4A0E44ADC7009269CC6077AA3C3ACB1F179659,3
com.atomgame.gunwar,F394AA6DAE08577A85C3DD13D01711350787BBA278CB3B810B253D6504C985D3,290
com.fdgentertainment.bananakong,C9F6475B7FBE685BD11AEB475A77AD958442D3F7E2EC6B80ABF9D6BEC710B9B1,1090703
com.bulkypix.deadeffect,E2118C6D92E738382DB01CF3B14A87138AB291271580118C3F09C1DB38926800,15
com.ninjakiwi.sasza4,FA0E76700E48F6FAD9DEA770BFEBC43EC39CD39ECB50E16118C2B1989F043DF5,10900
