package,sha256,vercodeair.net.playzio.logoquiz,C891F49FDB0CA4BF5BBB1525C24B2420E401D700938851268FB03EBCFBF4D767,4300100
com.submarineapps.mill,8EDE40B4913C638A1A422DC088B7FD2875FAF0DA1640B6179E94AF736FF6A134,700352
com.randomlogicgames.guesstheemojimovies,DFED7437E5AAE085D0737BB8813B8E6893CF88549E2BFAC843C9C9BC87528C76,411
com.nixgames.truthordare,236DE70253E789F933E27A60B78412BBD21F2EE4EAA72DF613D0DEC9DCE47632,112
com.timleg.quiz,6FB53141D1D826DCD0C53B6E28853EF77981552B13AB59B217E3C1D361955D01,1000
com.unicostudio.braintest,0657FFB8A67665C642476746D4F6F82BE2B048DC3B151D33EBD20E344037F54F,2721
com.taplane.iconquizm,3793E76C9D443CA3753C9D164F2ABEA280ED680B51131AF4A1ED1548E3451AE6,66
com.us.wouldyourather.trivia.quiz,1941B820082228FA3AD31205AD31006AEA273324721E67B9194F0FD7F99ACD66,27
com.sonypicturestelevision.jeopardy2,5FD18D3A57FD2BD2C1DDDD55F5D2088890AA09CFC13AF8686764285890F3AE1D,300120
com.wok.wiki,00254C2242893E513885D5A9B5D8E08B5424A2033A5E9EAA2467CDF13F0CF9AC,30786
foodquiz.guessthefood,2D720BB42B3B8148B7D1EBC15EE04AF1EDE35DB128C8907042E79BAF5BF6E30C,121
com.peoresnada.mental,55265BD74F3DEDE179CAD85105EAE4B36E67E01390E7ACF75ACC5C10CE4E4307,106091
com.taplane.logoquiz2,49A2FE7CFB63F11C8265BDF58FAD66BBFE2B87140483C1CD68E245A0956E5ABA,60
com.smart.fullscreen.id,ECFAAED3C09D372D8ED5BB9F5461FE09F0E61DB57016A792CA42B68288C03E10,24
com.onehundredpics.onehundredpicsquiz,321FF29422DE45B7FF5889568B8A97CA80B5FA4BCE8A9094BF04F466CB6C44D1,325
com.pilotstudentstudios.mid,D3B09CD97433B01BC0015512E442A278B7F206E4E011CB0DC7EA80571405ACBA,20
com.goxal.logos,79247A544966CBD7FC93C1A9CA37E20B32426902CB5D8AE90D5DB153D281B528,40
com.avector.itw.itwmj16hd,8AF460DC3AFF9050656DE12983A6532F51371D1474F655C06C2FDC4340ED34FA,46
com.xmonetize.quizzland,F47D172E962AAE8CDE5F0309D78DA2EF459114ED14256F02678084F2A5A63494,2610
com.cireracake.juegosparabeber,A8A3B455B3944F12C6A9D4F8FC11D1DC89ED32862A6B2E234916845EF7417AE6,83
digitalart.co.id.kodekerascowok,004FDD013F1A2565AE982DC4C849D94DC0ED9F12419C220DDF1675A7DB559E65,128
com.yiyou.game.trickythree,CEF6A17E4826FFFC8EA3A842D4170BED1211F7759C39AB90B2E1DD5228FD608F,156
jp.co.liica.mimikaki,005FF3CE37ED4B318F2059CF9665B4FC6ECA7E7F54D827A4B10D0CC5829E3628,42
com.jaysquared.games.whereishd.releasefree,A533E278A4A6E6BBEB0685FE8F61695C7AA377D88EC2AB735B1310595C42710F,158
com.kingim.logoquizmc,689589A1139039DD0A4C5C83B744C15B16BD7CE00FD529A8EF08B2E7CC4310DE,71
pt.wm.milhes,C2124078C15152CADA48C70C2F7CE936D814886EB23378D4E2E72B1E8064CD41,32
com.asmolgam.monuments,4E175423DAE4D21D11029A6EB8D0E5905DD0C5F6A795B789F606DA225DDAD172,11
com.guilardi.eusei,1B8901B2400F3002ADD0D899308CADCF71F46D5C7663ACB83970325EE1DF3B81,3140
lemmingsatwork.quiz,648301B4D668D6420998089A6362525857767EA25CD07A5C4D86EDFB8BAC62FD,62
com.qoni.guesstheiranswer,00A90C767A5C5F236297F2DD89F882426117F269AB74099D2A257FC9FC70B8FB,89
com.brain.game.word.quiz,6531390C22293E4F88CA05B3D84835FDBF1EE60394C105CD60F35A04C04BD755,17101
marcostudios.yesorno,B8B301FCC22859A2926B25E5864F15CC88B73F1CFC39C09D24598D5D21EB487B,68
ar.com.develup.pasapalabra,DFC8D843981A7B5DFC6877512868AFDFE6383C0BAD349FA39D53621A75BB803E,89
se.maginteractive.quizduel2,2FEFD3EF1AB0DF1F4774515C1A2BA1BA31A1731AA61A74E6E53BE5B5ACA5A50E,116100178
com.kumar.ninety.four.percent.answers,3FEE20DE6EF72B7B4C0E14FFEFF608078FAD95E35F0F2F707E3049D42E06F312,26
app.playandwinapp.com,BFA547CE8B0BF2858F4D1DE0DD6C64037246688B13693FDD0599FD2354F36198,202
de.habanero.quizoid,97B230DC4CBADB9055E4D4F8D4D2537BF731CCAFFFBFA45858A2D54D0C9FE7EE,104
macrostudios.howwelldoyouknowme,0D38BF7C6A131E084B7DBFFE09FECD408BE55244522267D9C879B9EDA9EB88CE,44
com.vgames.millionairegoldendeal,87708397C8995FBF87B2726525B7C6DA5D75CC85194C0AC85F57477CB86A4D43,19
com.ekatommyriouxos,AAFD65E24D7BF35B27AC412FA661452351B2D9F059F05327F29E0EC9C16F4F14,172
com.boldcat.turbo2,602F34E6179180F31B3B5DAAA318C58628B0DC371CB563073BBEEF1F46976AAA,75
com.yiyou.game.trickytwo,5A0918F08C58CC0BDAAD3131EEF9F0B8ACC109766E2BF38580D2E921984C4D6C,131
com.mtapps.quiz.football_clubs_quiz,F6DAB289E320AD6F5D63B74935536B9CBBCB30C3FDFCE5A7D44BEE1064903365,100
air.com.gerwinsoftware.quizpanic,96AE42B6D1B3D88489997F4C4352256BEB453924379EC6B91D214FD12AAEC966,1007003
kr.caramel.quiz_stickman,83FB4D8A8020E19D136EB4F3A9255058E551C80D88AD8D0A41BF8319E346C426,422
com.sayoo.think,C0A4CC6CB87B83525BB5DFCAF2D2E26A88319A4FFB360E5827168EF17D93BC4E,206000
com.finjanapps.syla,501E0F8D0DCC944F55A6A72857C22DF09B6045B7CB5B6D5433FF5F30A5117713,165
com.cadev.thewall,23F941600DCD759AA978A41838A1473CF615A738A5C43E2603EB7B3386CFFDC7,39
pl.filing.samequizy,D7FD058FD846FFF96607A6E18445F4F81B7F33791658C0006D78AF0032EF5C48,259
com.creactive.quemquersermilionario.millonario.lite,DE5EED403EFE589268D66051178CE7059065B369FA9466D826F6AAE48D103FFA,216
digitalart.co.id.kodekerascowok2,D46285F3BBADC3938D11D7FD2808CBE1397514890208AF226187DD5E484BBC05,126
com.etermax.preguntados.lite,BAB0F8E15E73165D7939AB92503D765A7B3BC74C9C2741E7970514774425BD12,647
com.almondstudio.riddles,C47C8F127CBC1446FD0AB9BCA8DBA09EFFE1BF757454F3CFB1CA8756EAF98226,1032
yesorno.sb.org.yesorno,E0BDB70CBD7C71CBAA44B241B9C3210087630B987C2040FC811D27E64B908570,498
altergames.strong_link,F035B26F53F33CFAB9906756DCBB2549494FE93FAD94E876D51F2F2BAB459B69,151601
com.msi.icongame,C97A442531581EB7BB2D7E31004E5651105A9AD71CE6426A35DC2C54AB9ADB2E,158
com.pg.wheeloffun,01F086B86B040C8682422EF8F5244888102347496D2F4646327FE4791C18C105,200048
fr.meilleurlogiciel.culturegenerale,06B220C0452DEB25DB02ABE943395BF144680B53B14418C08DFEC37E5B044789,40
fr.two4tea.fightlist,314CA9405032832C4F05CE0360693250736161A434AF6D825896DA8DC9530D26,284
com.lotum.quizplanet,D9FDB093FD982AFBA38C51C75C7E2687304A08E1F6CD575B89BFA7DD02DAC1A3,129
com.creactive.quemquersermilionario.fr.lite,9E0C2B5AA8DA1A82DAD734284CAA94F24C7DF8EB074A1617F1ABBB926C598F2F,216
com.edujoy.skills,C11B3D2BB5D927D035578E25850DA5519FB41AB07D3044C60E76843E74FF831B,66
com.cashquizz.cashquizz,492EBCE1CE4176B8FC8040D6FC7044E43979754F7FD94861494E10FD27D95A70,401
quess.song.music.pop.quiz,AFD3F4812B720F3D12AEAEC933E0F1EDA855120BA863F9EEF8458F26DE84C570,447016025
com.taplane.logoquizm,E01DAEF243A8A9D6DF6FC8A1846DCB776AAAEED9FF79AA9A77B1968EB281331A,65
com.cadev.boomquiz,89CC469270D4B2E9E21CBDBAEB43E2DC14B29B542829661062E023DB9DFEE33F,49
fr.apprize.plusoumoins,537C098DF37D057ED4BA9BBD5269D532B5071893FDFE25150E126C06D1A71BBD,30
com.braveknight.quiz02,267E6CB86DCD6FBB5EA70F09559E796D660780DA9F4C52AC18D6FDDA6268B65D,68
com.creactive.qqm.pl,2690CCBF3270AAA8E789D7D147297E0E0CE825F29CD1AA12D0AA061125911F24,212
com.tekseker.hayvansin,025411D033D4CE58D3BBC9CDFBE71B50E556077A6D6300233EF5B5EE515A39C3,108
air.me.kupina.EnBuscaDeJesus,026D3BB55D751835FA0FBBA30F545266C76CDC5816524E17CABEC6E0C42AE6F7,2004001
altergames.intellect_battle,48CC35061840F19DF44BA7F13C37E46D21C223CB07138AE51C7A89C6B2849CEB,221202
com.fjimenez.resuelveacertijos,DD3DDE3F4BE48F4A64DE2AE112F8B0AF84F052A0E4BBB5C5EF7D71B184E4BE04,237
com.imagzle,3BFD48BAD11BD349FE40FD4C793682EC46D41E6400E37C8BA700D83EE7BC3251,4197639
com.naritasoft.thaimillionairephoto,97CED2E2A7FC1115D86879B17BB581F46CE7BC9B1220EE22ED5EA50AD6F99624,15
app.free.lucky.quiz.us,2164258FD450B9C0E8B2ADA43C51F10C4A1784F2E8BC6384B33A20BD7DF7C988,752
com.floppy.quizforlol,9D9E5149BE696D071F9483EC55697BC319DFB06E1EC5CCBE7AFCFBC098A0904A,43
com.vmoga.dtbd,02995FB33FAA6939F02EE00F0C70100CCEE0665EF0FF08541274E8176403B7DB,800111
com.zagadki.cebulionerzy,A5D6AE62E3870CE5398837581F56ACD4AA4AD3E4517FB07FEF5EE26EB99BA1D3,1000008
com.oyeapps.logotestbrasil,3DAF08CF6BB00BF5515A239C53A1D94F95DE687CFBA1741DA0233E8298F70D84,24
com.rbs.milionquiz,02C50953BF6597F77BFA25C9E2DE130C8326074C920677EEFA27D2550946A784,18
fun.arts.studio.rotate.baraban,20D1441A3E1D5024DBFF643B497454CBC8A48D434D3C0227D9AB710A94529B47,171
tricky.quiz.test,C2FC14509DF087C50933C9CC56AD6846FD52E4F5353191E6F15FA571586197B6,20204
com.naritasoft.thaimillionaire,588108D05D4993619C38A8E9CD6AE1465ECF6B9408BBAD8EB7D1701084457CEB,24
net.wouldyouratherapp.wouldyourather,992220C39989E22DE5FD92EFE012E3AB0B3B482F3273CBC8844128A4FCD74546,37
com.intermedia.hq,A120DB4D0DAC531C5F84BA546E30FE60A9485F18A19A6792B026DA4800A57A10,226
macrostudios.guessmynickname,EB550AE80A9A94996ABE83AA29F0AAE62D7031D921F7A86EB3A04A693468FDEC,26
com.gedev.flagstwo,1AFCF14EEABF7208E46F25F75A0E53B00C901E89B6A563022F2B0EAA330A8DC3,10402
com.ricardoalves.quemquerserrico.lite,20A3125CC42EE3C47B96A89D20EB15A2ADD99F73E563ECE52E8B3B61C7101164,32
com.creactive.quemquersermilionario.de,478A7013ED05C0C0C09E8EE9BBC1DBA33C3E967ED13819C5535AB16093194DD0,216
com.nymphonia.kuiscak.lontong,562508A6A80B82F0542AD45E61B1998AECA57496D941DF0A895E4C707D469D39,6
dh3games.bfffriendshiptest,7C85901B443D6ADD69216B68D8FF836AF76915A78738023704EC620E9037D0B3,65
de.androidcrowd.logoquiz,9DFFD56559CC31AE1FE70D1DAB268BC82A5187CE24317CE590048969F9DB9BCA,58
com.the.arabs.billionnaires,F18F6F33F278C51DE7008A78E5A1EFFA24A0548F4CCDC93E8F8DE6ACF94FD1E6,4
com.freepuzzlegames.logoguessing.quiz,A041529CA2D722C72C5F2B3BF82A070B629CB8F1C3518B6BB869648ED97876E2,63
com.almondstudio.animalquiz,6B105F6D5DC1C86EC650EEDBD9BEE4B22FDA61980D598C13F3E3DFED300BD672,36
com.robi.winit,402F876C00DE9DA977F97D9DF557E59007902D1E972CAEE5C8E5A326D0605451,151
logo.quiz.guess.movie,53F1923F5903CAE24039AC6D21E241668ABD2EDC46F2991602EC281758082439,52
com.uzprog.tof,F47F8701BFD0AF54BAB40CA8582E9289770E4DD7C3B36E84A278B207EF5FFBCC,36
com.knowledgequizgames.stupidtest,D1106352E59A18A6AD3E08930D8B14E0AA9EDADA30F74A816A9FAC32BEE8ADAF,11
com.iseeyourface.quizmugbang,8C93657414BAD3A50561FF92FEA35128D6E084413317ECDFB00A57CCD463FECE,55
com.trt.bilbakalim,81B47CAC7138F48014E8BF8D89DF79498C041DB5BD785BD032931CFFED35CDEA,162
com.scimob.ninetyfour.percent,A3CBD804EB97D5A6220BFB8E30938BEBD827B67F6575DE613041AE9C0A7E29AB,203
guess.the.movie.and.character.guessing.games.icomania.guessthefilm,20B67C066ACF2CFAC613FA50B56635721B8E3B75687CD51AAC45F4760B6BB005,9033
com.mzgs.bilgiyarismasi,B8548DDE059136150F8EF7043372DA88D13E3419E6D5251166254CD79F98E5C3,36
com.tozzmedia.trickme,CE48BE37CB27D219A311FCF458C733EACB462B2DBE5D45352D3FD6E9217B9B7F,89
com.codecomputerlove.higherlowergame,B7654F98EAF3F3E55632C4987BD410A88BD9B37B0F7944D709E3AD56730CE2CB,600381
com.vns.three.quiz.logo.quiz.flag.quiz.capital.quiz,F9DAB8A2133640A2E276729CF7BC060EE0BE051FACE5BE4FC8166ED6C08EF685,400127
com.xinora.charadasadivinalapalabra,A8A4C79F5551BDA9AC74218D81FEB1D2BD5C8C6458B6420D0294F1C5FAF68BCA,11
com.ninetyfour.degrees.app,3FDF270E519D47FE295140F82A1ECB24C77E423706798922F3DDF04019F222BA,61
com.qiiwi.backpacker,5B32538408C2A9AE234C83B9C528F2F8161585C1EDD13D47899F0E356784B206,112
com.wangcheng.logo,5533423DEA2B2AB2AF8F13DF36594E5E8F22155AC66371F019E79A9DD20BA8DB,35
com.gmail.troylyndon.PlayTrivia,709847C89A57AFA68D5DAABE3D60566E1259DEA52F1F115E8DB7E17F76D38592,1179
com.nirogames.AdivinaLaCancion,0A5F749481D8BF9034AC73E15AE7D9B75A9ADC3F39C09CA89523CCD113A204C5,16
com.unicostudio.whois2,88B4DD574C1E911BE804A2E51AD3DAB13FC49AA46495C79C02845C808F531361,7
com.taplane.logoquiz,4F75A822FFFC36790648A9476FE0CAFCA268876B19FB650C3E15C08066D64CA5,59
guess.country.flag,D72B800082EA0E3ED214730BF7B6D6940D8C0DF6EC28CDB0D8D15C83E1CCE051,20
com.etermax.trivia.preguntados2,613D910E88431FB0EEFA861F79C4479A0C266586330FA0A76EDE99F09063E533,280
com.jatapp.elmasterdelabiblia,A4CD8DF6C109BA3D0EE019CD3A8E00AA27598922656A8B1C3030F5D7267CC007,73
trivia.world,5C21AD748F9FF81FA12B15BCB61804C8B6FE1711F05C9FD41803C4FAF770E3B6,49
aasuited.net.word,C9A13EA3AB2483B839DD9A1EFB029592C48756C0A910603C4B128B799922B244,199
tr.com.apps.trivia.race,398E201B90C9DBAE8E861437DD9C607CB5D26AB7D4002EB549394DA80BD70696,11307
com.randomlogicgames.guessthesketch,2BCC2CBF4F344C96E3B8A30213FF0372E3698B66A9F8F6304534105661853381,50101
com.etermax.trivialadder,4F4C3A2A8AEF1CACF18FC96E55DEA3CCEACB31797CC3D7F03CBE8C330DF7B383,86
guess.the.brand.logo.quiz.icomania,A1832A26DFBEC6871554CA67978DD70042B83DE9D3BBBE6F92EBF200854CEEBB,9072
digitalart.co.id.kodekerassenja,82066712366E7CCBD0FDA6B595467FB66CB0FC7C9E33C7C23FE6CB49AE05D53D,113
com.unicostudio.braintest2new,058B069F449FACF47B69EAE35221A78BF9F163B944AEE1EF10E1C56158C8C41F,166
com.thxgames.triviador,F77ED0F19BCDB2CB353539C9E7EC3E5ABA22BD61AFBA8658AC32B758A27D4760,100500011
hmas.category.quiz,53B603ADAB8EAA1A4DD4930392F05980FA165B725730061638389F1CC53FD07E,53
com.magmic.android.squash,059CB900B080EE8005A58610FC47CC906C6EF292E9369C9A2AF98431C126D317,429
eu.appsolutelyapps.quizpatente,65EEDF741665E0A94EC008FA642C9A95AC7612337A5B46995511A83BDCF7AB35,104
com.bestgame.theimpossiblequiznew,1A3B8C7628C4D2D0C4BDB8392ADF8914BFBA22BA1E4C69327D348F62EAE64F57,105
nuea.apps.hexws,0D5195B436CA238CE95C7610F73B963D5AAFB84FFD5B9965E86EDA9ADBB505D7,112
co.palang.QuizOfKingss,060FE6F324A7FF994DBCB786A65A45EAEDBB458DE731622B2B7293A008ED2F30,6695
com.alexappcommpany.iymnik,1A758DE02FCBEBC5249F620A5EBA7CA3AF26D95C17C75DE636D224CF39F29665,1002007
com.braveknight.quiz01,062D39CB6D0801079D0422DB62953AC7EB7D268741FC215CF69517D059DB4D23,65
com.taplane.fourpics,448AB7ED7D451D3DE26BC119BB45B716CFC9299A96EA855E8D4E7A0203763DE3,68
com.mas.eso,3741B891D9FE7301D66D63DC22FF589E4CF90EC1D04598CB6736928FBD29DC21,25
com.guilardi.euseiabiblia,81C725267ADD91F80C1F8C2B572D9B94CD5356DA144C3CCCEC3A20D39DE72AA9,3119
com.creactive.quemquersermilionario.it,F602AFFC77AC169F70D75E03229335E5A2A5644DC403C9A3642414E70D024DED,216
com.xmonetize.quizzclub,1105D9416B4D8BB50F5B6F0D597DE9960AF34B6AED8046E038D5C146A177CCC6,20120
com.appredeem.apptrailers,EDB92F1AA6684AF2405EF430CC4248C2F0633F568394DCB82D368D3CCFFFE926,611
com.diablins.android.leagueofquiz,06F6E6CB56E52ACC2DB8723C67BD718EB061782555B3FFEBC5B72C8550165FAA,1090002
com.softstar.Richman,BA9E7BF1876760883866607A9DBAA77791F0FAC393770377900AF9E20BFFEB8F,90
com.lunappstudio.orderofwords,4BB828447BD2AE7A2FAB4F54C38DE8B54A5C5AE9C15A2F56998083444869947D,90
com.relaxingbraintraining.triviamillion,1E139E7E84BE0F1C9C06E558DEE4D0DF917519EEB9958770DCB44165A8E61ACB,28
games.elia.logosound,3B11422003C7D3E17698256DBA0FDB9DE8AFE00BC03CC92597413057F5BC8392,33
bubbleshooter.classic,DCB915860524643F8C0FE901A9E21DC3F78CB9C05565BF5DF0F7731AF95D7057,90000432
com.kroaq.rightword,D92FB575042209E1B90F65EC09A05B745755DD98B2CD4EA8324FCBCEE41E8F05,30
com.niceteen.games.milliondeal,075AFC7ABC45F0844B6674FEF822EE6D0FDE87A56605064C81D76108EC06D0F4,129
com.happyzebragames.photoquiz,95725E3FDF462B31E667F8B503CA68A8A9A6738B7D3ED436425559B3BEF20D75,95
com.sonypicturestelevision.millionaire,DD8FAD0F4A6A90A4FCD9328EE17D019B0A74AFA5591A9980D8420F131D997B86,300151
com.educ8s.eureka2017,B89111736C87A392DAFC856DEFFF98BEAFF0341252248D5BED3391194A89A43C,147
com.trieuphu.doccauhoi,EEAD729F649161DA42D35FCC9B0645EFB6DB74C01836333BCE4DC29C75CA624D,21
com.librasoftworks.quizbie,BA5B23DD7727AD7BF45761037E0C0315788556108500BC02522EBDCA8C6D7242,30
quiz.bilgiyarismasi,CE0D6F38F812A0FDA8E4EC87B52E242C0EC4BFC94B671336E04FCC44337D9498,34
pl.postaw.na.passeratti.janusz,F9820ED517A9534EFA69296836901FBB7CE5258E8A0CECC6E5F89F4EB4F7BBB0,21
air.com.generamobile.colormaniaguess,68DCF2E33DA5876A9315DAF7E782112B4ACE7507D94618E2E5B472C835FFBF6B,2000013
com.MovieFan,C8EE54ED7B2A152A7678D8CB31AD6946BF030A591F7567A274069D60A94B4D03,12322
com.netbu.testlericoz,E897ECEF9F45E7F3F7AB5D56E698CF429E769B11D5AE40E72CD5BE65C3F60D61,42
com.asmolgam.worldcities,C6B46A91B2E51DFDE768E3ED45E5591D6A61B1987A04E21A7BA4B1314DAAAEAC,11
com.asmolgam.dogs,F823AE27E17B8B6CE1D67096924879EE71E5DFBB1EA584B67813C5757F4D7387,14
air.com.peoresnada.casimillonario,AC47C4DB66399E46E9A4A84B9554BAE6C4EF467D02E9DDA0C25E54F5E459696D,3000334
pl.pierwszy.z.dziesieciu.quiz,860DF6B58C21A53A4B806B07386CF68A5B6D8206A874929DDB49A8F3220AF424,51
mobi.nullkm.logoquiz,081133DB87CAC585AA73026297F20D5D5D4D7A429DDD54442D0813E32DA64A5E,63
es.treebit.noumi,32BC933CEDCCAE70C6E9B7CC465378E3A1530B16DF461D6F3704D63FE6B470BD,30034
com.decide_toi,FA1AC21C9426FDE8BAA0C72B9B6DD93D57E567025C4D01CDF041C1D399F0BCFF,33
com.techniman.kalima,77737D32773E42954B37A0EDC1270ED7EC124DA088AC639B6A2DC774D9BEA51B,23
com.san.leftrighttempo,083DBA62D5EF86D311FC6FB7BDE8D10A0AE0AF3DA0BCFCF547A973615F8C162B,200012
com.works.timeglass.logoquiz,2CE6711135317ABF050E0A00DD3F2CDCE2DB72EF0B89FACA96736C2816916B6C,1132
com.dreamlabentertainment.wouldyourather,A869C805BD903B31569D0681EF4A917E1897CEC485741EAF63134546D44D75F0,33
com.msi.logogame,1D7739AE77318C9BEBB2496381F5E441B3AA4B4349492C93D07D62B7AB95BE4F,141
air.com.kwololo.VenezuelaQuiz,C6CF2A9189C17C9A9E87E77F127DC1ABC52AF5EA278298A3B34A4426E6116AAA,2061000
com.quigle.quigle,F9FADC64E5C396F78EC3A6E4A0842E15A4D6EE8D8E75F7C4E753303432005AA2,30
com.prodege.swagiq,D6FD68AA633D31D183D5884C70226DCF026D91FDD57E5EEBA41252B6E044DC0B,37
com.onemillionairetrivia.m2K20,DDC008EA941274ECCB4C2E05E703D71565C8661C3A708F5D2D43CCB44201D35E,17
com.kingim.emojiquiz2,E4579B34DAC9749FFEE0F97B13DAE9A721F1F35721ECEA5DD629499424F0B278,81
com.yiyou.game.newtricky,4528C114716816870487081D91FB669B83460FC52E11FCBD1D711778A4340EA4,161
air.com.zanorg.crazyquiz,C16845D43E2928CFBE01E0BD0AC0B69BE655DEE1B107DA078AC119FAB1A75629,1002006
com.arkay.gkinhindi,3F20061B872A53E4888C8AC0D6972C32046538475F19D4F142304DE032CB8A92,42
com.adprodev.kpoplogoquiz,09615A424BB2F51771FF2AE59CB1EC321626B171201D8B0564B9433BF4BAC277,10
com.educ8s.triviaquiz2015,A767ABFCCCA8B515ACCFA7647204C4E31BEEED04B783FD689DC3C6DA3338C946,82
com.us.wouldyourather.trivia.adults,539DB95180170A62F64D1F190927DE8BF721F416C00894F923B05D5A8CC894B2,17
com.asmolgam.flags,097EDB4466091BB068031CD9812B091F8FFF93DF760F3784F81AA505ACE2BC84,13
com.bergman.quemsoueu,A940FB7F98862D97172940D1D39AF00C9C23D5194E3652FA186C898F442989EE,28
com.openmygame.games.android.pics,43D24792D0BDCF4D9483C75F4BBB0D9ABC15E4C3A8F98EB3DF1E851DA3377E81,36
com.aquaman.braincrack,AEC7EF9CFCCACB2FE3285829ABFFB33B745E35397F8F22A03AF3015E1A3D7506,16
com.apponly.adddot,4203C87FA9BD161B19ED93AB3018BBEF76EC71EE1984457855E8231590E348AE,34
com.taplane.emojisquiz,4AED4118680588CE667F010DD704FF656C4A4E005DC5ABADDA50559E1B1DBB42,85
com.avector.itw.itwbig2hd,09C719803DA5C47A89876026293247BAA1852775FADD9A310AE61D9F4721559F,28
by.panko.wherelogic,4D79CC9C2975E123C2EC7B147CFBF16DBB2302A00B2CBCD2BB409821FFEA4FD4,3000000
com.age.wgg.appspot,180FA269CD33BD177C4F8095EF5213F2946DE796869DDCCC3C66CE646E58583A,166
com.havos.g.quiz,33815FD6F7F0707D4D78B87E9229F4E0B36E5C1B685DCA6B5A54C4ED76339598,28
com.quiz.trivia.logo.pics.quizworld,0A13155E288859A3420D96A8AD932CAD021B77ED5F2F6EF7E967BB936C72A4B3,122
com.trivia.star.android,6A9C8D3B7FE2B45D1CD359B0463A67DF1CEC6B893BE422255BE42399FB9B6972,400172
com.Geography.Quiz.Game,0A50227EB7AF1721C0697DEDEDF10E51FF00AAC9BDB8AAF363B52B748AF5B3A2,26
com.digitalife.stiisaunu,51C45FC52A60098BE048F27671C55468D27BE379C528C107A2FE876C17C9910C,40
potint.logoquizflagscolour,D49311681988AAEF096B76762C9B397A951C44134CA307F68D200F6D3B395757,5
com.unicostudio.whois,36F607C96BF427CEA927FA9D9D2BD3BFD0766A89CCEA31087489F1386067EF09,18
com.snstu.kimmilyonerbilgiyarismasi,5B399DF18CB34D8F9511A495E60E082314E134976FF61FF5FC8942EB912F41D8,76
com.taplane.twopics,36B1C2FED5105BC16D434F3CC41195D1BD77505B99922F52D2D4077F11D1F036,54
com.reddream.game.trickybrain,7BEF8A813FB98432FB89370BBD40A376B84D0FE116C71D95793FA7DC9B031AC9,30
com.awsmaps.quizti,E10C6AB81BC0A728879D3654EE5C6EDDF3A3559C95B09571DFBBD4965B57D429,106013
erseco.soft,0B32BA3D49CDE3A483DAAC71036792490ACD14EDF23F7DB905BAADCBAB1A5E93,20
coolfuture.quizguessthesongs,AEB5E2659E3D5A3ECAD0BDEEA5129A6B789D3997F225677174200AC039677AA5,15
com.fullfat.textordie,0B44C16EB1872C24C125D767C75859E9E5538710A7F2572511FF95FE849E9FEE,20
bouncing.balls.artworks,D40004E4EDF3E65AA9AFC1836F7E5D61B2CEFE2CB8F148A13E69BB889ECD5B3A,90000055
com.taplane.triviaquizm,F45C1519DECD8CE7D0D56253DF630E3C7E3B992467572754C16656578886E275,55
com.artadian.begenius,23E771AF6BCA424F6826251A83A20D5B5FADF251C6FD9F040DFE3FBA4DA5A6C6,20003952
com.mobiljoy.retosnovelas,1BE53869D6ABBFCC09F548767DA592F634040D43AA343EB863166F56C2919066,1069
com.gedev.flags,1EAD0558EE22B1DAFA73E754807ED275165942826EE036905D1BF6593F5FD6E3,10852
com.premiumsoftware.animalsscratchgame,ED73FA4ABD0FFB3F9CC8A2B9CC58D63CA135D9F971626188AF65F8BEC7BACBF6,26
com.oyeapps.logotestworld2,92282781090D37D894DFFD53793C91A023B6EA9378B5279ABFB2B7CCA5F33898,66
com.playstation.kipdecades,D98388CF19937FCC7C682CBABCFEEC769FFE7AC09D90B6F1F33EA8BB728B1FA0,10404
ru.allyteam.evrika,854AE6C2B87C908DDD751C62428734C005E5C8210EB97A90C98DB3EA26496C72,1510
com.octro.donkeyquiz,447CC3A33FCB76851344C788D92CCBD9536CDE98F4819D843172EEFF6EE0E239,332
se.sventertainment.primetime,9E3B698939947B1291B821C56EB4FAECB32F17874B1A5BD6F2D5A228631CACB5,2001017
it.curlysapp.whostanding,B82103F22209847A21B4CF402FA91B7E6E53AB50A0EA0376FDAA066CD56FF9AE,44
com.guilardi.euseiodesenho,85F991FBFFF95806E7DCBFA80A78A020B37D6C63AF9750F3C73AA87B5C240F6B,3120
com.analizame.test,E632CBFB9A0AB57D2F34C78B4FD673E620E8C08F9BB7B6BA64F4561E8F4C1EBB,6005052
com.boldcat.football,2E32AAB2B7E7EED8E70EE70F05835B2C2FF90ABC4412C754BF6FC6C40D22E582,50
com.webtech.trivaa,BD1B074551E6D5086D8DBB7F5A9EDCB871336819FDBFCBA15769E83171B065B0,136
com.enrasoft.scratch.character.quiz,884268A09FE84493C476CB8906FFF63068163C05F2B72BC7976FB2544A7B74EC,26
guess.word.ansver.pics4.quiz.trivia,0D45BCD354430AEAB4022B83999F8F49912BD0C5F254D40F0416199FF011F8FF,20500
zebi24.guess_5,A4550DBF3896760A75ED5FF45326E315F33BDFD647F4D7632464F010902BAB08,47
com.aminota.tupreferes,F10EB3015398A7C556701AFE9B471FD36C52A1900499CB27AA035411F3AC6330,212111207
com.umi.feudlive,6C8F8B39261C5C3081D6A50656B8E7675467BACF047D02CC36DE07BCC6C44B13,420
com.gmail.ramosmarbella.squizme,6E27923BE163B10EA7D9A24CE77269490DE50A0E00B098E535918233B10E0017,78
com.diacoipj.QDay,17FAF960D008D285FA744E5CD2B2B284E73FE43B5199D1D63C2C0207D9F100F6,51
smartowlapps.com.quiz360,4321330B14CA721FE0F2BD2D3D68F42E9E12C6D9AD4BF547C9F368DF674B872D,106
com.krembo.erezir,0E26B8FD8C3216AF66E31C96C743AF62CB36F4FC3D30FE0C78E324A399BC272A,48
air.net.lol.gq1web,0E663082F44AC225E285960E4C5005D640660996221EE8AEF1AAFBB76FC2E842,1000002
com.ivanovandapps.ftdiaa4,7CC8119F9FF3E352E3B3E53C30FA8620BB4CFCA3C362F752A3755A65B4B991A3,11
air.org.axisentertainment.BabyHazelRoyalBath,DACCF67E9CAB6124606E8E5BF94A11F64742A332324B69954A8493D12E6D5EA1,2006001
com.bedrill.quiz.flags.capitals,E537F91EAB5F6D8581A92FD514A7E2839CBE00B8C7C2BBE24CDB95ABF9F43A09,750
com.pinkpointer.wheelofluck,392F61CB77AC863ED3792E411B32638D981D03EB5FF0F20A67ABE2C501A5B7F4,20207
com.Syncrom.Acertijos_Adivinazas_Juegos_Mentales_2,1A9A59B80465D4F171C24A04F182C8C7E83AF1E5D047DC5E40FE0E540DD4F068,5015001
com.HighlineStudio.LeagueOfGuessing,44A1569893CC618719817911AEAADBECF69F0A90326864B23D884A74B2DB7200,130
jp.co.liica.mudball,0F1ACB149C4F8D189C782E690091633D1A2809080779B4BC9F5E600902EA242F,8
com.alexappcommpany.True_FalseNew,EEEDFD4C4B76FD5F8748E317A0DA21BD57F5432D278646C929B9F539E5EE177F,1002006
uk.recursivegeek.wouldyourather,2D3C87B03D5E9F1BED9D007377A9EC4197798992C5ED9ADFA54B627A419508B7,34
dh3games.stupidtest,D4D66917DF3C22BEB59BA1FE321CD1FD2DF17A6D6043D66BD512E1FDE45A1043,40
com.taplane.triviaquiz,FD4E1A32141971D6EF9F2D1F4F5F8A8ED96C1798A04D3C4EA8A5B9D1D0E6F64B,85
com.alexappcommpany.Im_Psychic,0FA36BDD2D377FC3BF79942D7882673328D19C4981BFB0DCCA034324A3E1B7ED,1001008
br.com.couldsys.desafiobiblico,2BB21DAF460E80E3E949B1E3A33528E19CC631F1B5351797322A68A18D086006,111
com.dodsoneng.bibletrivia,C651D68229253FFDAF4F1DFFA6165B6AF8698FFB9E218E5C0076D91E949D46E9,59
com.enrasoft.scratchthat.logoquiz,3CF05E07F686AB91817754965445A8BFB8BFEBCB053EBFF807EC8A68CFEABE1A,100
com.Penguin.ABeber,E30121C683C6F8E141DCCB94623241E9ED2CC22C43490920C47ADE202D6F22AD,75
com.damtechdesigns.quiz.science,D3831BF17C8FC17EC5AF2334DD6DE0FCD8B856E49F7A906A6A107E130A584D4B,67
com.eightsec.TriviaIO,7A53E14A48FEFC889CC43D67EF556F19B87B4BEE00A670CDBE0610B59B7AA947,1508003
com.mtapps.quiz.flags_off_the_world_quiz,ADD66434E5CC4187848C5FB88BE562BB8CAC733170F8A88AFACF14DE5DB4B53C,79
com.fortune.phrases.android,1028CFCA0B5EB0E9C810034F8FED032D8118D3626D08B55C2225791CD8DF60D2,400118
potint.adivinapalabracorrecta,1AA6D710B3C201E20DB68A7DF12ED3F0E1B99ABB507C11ED7349D033080780AA,7
aul.irm.triviados,8A5034F5F5BB62ABC67462B5C16F268A046A27FC4BDC11428FA5A8D702D1F136,143
com.mobilaxy.findthedifferencehouses,167FC5067A24F5E2E6E0BC7904CA1D2F6A86D3CFD7F966511059C7D6FD8B4540,55
com.levelxcode.justriddles,CE3415E8576F75769EBBFCC8AE445AF09B02FE7DF5B2C31D9D4A3D5FCB4E4314,42
com.alexander_menjivar.Cuanto_Sabes_de_la_Biblia,109CA69DF7B1AC717EC1AA1E6B318A889B97B4D70EAC8ADB3088A33D8957A71B,1001009
co.quizhouse,E89767FBA4AA5B7366F8ACEBAEC6D155AE255ED6CCFB9D259D931C635BAA7F79,1315
com.cadev.trivial2,10C2122396ACCB5565F9989B94AC45FB1AFC0A1C2A4D63DA0D1B27BE25EBEC96,47
com.niceteen.games.dtbam,C081BDAA795A70192B506107A0FCC7045D49B1073B07624B1CB14A998400A140,400151
com.gambirstudio.tekatekilontong,AB9426C538E0AEA3D82E446561AD03893A6012B36225FA58EFA635E83AA1919A,300081
com.companyname.fortuna_na_okraglo,CC081B2F0BB3F0D35B373BE8C2377E27A45C916309E8F100F755447BC86ED39F,2000044
air.com.gerwinsoftware.superbuzzer,7040ACCB58CD9C2921D257B96ADC3770C1A31BCE3B79C6D5F79DA47E467219AB,1003100
com.kingim.zoomquiz,B98EB8AFA4C7B98811CED2C0154113C2187EF7A533505FAEC4CC24B0E1878BCE,73
com.animactiva.charlie,1183F161FBBACCE9CA3E6F0A4FDDBD4D78BAC65E52F3D9436E2518D6A1347E07,3
ru.samiy,1184BCBA00343FCD5FF52EC18BBC6444E07744F670831D909E48E7D960E091A3,210
com.taplane.foodquizm,8E80167C26FAF9774400C330D26986C3CE21B8F57AE5C06327E4717BBAF16479,54
com.macapps.ftdmac4,4AE7A0F28F3B4CACF1E93EB0574702086470263855ABC71796734F9FE597666C,7
fr.meilleurlogiciel.cultureislamique,B11395B16F062ED000106A943147051D64526F4C8FB1A142C777FE92DC933CFA,60
com.sayoo.challenge,1D131B36074C5FA13CD22A8D7B4B333A8463DCD7F0BF6334DC50F17886C8F469,606008
com.topquizgames.triviaquiz,876E4553D50192ED7DDCF1407916F7290C39F12D738DB47E5CA4587CA8E33365,46
com.tellmewow.senior.wheel.fortune,122E74553E5FEC9FDA64A9D230476A864F4B317724412F645D1AFD3125CF3225,62
com.victorkunai.Se_Como_Jose,125D64FA3E40A70BA8FC3F99B804621C4A5B57BCEB8A7420017E5EA2D5FEEBF9,2000002
com.generamobile.logomania,12B266E0CB9103F01804E7AE6EE0532FDB04A1C736C8671BBB120D558B223D14,3025
com.beardoor.mykoreanteacher,D8DF5EFFCDA809702E3E3B286274D36822F787B3367A50683274092C5F0A3457,52
live.brainbattle,9A1B3EBEC0D089832486D248A629C02893E139CD0DD20C838BF8A7A4549F3B64,100051
com.orangenose.trick,134C552F5F70C80D15F61F8A4E70ED99BFA33FBBE96F731F081099251E0FB6B5,32
com.antheu.aquiz,56E28DA3EC3979E972DC70FA560C3388C3FFDBD29E6314763BFAA6D93F5C887E,68
com.theangrykraken.trivial,CC268874D277F281C30C4BAB9BA96B6A8213CEAA6A4678E32FB2F9191581CC66,34
com.digify.eltrivia,5B4CBF6C2729D2848A414EC9755AE7DCC7F83BB94D3B229F454E06D1D8A9A018,68
braintest.iq.quiz.brain.out.mind.challenge.pass.tricky.puzzles,5640BE3832E3F732F674667863043F018505A41A78DBD094646F23412F26C7C5,34
farregion.eugene.logicquestions,78C10672ED483461DA889D71C0D3B247577F7AACDEF50AE9A623EAC5E19ACFAF,80
word.brain.guesswords.puzzle.games,1548C68630085C9B9C4C41190AC2608259DBD53D78087A129E01150EACDA9858,1601
com.biblia.game.espanol,BE5697B505962B43759DEB1EE5B15191BBAEF08312685405D77D21E9604AD2A3,45
com.guilardi.euseiamusica,2C7C7C103BCBB55AF5DB879A2954DC3F0BAA4FCC90ED672CF7EEA6DCDD2F75EE,3119
ru.foxyface.vulgarity,5FF6A8D9F617F7C5AF7CDA10D9FD590074C00D4D25C1F1ADE653B20B0ADF1636,27
org.cambridgeenglish.bravi.quiz,D1CF8171C914355B564EAE22C116295D47AFB7EAA7B5932AB5669AF36C81EE2D,59
com.gartic.Gartic,16548E825935D5DECE0AB27FDF1CABDCA377A987B8CE8BD7A4FA015981CDD6F0,200192
com.june.guessthemovie,ED386802C685FD9D1AE4A8ADE8630D1363A437679CA37D265969B5511899B4D3,55
com.hiride.social,954802C7364403C91CD38509E56A29AEB7DE314DA1BD27E26B454D225E26650D,26
com.simplicity.dziewiecdzieciat_szesc,18A18A4A0E201E2D4E5AB37A1A52A34B396BFD352DCC226F056DDC36CD750CB4,3000004
com.screechstuidos.gameslogoquiz,A0BF2FDE02FC27865EF2C2DC762C8322BE5A4ED58AD705E7F6FC89EF0696FF0C,55
com.iPrado.GuessTheWord,1868C5B132201EBD6C84222F83CE156276E0F91046FED1E7B6DCEB6842449395,16
com.shinbishauntedhouse,44E8928F1CCBC7FAAB131FD4B8ADF2D484CE070446CA549A8038971E7FB2F42B,22
com.MagicMaya.UgadajBlogera,49AE85FAF8C1549938CC5A68A1D2D07FBF59238B7D0307850FBCB6F9D577DC5C,29
com.appsbergman.voufbiblico,AB6D916A47F9DB9E9A2BE80519E5FCB4201068A2782A7198E9D929C2BC7CC43F,11
pro.cloudteam.emojinationtest,53266D6418730A9DEBE75EC7AA3FA27C1267A718701E26607972E92B99C40024,2000224
bolamagica.jocmania,92AAE899A5F54C38E79A84E7D3CAEAE6F793D59776780E828251AD6844CB84D2,6000000
com.tableknightgames.barraalsalfah,A6D22B81DCACA83E92EF49D9DB78B0941BDAB917E21B7ED4E0EEF53F2281CCF1,21
io.gartic.Gartic,A4F710EA8FCE4DD87D12882B653908AF71FBBD64C1B9ABED3838EFC5D929B1E8,104120
com.sopelus.elements,199F0E4B81EEB5C8BB32C346FC122365452C88D8627B71E0C34525AE740736D3,15
air.com.francetv.slammobile,43E1DDC7E6788721595F05461EC5487678920DD96039D14AE62DF5EB6704B897,1006003
com.atomiclocs.cuantomeconoces,336A15A16F9BFCAD08A17A59CE1E302423864DFA232FFF1459FE4AF6D097B87E,23
com.WasafatWaLamasat.Almilione3,AA179923EA021A1DA5B49D16AB499ABC8C81FFE8FDDC2C1A160AC993C2FE49A6,13
com.emisferio.yonunca,A53696C492725EA6C008A961ED197CCE93D0CBCFB98BAED7925E35807A0547A8,202019
ru.elleriumsoft.lovetest,B832CA03CDF06814CF7E995F921B47D6F52E11E2F065A69FB336A8F42A95EA5E,15
com.goxal.restaurant,B30A30FFD0F22F1A1ED5A20432C3DB426E6C06A657CB16365FFF10487FCADFC2,53
com.alexappcommpany.mega_age,1C0F61E8BF09FF16C306176124DF279AC048AC2FC31918F5B7465364C9D5CDF8,1000006
com.quiziopro,FC31285BD9B6037C42DD6C636B10E7B0016B1DB474D92E7402E0E357E09EC155,37
com.pmovil.android.apps.trivia,1D117C1D07EFAD87F4008B57B80227A85DB7FCF0DA3E84BCB75A1650FE517696,133419058
com.gel.counter.terrorist.attack,F217C50AA563043E28666B9CF208AA7B1B886C970CAD7CB9CDCF4CD595C08C3E,26
com.yunbu.brain.boom,405FFB1AE8B4D68B3FA7A1D9232B0937B6AEFBEE9C7E67EB16DABE1B38053EE0,21
com.carryfirst,3652FCE2329229DDB8BE33AC2D5C0C7AD53FFBD5547FEA35D1248AD89EEE811B,1565
com.kingim.superquizmc,1F28D2C9BEE841DF2E0B502C413381825B1BFA672547611138CA65251047CB31,15
com.oyeapps.logotest,4F409935E663DCF7101966B48BBE014020F4F7D0493D452465AFCA27CE0E7DC0,68
fr.two4tea.petitbac,1F66E9E6E2DB80F5D94AFD0C2FB05D8257AFE1D59F99377EDCCC03CC7355E955,32
com.escapefun.the100roomiv,D7391D78421901EECDA6E2B7685C3177DEC4DF8541A15BC6625FBBE58ADC736C,2000003
com.joy.time.cat,CB81556C09F23C609154D3C752DCBE56D71849DA06901CF3B1CC4386EEEA150B,20
word.riddles.guess.brain.test.tricky.puzzle.quiz.game.free,A39C5614CC3F9DEF404B4DAA6E4B1CF1AF27F863E9A1945AB392F223B9C0B854,35
com.chinesegamer.QueenChamber,207C035392C2A3FF627F303CE0698630D2B47757CEA17040121869BE5C1C1D27,32
com.diacoipj.picopool,ADB49C952CCB882D6296BFA81288C139D48B97DE1E08B88E27B09A5B990E0502,35
com.HeyNau.MegaQuizGaming,AE4FFF5CA2B1B74AEBF3BE90D1844CFF1A91BF5125655D1CA0C4A0873103E0B2,200227
com.kingim.celebquiz,68C819394C5884F6AC32F7801D5A2592B07714BB299596022F5C2152449642B1,17
com.ningarstudio.comoseescribeespanol,51CD6BC88FB570F5B12095C1E39FA22E4FF2FB261D343C9BEC8BC159CDF7C62F,2000001
com.gamesbars.ugadairusskoeavto,21D3C6397C5BBE6D903A7CD8A8FCB2A96583B20BF7D28D0BD30305071F833FB8,16
com.bountywood.trivia.quiz,E32FFC0F9F700FCC2033758BDF84D7B0DF8FC45ED66DF71F25B17A3365523CC8,22
com.qbis.guessthecountry,A09782260725F9C1A6882882EC020ECD42637A9853AA15A00901504B8C27551A,79
com.knutstudios.epsilon,223FB92DEB203D395AE3A3C5483A41C0EA9350B284AFCC27A3DFE06133815B8F,25
com.unicostudio.lifechoices,392477ADAE055ED429EE42C48B498F68574946DDFF2E1BCEC97F1C55463E9CC8,61
com.tresreisgames.moneygame,22DB95C49AF22A6CB752F90AFC43CA0D5ADC45120E0F1F28B5C37B1332B1A4F7,8
com.bible.trivia.biblequiz.es,2317019C56AE2FE9933F8464FA718B82557B6FAEF94E14B08DB4C3C77713AE46,7
com.MagicMaya.CartoonQuiz,5FE1B21529BBEBA9D78E73037567B6DFF4C0E30972C684A1AB9FE82B8307F188,31
com.unicostudio.braintest3,7570C628DE2FA774E0DE403796578DE44A384BF85D52102B765719904D14829D,37
com.momgame.candyjewels,A716C24775742138C3496DCD009459E1F75FA95569F629BDF46B80D1EDD521C3,42
com.adprodev.kpopstarsquiz,44BFD726E78544BD5A86C9673416AD50E2C2BC1E5EA248D4E21F06105673CEDF,8
com.alexappcommpany.battle,25665A149921E8C761A261CA59474B3E2F7F712975CB6FE6B5DDC01CC63073D2,1002005
com.kingformation.PlayWordSudoku,25AD49EC524984C77DEDB9424F05E3D7E8EB3ED264F9861797F4BC3BFBDB4DED,26
logos.quiz.companies.game,8EA03A5D3CA6A80C523B6EB06D4278672F796489247E4BD556969D6841533A85,171
com.gempro.MahjongEmpires,4826B94AB2BE81905E25DBC3B6DAD979731647B45FDE476C0D801C0568DEFC2A,8
com.playstation.knowledge,D2B8DC1BB03874039792FFF1D9171C34DD3392E4D8388B9FD5D4783CFFF70F4D,10508
com.KEISEEntertainment.YouTuberHigherLower,7FCE041872C47E2DFC49784A48DFEE037D2F1ED9780C37A759B686265C8B937F,21720
com.Serbull.TestsYou2,29F828A80B3CEBD4474A2D2600C65F3219FF63E4E0527325118599AA2F584029,24
air.net.lol.genioquiz,978BE316A3FAB04AD602784769450BCCF5ED8532255D26B4CDFA517D831E934F,3000008
com.guilardi.euseiamusicainternacional,3A4BDEF9FF4F1DE771F049E2E5882C88AB6EFD0AAE7B51E9E8A578F7DD7FAE56,3119
com.zinfinity.zemoji,2F0B9F10360EC55D919614763A79F66BCECFDDB7A9F32B4737E2D1A9590EE8D4,49
com.elquiz.app.prod,98EAB5D88C606E70BFA0230D82B6C662462D5B8FB6C5EDF8492C389AFC680BBD,138
air.Biblionario,351639230FDECCFB7A33CB00575B7DC3292860BB50C81A3C62C39FF065807E00,7000006
krispol81.animalsquiz,D4513DC2CA8C60E5E2D8F28AE566A99CB863CD8FC3A23B865A48BC75E04E5B4C,111
be.vrt.vrtswitch,77E48892EAB99CE2084A548BC9BB0C3122259184CF2FFDF6A1F04D59EA894742,48
com.bible.trivia.biblequiz,B48E4618E84FD365F769E7C47F248AA064D76DEA7864068079EE98409B55D672,15
net.lol.gqfelipeneto,2C7D172117DBF5734D78198E1F9968C7685752A9CE0190FA8A82BA9C6A4DAC6F,5
air.org.axisentertainment.BabyHazelCookingTime,329CEFB95A55EFD5680E07CFEFCE5C603FDD66994BC2305235C751E3C661DB63,2003001
com.sabes.mas.primaria,AC08B2D34CC6FBFD6526A825FC79D36C409B2514BAFCA433F18AAFD03CFFBD37,47
pl.jmobile.postaw.naaa.milion,DA24C9A4A6221EC5E05404C784D85FE65A3C15BC7CFBBC0067355BB3F0B8B3A8,40
ro.pontes.culturagenerala,FF306826ACEF1A4BA0A5AA8DBD3110F6ED980FC6C5A9316A54335CEC4BE426D2,76
com.june.think,2D08C56933134B3954A75906F754740930985E67755ECD2C3F276D1A88AF0CAE,26
com.san.tekateki,64E0AE44F4506D8273DE8994008F3608DCBC4A95B030125C66EB175FD129C85C,31
com.avector.itw.itwmj16,63D3B0DCD9D23ACCCA77B3BC9AFCF26645DEF3B761EC01022908332D166F59BC,46
com.RTU.Twoinone,2DCF4E2A52C01156D032444BEB81563FB52AFDAC16177CDBEBC8D774910C8C1F,10
air.trickytest,45B9E583102CB67F16082348A2F51D0ABBF06E015A94D88A7E9D6FF87F00D762,60001000
are.you.dumb,716F99F68F2737D451AFEE5F04D43C7CEBF02F4B2B5B8E76228FFAA09E9F9791,34
com.knowledgequizgames.justriddles,8C1F9D6FF0049E843B82F86D01AB971B87B5EED210218071E655B9479E18669C,19
free.barbiegames,CB3EF2E438ECDDAF44D8BA7A3CB090E883652E6A3379B1D23070FB6FC2EF3452,40
com.buzzpowder.quiz_puppychosung,A0F0EA887A006C561C0A7B831625DB882FA4AAE9F0F8D56EF920FCF934DA37A1,119
com.TailOfTales.WaifuOrLaifu,322393F8608E8864298D357456E22D870273E1064D6ADDB03659A998227A92B6,56
com.mobobi.yorubabible,C87FA65AF3DF52E11AACED6993C689994F61E36EF9A4649ED63DB2075BD2BB32,28
com.touchten.tebakgambarsaku,3416D9834A03FEDDCC02A5D36F9A977FD03095AED7B8B303EB353F8A2C500B91,12
com.age.math.appspot,55063AAAB6058FC57AD34D049CA4FB7755A2BB38C865BF4D15D2C2E637D0FD24,34
com.AntonBergovStudios.Pravda,8C148FA7BFC08B43085164DD7D85987B3A622D85F6DE96DD5609CD337DC5BEE9,77
com.app3arabi.trueorfalsev1,FDDC7B35938D3AD3BC64FB59C370EECC4C68D6C1DDEA31601251CB41D578A2AE,162
com.yamlearning.geographylearning,6833021851E48ED2FB28375AC921C25375B7CA6E2B17E1337498BD8BCD54238B,20
castlegame.appstore,34AA608178ECCF9CC8EB832D96D689CB3DC6D64D46CC0B3D4F9DD362DACF904B,10
com.TailOfTales.AnimeIn10Words,D4BF02B6EB198010227765BFA90CEB61BC3C4A838C3BC8E58D434EF31266299E,22
com.Mis.StackerMahjong3D,35E509B64555DABAB4D75749447E444D22C0C21170DE686616D4AC12ED20C45D,15
com.asmolgam.states,545DB28E8F79E774C1B2D87FB71B032BC11D9DD7F8894DE021153FE17BB3E34A,18
com.alexappcommpany.test_salary_new,A4E36360982B61C830E8AAE3C0833E36D01AFDD6FF27924F8060CCD5EE086C4C,1000004
com.sayoo.twlive,38D8189EA6D1CA841F8CB37405B5F75712709CE4B7BEB7C13FDDB8F8D51565DD,40200
com.free.cp.bundle.freecp.cpquizforcod,CD08F36D04CBC1DBB72B98DC439A3DA3729274C97DB76DA2C5C40113642D8AF5,4
aul.irm.ahoraCaigo,5FAF47B52CC5EA717F6B3D18C1027E1DF8066ABAFD306D6646456E309D6EA0EB,37
com.brc.DesteptIQ,BE977A8025354ADB2B95D841DE42E410D536DF01F5A389CC8B8DE3C46F87780E,1310
com.oopsby.ugadaidetalavtomobilia2,3B7C16ACDBCDB61CB1A01C64893B225AB62550A6A386959A390E86E3D6B1B3AC,14
com.alexappcommpany.mylife,3BFBFFABDB09132F2AF28BA5A7AFD8FD51E78814CA0E4EB5FA94CA69D36AC4DD,1000007
pl.swiatquizu.disneyquiz.android,3C77D62F02E136BE02AC332905176AFF7BA5C8AF60410D64B8973E42D89E9EF0,12
brackets.questions,9387C5844589B5CFD2BA4FEC66B9D3D969B4C8E795D62634B996B42944E9F182,8
com.snstu.bilgiyarismasifutbol,3E41A47FE415F91CB02FB5168DEA1822B6C5FC8016A3F03DF988BA321437882D,8
com.alexagame.footballkit,4957D7A477503D04F5965F58816605BE44ECA22EECF80ACB98365312A3648917,17
com.Islomdan.savolvajavab,BB6F412A3739C6BFFF000F5C5FCE342E678BA6C49AE067C8BFF2CD97C4576065,21
com.jcdom.wall,C1079E6E4040ED7EC22CB2EFC70D226192DFF10EE01A88FD3957067F2C8D77B7,300001
pl.paridae.app.android.geography,5C9E915CDE7020CE38F4CA772C28B8FECA78097FF270CDFBDEB941111A2593C8,8
com.blacklionteam.themask.fighting,43300148BB41D11E2481FB8398EE8C75A3BD8DA8315AF8C8D1D1B24B2B75889B,14
com.asmolgam.europe,434658B536DFD9DC6CD4298ACAB62E65D34301ECBBF11B2CB51A14014415D68D,11
com.sgg.riddles,44F6E41CB28D0F0FF5371AB8EB40C3522087BCD1ED26420BD86FA999E6D4F3F1,2
pl.swiatquizu.potterquiz.android,7BDAE00AAAF93F1C6D4E1C4532AAF69A216C2E145D58FB632D7F23F8131EDB1E,19
com.alexappcommpany.psychic2,467F4DC9B9DC20A39F35CAF488E1523A48EF48EE06B399FFAF470A780399196F,1001002
ru.allyteam.puzzle,8B738FB4A6139C7F62607B42B93C25A2433469A8CE370674DFC3B37A17890E76,1400
com.techniman.flags,47116D6FD585B7D5B34F19C645CECB949E96C32C71C0CE1A070ED592CE383151,17
com.guilardi.euseiamusicagospel,60EB1C639CE9521B01315E36A7A88F9469FED130BA300851FAEB24A991B0C4E5,3117
air.net.lol.gq10,48CE0888070CF05AD13609FD1F6B5A44FFD86BF766BD46E69EFF9CFCD09F61CB,1000003
broseinc.com.guesstheherofordota2,48F3A057C475A2BA52E851235918088806A80257A7F338374ACC1D991EF35310,6
com.royalfamily.quizinitial,4963ED448B9778D9776E7C78274CAE93ED9E5439AFFF9C54947369F025C5D94F,28
free.robux.master.freerobuxmaster,A4B25D8CB934C1A38A76639B3F0AE8E34B56967F9B9BDEB0075226C742DDA639,6
air.net.lol.gqheroes,4A59E781D977A0B69737975BA45347E179EF0ACC9028214BCA5DF18854F4D907,1000003
ru.drivepixels.chgkonline,99D61207099695E2826F17B54B2FC0E39F605DC9065965F372D04AE4DABEBE6E,265
com.goxal.eighties,C8DEE9D108B4E961622CD79F40BDAF176F146C15D56A1EA3273A7EE8186F2755,57
air.net.lol.genioquizseis,B03B4B34127ABA6782564F2ADC523DDB2C10CA6A17A23AE1786139D3DA41B388,1000004
com.zytoona.RashfaRamadan2,C67FED57E6F81DD5CEC7184413E89F8171E1B9403AF9F32844326D3A6037D68B,200
com.paperplay.kuiscerdascermat,F44091E5C42BBF2D69038D75298776A80DC82963F4286F835DC17241584075DA,27
com.abdullahapps.islamculturegenerale,7263A1253EC58D80C5338EA18021F4B79521B7FA4C99CC62AD7A2F654671D1A1,13
com.asmolgam.famouspeople,72B6852FDE97307E51A69EB61130FE7A2AE3B89DC5D00DB9340DF868C0772587,13
az.ustad.millioner,53CEAE9D835A4CE87907F292C661D92ED8B7CF7900010D0E26559C8E70A90A6D,2831
com.thebinaryfamily.knowledgetrainerfree,A814E67992C264ABC69FADC4FFF2D8789040F599B8E9B6948A94900F65677E93,27
com.coscia.quasong.riveriq,552E3EB1AEFE7B5BF0D1BECA28C7959907F7A756B82C3B4E902B1C9941DB935A,6
de.rs.besserwisser,5742D1084B3C1B135682EC41D615DCC77BFFF98DD63E41CE5CCBB0A0E810CB83,7
com.SKORBcorporation.ADiaryRETURN,8437AA669F631375B5EADB087E45F13EA1284304205963914F8480AEC36C2DB5,23
com.asmolgam.maps,CE0886783C492F3AB06E364D4E1F871ADA5927B9817B43383690B75761380AEE,11
com.victorkunai.SecomoJose2,5BF64BF583B5FB0CC1E29E6E459C0664B6A97D47D809C34778894BD1C8AF21D7,1002004
com.RockyHong.PushPop,5DA129105656735DE6824CE43016C6905543F87F9512D0D4AC609802B7AB2122,28
es.mundoapp.game.voceprefere,5DA19B46E654748F403C2E9ED5407D21EA492C9BA8E85C011B11E2F10FDADDE2,21
com.sopelus.angeltest,DBFADD71BD21DE78CA03A1DE72C06FB56BA5B3E50C052AEF8BD8D2533770AD47,19
cf.guessthesong.adivinalacancion,7A455D94C56DD7E1EFFDE65A899BD7B4345D1C32B7463F83D6F3902B1C68712A,5
ru.intersol.hto.android,F5C608737BED49879C85CD5CDE95037C90753CC43FD29C6237FD079518AACD25,34109
com.RedTower.AFourRoulette,8734E0FC9D05C81B2D327F9C428D3D1346AB14BEFDDED04458215EF2B62535ED,35
com.feelinggame.pluckit,D28EF1CC7DD81C6A1A18B3EF2BC4F477DA697E4E0F98A8715344284BEE180A12,810
com.mobiloids.trueorfalse,9216AD77098DC9720410A58A7040BBE74C33A902CF3F76496DC1729E3582012C,22
com.robotack.quizapp,62FDD930CD68CA3C11F82C3EE9F733BB2E1147BF39DBAFCFD4B4B99985F5B977,10100003
com.thirtysixyougames.google.runwayGirl,68AD35C2327262CC5EBC794C7AA8ADD0440BF01580618BE876BA461EFA12EA28,13
com.free.craft.craftlegend.legend.crafting.android.building.games,69526C775D42F1CBE562E51D7A3C5E86389D0A89BB95E46A5E6027041CE7EC6A,18
com.varravgames.christmasfind,70BEAF1DB3C6139AC4B154CC17D710428B9B450FFE542251A7296B7602759481,17
com.animoca.google.snowwhitecafe,6BB199D98A98C78A1C2C0BFE958C0361B8341A754F54B4376A312E921958FF8E,7
com.Serbull.TestsYou,77F37C6C5BE2604F3E592D0CC00672E332D98977C785C4761A72D694129B1536,22
com.rooftop.q12,C8A239A20773EB0CC3C4B3158FA9C1605792A8CBB4501FD37FF4AD21E4338A7F,100175
com.us.solve.thirty.seconds.genius,70162A73C35DE06B1445F905F558F23FC1EFC7638660F51D10909E7C0FD24641,4000009
com.animoca.pixelmall,A2829354336DA48360C5E2FFFF2EEBB62142E595AA9223DCF88DF9438B8A843D,11
com.dhrandroid.travia.quiz,9093BE35158CF928118E5E5F77633F77E0B9F7A93C43E260BE8A4693D487770B,6
battle.royalechapter2quiz,73CC8102AC02B187140E6CA12404B1CCD91DE7EFC5378ECC8498A6E2B5ED8F26,2
com.iseeyourface.quizescapenonsense,925FB2D6E43A54D73C6A2D03D573603E604A0FA01B4357AE4C071945D1D7027D,33
com.niceGames.futbol,769207B4B32F1021873086BAAFE12043199B859B334E0EF575727BF72B282F84,4
pl.jmobile.milionerzy.po.polsku,77012A60C8D4C1FD3A5BA7131B9D0CF48688743E0D9A702F3B976411ABEEA182,206
com.workpoint.fanpantae,EE79C6AB39FA7383AF7F18C2E5DC274DD90FDE731497BF3DA9F7C44DF94AE8EC,21
com.etzuk.scratchpic,B2AE1C4ED8507AB903315FA75BFD324C70F71EF010CE4E5E86102ADFB6C8BF73,38
com.workpoint.veteethong,9835FC18CA1C0503A3626789908959E7BE4100A3B78FE4BA23F4D4D1DE5D6809,15
air.com.gerwinsoftware.superbuzzer2,7A5A8B07D4FF60617FCD7C1CC2F79040EF3FC17625DD2EFF7A5A58AEB7616A7B,2004400
com.RTU.MoreOrLess,7B9EB4A5B29BD7D181D96D10E4C5C23E1CEDA32E73B481CC692B3382B5734C3A,11
com.sadiramultimedia.kfs,BF263F301E895584C3D097401C356978E1F54E273B77C212746F59574B8852B4,20200101
com.alexagame.carbrand,7D316F304DC8D08AF700E2E163A411E3177BE1951181EE008590A57DBE853606,7
br.org.sidi.grow.perfil,7D872A87BAEAA44707E5575C6692D6CA8A4A3CF2C87D07CCDE0AA8E86CC56159,400010
com.alexappcommpany.gerb,AB2E2A1D5F9A2A773DFA6EB167592D6750778E0179AF166F5AC5C99D95C58289,1001002
com.jamsstudio.tebaktebakan,7F7A8F7D1D5601ED61DA6DB71748A6C7B4E6D991B2F617B37ADFCAAB7EDF1EF2,25
com.RTU.Subs,84287D528614C4D263A1DF161AA434225FB376377775B82C45D496C02113C15A,10
com.bogdanICE.Raspunde,E08CCFD6DF2EB1F04A80BF18BC860E8D0CE466B367F334A03F426688159DAEA1,26
com.gruchka.TheMoneyGame,87B4B9D0912734DAEE9F67FBDA5A5483D7D3C703C1ABAD3ABD72D8805FD9B168,2
com.alexander_menjivar.Cuanto_Sabes_de_DBZ_Trivia,8A664146E51A1E7F559FA857E7FACD7F842C24E168EEFACEFEB6B6E23734BA26,1005
com.mthstudio.nhanhnhuset.doccauhoi,8D5B286B5EE265717475F54782D9776127013BA8E4A5ADC76DAA265ED57C1622,102
com.brainapp.spanishlanguagequizgame,9884975B569130B12BE929AA93FEF030119858CB4555BA31E3F0D7A41A8993EA,3
lagamerie.nope,95203F9484B088DB626B3AA083D8A8A2665976AEB576A22619DDD576AEEA218C,25
jp.co.liica.mimikaki2,997210AEF6C6C3FBF6EF61B95A46F0E69C1C766215F3C1CFA79B77A47A2520E8,16
air.com.francetv.tlmvpspmobile,9D9580AA929E94E3704D452933B3F86A3899AB8C4F20B9395EAF81C7A712A0D7,1000083
com.customplay.popcorntrivia,A3A1A047D772ECE85514731DA01CB5584AF6CDF24D9438AF03C2DD959F72CCC6,57
com.qindoapps.app.guessthefootballclub,A5394E22DF36BD3880F7CAE5E3F892BE0733A8120F564629C8F320BBBF861872,4
com.topmusicapps.AdivinaLaCancion,AB0B2A19483A03930AF71A60C398AD77611E47BD34326A6F0A5B227515054E75,6
air.net.lol.gqnaru,B330089AC321E60733BB3ACA6BF494B5EDA8343991ABD2CC3C41CA7D7D57B9A7,9
eerskraft.crafting.pro.building.games.exploration.lite.rojo,B44200FA3983BF5EF5EDF452C278B8B8BDFAAB3CDDD84C5FF98FB92827F78559,24
com.brainbaazi,C4FD8A0CF4092FABE54B885CC57C5891D483B245ADF98BC63A494F46F7B7435B,273
com.fastfoodcoding.quiz.logos.cars,BFFD65F20B61F67AF2D3AE488FC811A9B15734510C6A5D18ADCD37F5400FB9FC,1
com.workpoint.dist2.lquiz,ED6295CB4B1C80D105502AAA64FA6C24FF964E606D97F74670CBA2CE67C626A2,40
com.maxcraft.big.max.craft.city.prime.builder.aadia,CAA89A6DF8CF6B41CB3EB9107A929B8FD22FD858ED48BA636F533B2D11A283E7,12
net.lol.gqroyale,CF18C83E62C3E9BEC924E17F5C6ABB67A430C7A22295831C05F780B81302A07D,5
net.lol.gqcraft,D08A3F1415DD61B1770B260619003E8F4E4BA69ABAD1671AC8A6EFDF017DD391,7
minicraft.eers.kraft.eerskraft.crafting.building.games,D1C4766EEEE1540332E4640FDF7DFD18B41F9E4D6163E22B64F46DFD93AF3E8D,16
com.sixwaves.emojipop,D499DDC8EA721235773ECB25547D0218B4C03A79094C41C4CCE1F2D9123AC50A,47
ru.xageu.zombietest,D6D70E4B0910A037457A0477275CF6DAF9B479BE2DA3A135A17F09AC203F9A17,1005006
app.game.flashcraft.exploration,D9E0045C266118D923FD34700185DD687B3B71794FA10A7C1F1499371FF1DB1B,201
net.lol.gqyoutubers,DB2C655CD3ECF7D09D20C1AD21815B86BB59AE44788C0E19935DD4F21FA6378C,4
com.rodrigooliveira.adivinheacartadecr,E628431408A347C45FBA05068A53E11BB8E53310BA59469D50B5AB48A2CD3C63,32
asadzadehs_group.intellectfight,E4EB9EB880F6B8F8D3BCCA1E2007214BBA5F5511068EE6F5E80EE9B70562F1EC,11
air.net.lol.gqfutebol,EAD61DDD07169773D9117F28128E068E930056F2C0EAF09D60E4DEDE0989ED6C,1000003
com.aprende.ingles,F4F40A3D012413EA2C67948D46255308F8552CB051F0E975DFE9C64D1AF485EC,5
com.june.guesstheceleb,F9F4BE8F5F84B8E7A1CFE0074AB03382EB0D48F0654476675FD7367652113ED9,8
com.buzzpowder.quiz_FindDifferences,FAA54766A7B478818654B2231C3B37415CFDDC68625DE386B7EFEA20AB982558,146
com.pilotstudentstudios.newmid,FE528C191EA1D2AC1785678405417FFB586751D2BF9B393DAD91CC5D3A3B4399,1
