package,sha256,vercodecom.selfhealing.candle11,3E01ED2D802F99043F7C1BC6E9EAFA06886A6E68A94C89741D5D8184330BF681,84
com.idealista.android,0D3024FEC947997F687CBB1F06E98C52CB9C6ED1ED4C97659D09B843C9475DE7,820961
com.alexvas.dvr,67485B050FBCA5AAFE0B41743EEC2D5392512D8273A6CD3D06D78D65D304B327,6431
com.urbania.urbaniaandroidapp,3AA5E6AF40F4DE7963843E860FF430C334AE664308A097957D38804BE075DF60,4001608
com.chic.bluelight2,0027D5D1774302726C628360BFF72CE1F71BF9814203A19A5F35E779F4249E5F,15
com.trulia.android.rentals,D04E155DC9385993B14556C909CBF93DE5DB29A20F363F3CF7675B5F19F09006,722
com.chbreeze.jikbang4a,73A9936D39B7EBD04B4155C812CE9C9644762AD5013B73C79C06B56CA65AC705,8209
com.mobile.justmop,19F121E7BA4394ADB73067B0BA80DE5DCF1D26B5DD8AC0F0D64DBA97CA952F86,3000139
com.git.mami.kos,2D237F7FDD07754D0E2190F12635416EB41CA59DD2323BF8E19E4B4158360984,1163380017
cz.master.lois,94CB46AD6B05C1D9DC20DE54BE2D2E71DDADCCAA86F40CA7B01B98DE5DDE9DA2,1914994710
amigosoftware.hb,12FF316CC2111E86658AC13EA53CD840886D79CC55F6791102B4E8D467A6BE38,54
es.inmovens.badi,AD0478DB6CC7BCA388472CA71168DB96DE779EE3BA5ADBE51B65BDA45E172D8B,443
se.hemnet.android,255445950D3F52AB52821B8545E4D4A5AF99A29E068242C8D787C9AADF2D2B7C,632
com.hotpads.mobile,3665DEAE607A83DCAFE00AB1B6021F675CAB9CBEB43D537E9A0B35A54C840538,256
com.ecobee.athenamobile,766FDF8B3F7D965F5346CB75EE76FB9EA7E8ABCBFA0EA657E4AFAB9FDC683F6B,73243078
ru.cian.main,6B74520582026984EDE581C6D9F5A12DC5A9BF9B3301CF5F18B0F4B73C84F9CC,22071300
com.navent.realestate.adondevivir,10F74AD5FA151D2D566199F61DA6FE6E5278F8FCA843F93039C3B6AE297661D7,4001608
es.cecotec.s5090,9BCCC0FB12568CE159531FB3C403311F2C25F9520700668827E354C3BBCA86D1,10124
com.opendoor.buyerapp,3390328E3FF3D09B46C27B2A7677ADA5D8326A7B08463856647CE59EC1917EE6,103924004
ru.rt.smarthome,12C11693515176B302302BD7CB4F9BF51BC4E1614A69CCAFCF747B63367BEC02,9820
ch.immoscout24.ImmoScout24,5BB47185636161BE9D3F67CD887054A74C793ABB2695FC7C1580EF8DE9C86934,524013
com.icandesignapp.kitchen,71BD1DE825224F8EB7EB7A061B1E8E924C833264520710F61783E486C2D844AD,5603
com.tunnel.roomclip,A479AC4657A3FD3B198CE5AAE35BB1FE2FDAF9689E8FBA04ECEA0BA82999DE86,373
com.myzap.century21,FFB3F5DAC97E62A69A96BF083178C1886ECF1E9E6332FF22765DE9602229FC14,300
com.ivuu,BC913C0AB36C47E6F7E8AE2F030C41946CFC840DE442F42F8D492E77B2A6FA71,3298300
com.johnlscott.mobile.client,DCCD61A7602C795F75EA0C0E833E6D00FAD2E6A2AEE5B977054EF16691A11D99,302
com.travelio.travelioapp,D3A01E6C819EAAAF21761C9BF6C5D7A8E12F1728B48892F2D4EB5EDE5FFC3722,19096003
com.sanags.a4f3client,0DA5E493B1B2F6AB9D9752323197CFFE5DF1CE9FDECFAA84562CAE50995C0F01,92
jp.co.athome,1BDE85F79167350E73F836A5EF1878BC2478607617F114F2387FB75D6ECDD34B,113
com.nnacres.app,847F3CF3923AD046E19C772A41A1C35B359D027F8AC7E9C2A74B16E9A6B78BDF,431
app.sweepy.sweepy,6F1871CEBE269E2909DBBEEAD7B1932322DCA54DF6043104171F40128545C268,84
br.com.zap.imoveis,5274B8E0FFFAC23B193B2A6716764BF8A63244A78B1379FBB0611596CAC246AA,20484
co.abetterhome.lighter,1D328C8A96477BE25D7827605580182040CB7ADF9DCCDC5734C1C0A3CACCD46C,10165
com.nhn.land.android,6522D7B3CA9DDD51D3B7FC4C27861C21A85AD1462D61C5CC211185AF6C6F9461,251
vopo.easyhomeofftake,19081B9A65404B415C04950605678AB0FF0BA278060CFC411BCB70C2BCBC7694,47
com.locon.housing,A5CB8CC826079A3A7C050A3FFB482F911E3BDAC92A76900D00A883C4B836B50D,47333
com.zillow.android.zillowmap,15CE1B32D3FEBA72A4EF7507883FBF6EABF001E6498583AB245F5639C547D8DE,11708
com.yandex.mobile.realty,3DD68881D2556D4BF87E7CB1D3A1A31F63A29BA6D5FC2D39FF2D536F5948E748,64230
com.robotlogistics.callrobot,92DCA5203F89FD4DEE94D58711398B22B5C8FD5CB656337DF41BE9B7DE94D5F6,138
com.quby.apps.hybrid,C3871C9894EA66B55488C3E2CCBAE42367BDFA948501C3B0F6447D400B6E64DF,64295
codematics.wifitv.tvremote.smarttv.remotecontrol.tv.remote.control,A23C33556A0944485804BCCE30AA6A6E2DA91995CF46BBB9BEE57F3FE2CAE65F,55
com.rubetek.client,83970BCE8A071E2DC1EDCC5FF24105A80C4FC7E6C9A5636DCC2313A299B19C8D,212864236
it.immobiliare.android,7E377360C6591B297F1B11D83211283ED7A08FA52A8486DCD1EEE1F58EAE52CB,200
com.cgp.saral,1DDA45E3187902C4F26A9B62CB3718C7E0F1BC43E2F5A55570E66DD004DEC28E,63
com.myhome.app.user,B5A7EB96EC1700652059193BDF5C14CBBE8663313E4376342C3AAE7E8E7019CA,694
es.roid.and.trovit,13C67258365AE2D91C836F6567D9859C77FB7F0FA252173DCF4957ACFF66BDC1,7101
gr.spitogatos.android,0145FD7FF0C2EAF8187E14BDD4F0327B6280AD33DA1256D6AA842ED576456250,17
com.iproperty.android.search,6FA0CE2B3C12ED35238153360E451455AA5FF99B30F94F9867F9E6EAC0BA2C0D,8000020
com.wash.connect,ADC0ED824F27502D61AD3D6F11032DACBA1557AAF11A3562D58A90D066472578,1903050203
com.allproperty.android.consumer.my,49F87A32E106141A5CE5D9C216D71AF824272B9D6EC3A6A40AA29E5BCEBCC59B,202100917
com.kozikaza.mobile,48448443DD1EC1C57F5B4382B606CA6A52DB2B0055101D25107C7C25C3B5248B,60603
com.cawice.android,3A4B97EA7B5801BC526D90F4D1607AB7AF8B6B355BEDC578F12D4B7873453F99,77
com.zelo.customer,B311CF04FBFED0844006A354D49F4E3B42675F8CFF2A0C4365C95C6F41DC9F78,448
com.tv.cast.screen.mirroring.remote.control,8E33C4C06A4BC3117F3FA50B911D6A04BAC6D82D18395E6974517DE477FE420E,24
ae.propertyfinder.propertyfinder,8A3952F7582330A35481BCBDEE3A0DADE3119086C46A472AC3FC3A258068A454,2685
com.homesnap,638E84460DD8FE7B5263945764EEBE3BE033848EBAC517016EEDA101FD1931DA,889
net.daum.realestate,A115934F3897C293D56FE41B485B3695D6BA93877B3332881C0F38A9CB76184A,2185
ir.ostadkar.customer,F5842231BAE6AC72C1097114BBACD8B864E6F4054163C4FE437E7C557E0C541C,3146901
com.app.nl2,891D41C64F90307B07F635AFB0E8D9CA1270056C51119058C6F57F908CA15C21,13
com.colorsnap,4AA7B96410C28E5DDB2F726588B2445DEEC28179262F11D47560E2A56BDD8916,3503
it.positec.landroid,E67491B163D8AAA996ECDEDB9A7C880BEC555707ADEF081A65C0134EEE84841B,1063
com.nestaway.customerapp,6D498C8DE3DF24037D51A053E3BE421616509B2DBEB8D1F4DC845DDFEDA130A4,600413
au.com.realestate.app,4F5D099C8A8A0341C822F277676865E77292BFA47EF067D7854E822F62B9A89D,1810024010
com.anuntis.fotocasa,C4AF7110B8F374FB0D65D236AB7AFF5068BD303DF4C9C1267C278CF29B73EE9B,79701
com.fairfax.domain,5301194FA5D08C61818D2E0D23F83DDC61A70EFFB7372C86730A7322EDE40A35,2021100805
com.securitasdirect.android.mycontrol,57CD21C19B90C3D9C15EC308CC7AEB31E9DA48D91BFFCF034B5CCD17179474C5,199
com.addcn.android.house591,EF20B5408DAC53C43DF6B9A349C2091983CBC40B3609C2B3C1AD520E1AA95259,208
kr.co.koreachart.city,1499C5E9F8A03441F98166681ACBEBE321184B83F72E0C67EC8E861DD8592EF8,117
com.midea.ai.overseas,35FDC67CE686F0D5EC2935BF37C2AB577379317E5DFF39A73AFBFCB00B948DEC,21940
com.inditex.ecommerce.zarahome.android,5A20EC0B5504604E8CB020CAB0559822A49C3756AA78105FA3B9A338CA017798,148
com.allproperty.android.consumer.sg,DC0E26D32DD6FF98A441993533D386D962A8CB1B0F89CBAA18DA4C21EC86D092,202100929
com.housefun.buyapp,9555E21E71EB1989185916FA3496BC00B975B9B50788484DC6D75F25053A210B,2021091501
com.allproperty.android.consumer.th,7386C22742F603C8BBF69647DD85D9AB882B80260E5060FA111336B3E10C4206,202100917
pro.sanjagh.client,C965756AFBDFF65097A0FBAAA98E816C1E07A24A9946E5629333D0DC33859D9A,3146481
com.plantiary,2762FC5A6B41038A8F2C365D61E73B728D22531116B8267A7FA53F75936E4B3A,110
com.allproperty.android.consumer.id,1D5B4822686F92F996949F589DC6678C06CF47954EA28D4706CB896195328438,202100917
com.ziptoss.v2,36774FF976687E7213C8822BF801C7E77D1F4A1266DAAA5CA231920A55B0C5EE,10060307
com.vivint.vivintsky,7D9D1203A2DEC6C3CF5C4D7DEBD1428D72CAE888CF833F9D416A5A92A60C1B3E,210930001
com.urbanclap.urbanclap,ED6F566C8C46B10A626E57BBDFA221F137B0C31F7C9956F9D6E71E41D4E1F6EC,446
cam.camy,4FB5E91CD19076BE84ABAE305F776C3CADA37C3B9BD1580BF59A41552FAB0A2E,1812
uk.co.neos.retail.android,0279C911F9541532C869216D526254CC9A2C3F40E0416F9F73B8EEF2C97ED9D3,2924
com.project.vivareal,FCB60D629028A321460BE1D84149EE6245425DAC9DFA95226E612BA3B596B37B,18648
org.supla.android,32D1BD7FE59E4AA712216CD19D2FE904EADDD0D2BE45E003DEDD3BAEE37C0ED3,133
com.encureit.laundryheap,EDD97D5AF47441DD27C50EE325CEAF0FF05E7F639B88DED2BB10C50D0233756D,316
com.freeirtv,4969FA6BDA4017FC26D8B5440F63A2B71BCBB17AC6F172644653D55C008E7FC4,4000
com.embarcadero.Kupe,F290C359FF318D4DD55D4B301A2A138E3B438E4CACACF8A490758D75AA194AEC,219
com.universal.tv.remote.control.all.tv.controller,65E9E28E7BED6AACBDEAE0C64278750646608562FF80522528641651AE7080DB,30
com.heavyhammer.ushud,D577599F182BEA95EE507EAD73CEEED57E71125A3931B2E2882A58CD85116C2D,25
com.remax.remaxmobile,4782DF5D70F698F852AF43B19B26B9F5E4C1D767550B96B8B427FECF40540A55,125
com.app.candlecan,75850EF307E611D7089D3052AEA9B0B5D9097BC95C5ECC14A22ECCD53DCBA654,17
maya.im.imovelweb,78E6C83C0C5D5FF18620FC7F67A39A6EC2BD82ECDB81755525553DCD59D41C0D,4001608
ru.n1,095BF505D58B12FEDE4929109F567E3003AA989B3ABDF201E91537A211E87D59,5011
kr.co.station3.dabang,A6E0642D702855C7B599D8C7D7847DE6D083B7764DB88697A3E1302D941A25C3,195
com.icandesignapp.all,5AC7859861ECA3B7CE4B8E99A95A35914EF6542D0B1331AA07971C9FB430179C,5596
com.chic.redlight2,77AE07463521C593CF298E6D862BDBD68BDE50B26118B566B2A22A50C4AF56B8,17
com.mitula.homes,2F07AB4CA37058E481B48A9B017859CE8D8F8253BA04580019CFED3D45B598DE,419
com.trulia.android,FCBD712F4459D693C0DBD84EF4C3A9394DFDC38BFF6E7F072936A7F8D452788B,1083
com.philips.hueswitcher.quickstart,7232745DCEC6990F91FFA4580BEEDAEC91CE5A6B66BA30C6E224071383251359,382
cz.scamera.securitycamera,D37A50F03121717AED16229E474CEA83C1F42D9260F81C4D564EE340479B673D,120
com.bayleaf_mobile,C65043C20E7866E120E3580E30969183666A920DCDADCEACAED966395B9580B1,3145821
com.produpress.immoweb,03349276A280087648819E25CB50E2848B5411FF3C8A862ADC35A9817F2ED889,572
com.har.androidapp,6CC0A8849CBD0C903897E655A414B1D13CCC9B38D0FFE7956028C2DA77B926AF,8030610
com.buildium.resident.android,C3C0367231B3A262635F30DBAA9747206F6397545A0AB7B833ECF9719FC874AD,425
com.planner5d.planner5d,961E484AF88F272A347633B9686E573E22B9C5C5106AD5C2AC7368748E90B3F1,369
com.twinkly,18CC8CB77B5014F359B00DC4C892B4B526050134402DCF8F3592D0E7BD63337D,5850
com.craft.android.woodwork,35AF96AB8F02D6755844BA0A3E957B189C191222F5B6B4383596CBE6376ED9D4,1000935
com.anamehaniapp,99CDBA0418D271F55B6AB17BEF7C5ED416EABB4E280425A395DA258D4CC322FD,603
able.bukken.search,6213912D04333F843F12DE91D2B2B2CE1BCDEA8C995100ACCCD901E8946E01E8,680
com.activebuilding.residents,66B1B5F0460A4B6BAEE496656D2672F87E193E47614E8C09241ABC4137F808FD,1623690362
com.speedrent,3AD30DD1C20C32FF2A36E78272C006FB409D1B752FB8CAE94C56586629C2DB8A,266
cz.bezrealitky,83A19C83FAE3173BBD1AB5D660DAD4CAAD9DEEF2437D75B5B1DD594F9F8DD1D2,20200
codematics.vizio.remote.control.smartcast,AE8FEBB8D05FC8796D010564D720DBC30698E52C41D96D5FC6387C726A6B7261,23
com.variable.sw,D0A01C84443F88D15110D728A18FB4E76B527599FDED27CE47E6EF07887D4BF7,1000105214
com.ziprealty.mobile.android,227D32B7AA7A9A270BEF50AEB3FF9099CC0A5BA4C7CA02353E8B775BF7BE39C0,296
com.qanvast.Qanvast,E2F653C6DBF8BBE62465A1ED624CEFB312CC61913520242D48B04638D7183065,217
it.casa.app,57D23AFAF711EB14A6BB4168C615ABA592027C1353E120FE032BD04619940CA8,3008003
codematics.universal.tv.remote.control,4243379ECEEFCF2D1C6453431E7AF262EDD12F0A528BACE65DACD1FD94ECF2F8,125
com.houzz.app,F664EA9EF4421FF648358679FE6BB5750C8FCAD6E496B40CE4F39E45A0E7D313,31065
com.rizek.android.users,03A77630E22A9D4DBC9AA177761CC842D311AC9DD597D84DBE247CE0E74695ED,85
eu.bischofs.sunco,614C77136B740A1D8BF81525C7C8CC16968EF4F4B4343632DC51D3A896752E5D,15
com.houseapp.interior,F1CFF9188F8E29C0AC1A54AE75EE9E8EF05E48C577CD6D628A2D5F7F83658D8E,258
com.pinkhouse.dollmcpe,F933C68637666E36E9D2FF66A72EC07ECC9B6EF17AB914644E0E367AD1401F61,3
app.habitaclia2,EDA77843C0D5D2506E76870A263D38A061DD9A3CD7CD38826BBF0F5967B49E4A,60500
com.move.realtor,346129FF0C0A10A04067D9C0FC00BEC381F942ED2E1B6EC0A7880A9D7DFD30EF,1811271689
com.metrocuadrado.app,03F549B12AB151040961A8FA5377D016E0047C142C897834CB02FC7463D92C2A,25
roid.spikesroid.tv_remote_for_panasonic,8FCD0B0E6A10DCDE6948E2B10D5606C04E67F35FA1508205CD74EA8D561D3DAC,33
com.ionicframework.pgo54955240,FD0E8278A13EC13824924B01E9EC73D1011793947190BD9562DDD2B84551AB2F,20362
com.ad.sakani,29EB29DFA0D8722F64645D00C3572E427ED4F169B466C747E5B94068B3EDEAE4,47
sputnik.axmor.com,9819E681682C69C04A3AFB6A4FBB54CA34863041C8FA9E8069AA4D1F28D548C7,189
com.deepsgamestudio.houseplan,56ECDA36BF60DED1E17DF115CA818A20AF91F12D8ED36F5E9B7DCBBFAEB815E8,98
com.nightowlsp.nop,F5790C6B6E79D91DE165BAF12FE3F9E325685ECAC6C17A68850E7E981092B6C7,1116234
com.bproperty.bpropertyapp,FF6F11099292E0DA2E7532BB4459049880C9EFB4B9F68FA89881A644B1E72E56,56
cz.ulikeit.reality,12A6F7A36385626542BC2FF702ADBCEDDB791C2C1D7AE9F7C80EDD78C4EC2C96,187
com.autodesk.homestyler,EE057D5101CBD7F02C9D411C18F0A1550F3E1895B4FEEFC3F07E0CA4E2808818,5012
com.thumbtack.consumer,276F1910647914513677719DEF7EC49C0D712DB1EFB244557ADE5413FC6066F2,366
com.homes.homesdotcom,1C4A762A04D65E391B622577375B99DA9E975D7096F204C3D5D539C0F3070DCA,148
app.homey,77F190CC7F9DE8427B58A6D0EB862C2B207A753BB9C5BD3D24D4B8582C10B6E8,823
com.psiflow.arch,5BC28BB9EDE4B0FF1E6CAF4C672A2EB7CB33D31666A8D84A5CC83263A6A58371,40040006
com.etagi.client,D3684E134CE56B40CC5A248F148F70390EA65C266B48A7BBE6643C7370E7E734,50281933
muggle.android.gobang,34C547040715A9C056D79BF60374930943BDA1042437159F3D3E78A01055EDAE,2205
com.zumper.rentals,37A85C8315BC9AFE9A9D3176B3E74B1197F8C7152F689957AEA5610D4BB28A39,1004015036
com.zillow.android.streeteasy,6DDEBDC77123208E22B2BAF3F30F7B83505BDFF9A79316D9C29A689087CF0B52,12074
mobiletoolsshop.universaltvremotecontrol.tvremotecontrol,EB4B9BEF7DEA17382474F3C6252CFD9B66A04A24B8BD9C5642E8E678C1C1FF0E,10
com.rumah123.android.agent2,A203FB971F959E6279A1DE26044CE69940B764E79591B9966A4B49B127878E89,2090607
jp.goodrooms.goodroom_android,C7935B8F427BAA3142A2EE767248920E184E9E15F2D98999E8F1BA1E5C06970D,129
com.appz.dukkuba,551C7CE84EA20490674FCB255A49E86E6A5B7C79567D88473A25B3ABCAA30D7B,2608
com.threedbrains.virtual.mom.happy.family.games,D20C5611EA865135B6B30D5D1C9CAD95BECC80F36501E12C2535A5DB41B34127,10
com.chic.greenlight2,E8216EE22BED4AA23F86E94497F3A1EF52AE39CB45518B2D4E08B1D2F10BC866,15
syncteq.propertycalculatormalaysia,C8EEF41443C64664A658593B1FE84D2A20E84BC0A2E2F38B458F44427FF966EE,32
com.navent.realestate.wimoveis,368F1670DB6BB44885D7EB28F35FBC3585C747B4382BDB404696758D75552157,4001608
com.tekoia.sure.activities,C57DFCF526929C2D6BD67CF367053CF728A1F3CC1F166DCCD57F89DDC67F5AE2,129
com.spotahome.tnnt,B9C0287BFFBB0756EAA3504FE3E0AA423634337171AA86086A0261CC3711ADB6,10000001
com.remote.universal.view,681C69E847CA0623D57AB6DBE077E87C28C1CB59DB45D7E05B3BDA822319F496,21
smartgr.smallbedroom.design,82975527B575DE9F9FF9D633FA2B8DDC8ACFD2FD596571E3D9E0981F6969C289,2003
com.tibber.android,810BBF9786386A4BAB8595D5DDD55CEB5365BDCF9D123105011CDA37EB078CF9,320020
com.whisperarts.diaries.housekeeping,419BF116041721CE4D73C8FC140C1C90DB061E1B20992978A703E0E14D9C5B69,84
com.zipdoc.zipdoc,2B6213798A859D94D3A6BA93B10F8F461C9CE7E2A66FF47C60EB8D3A36A0720D,122
littleappas.diypapercraft,6E8D34AB1F21AE3D8D85687C6031421459F2AA151FDA278DFDDDA421F1119AB3,3006
com.ebdaadt.syaanhclient,F9E632187556949D2124330A0E8080296535FAB4186D0E46CF6B267BD3A5EE9C,60
com.kilid.portal,061967B2F6F3BECA69BB924E9E68FD5E48F69E8EB4D0004EF683D604B18632A5,85
io.homeassistant.companion.android,8527BDCB557DC81D9A1B6CF892463C3913E0407A93DEE6335B00103BA5B6937C,761
com.amvg.hemlak,46483F2F2D989202F462AD5A6F2701883A84A891533CB155391DCF6A16B46825,4001684
com.zonaprop.android,5626B7F5C5AEFF224BDDD3D31D23C5F7B943A5B3C8BC5433B41A438CDD7AF034,4001608
com.rent,4DE772558498C861C6B87D36F287A27F133EF123B607C68E506CC1BD58B6A651,592
com.move.rentals,B84CD1E1E6C552012DF94B9C8366B6E5C2F06A540AE784487F201BCDED4C6DFB,1811271686
eu.hoermann.ast.bluesecur,064565FB354485D3C0A8F413A4268B84F14CEB5044252D9D1749BF66949F073B,57075
co.com.fincaraiz.app,45B2EB69DB3C1C820024344B1FC35228BCF0BCDE2801F44D58B4AD94B56A0CE0,180
com.reali.app,1F4BD2F145451E575ACE13536BE7219D313FBDDE8ED0D0C4AAF8523F201943E8,149
com.online.homify,0A559D017002D4A64CF8DE3C92EF9B2A7C8FCEDB5052EC860F5DA967B7208884,301
com.warden.cam,B34C470CEF445D2D78B1138E3EFDBE01F60CAE8E894EE142C9FD369D78F2FC40,352
com.logitech.circle,C7DA5277ABF8B440FDA01A5CA5ED09CA5904E07CC42962774183A89ECFD07018,30500019
com.moveosoftware.chatlist,FCFAEA7CCE112F92D718B4EA37972404850D7F0A12BCAEF2D09A636CACD122BC,3324
com.alek.creativeideas,90507532D071C870458B8C1A761B86C911674B70D7E5968D3EB0E38AD0C898D2,30
com.roc_connect.rocapp.smarthome.ozom,15126156AF8BB13B7EF592DC5F0DB4608BD4B32BDC61441C9B65296B5B10C52A,1631887547
pl.ekartoteka.app,068BF5F68BABBF045D9D43E3ED22BE053A432F6108727D46A6D6E7170353FF3A,97
com.tcp.rentmystay,44E02A8E4869192FA03C0E10670E28E1F34CEA75E7B47BDA246AAA0907C7AF87,113
com.kbstar.land,F031A4AB7D9BE738E0287996BCEB2748C8B31851EE6B1C7C58758C88CC05854A,64
com.redfin.android,9121A2B79A2014FACDCFC0200FDC294E8F5490D150DDBE8EF0594447A4153166,522
ru.mlsn.realty,1CBBE5737FC0AC204CC805F57765A9B77CD78FC04EE233C87D4E7EDF2D2B9D89,219
com.orbit.orbitsmarthome,5852AF66B44E5683FEBC6DAF693CB617155D53FFA30F603BA834C05797F0DFF8,585
com.rhi.rockethq,6A4C7CFA52DDF105C4D5493FC354F61949A4A0A9407F882A04E7B467F9996B44,105
ch.flatfox.android,B03D4B25002B022BDAB79C15E019F1FF8E2694A7D23FFC28612C434B08FBA8A1,1473
br.com.quintoandar.inquilinos,418BB1BA7645F6DADE7FF79B478C6CC833EFE29FBBE323CB592AC74BF707F31F,42127
com.ninetechnoz.pmawasyojana,DE8A73AFF783B1D9207DB77EC6B06EFB92C07064B79DDF44D976448687D984B9,26
com.homesweet.homedesign,9DB5D36424A749D260A81C36B019CA3C5EE5297204E656D5C615886D9F1E39AF,81
com.zibnawaapp.zibnawa,7ADD395B144962782F30CFDEE0BAE31A3C4F976FD9D460122226DBEAE5A70814,20403
com.fixeads.imovirtual,D98B8B26A3E6626CAAFA8B4E43AF438AEACB53D1105D0260354B5801B7F2FA23,3044
codematics.roku.smart.rokutvremote.tvremote,7A97A3AAFAAFE96B489D1B278D564979B795521CB6D2AD74ED6615B5B96141C0,29
com.inpin,3659AA4606B6E80DA65BC16C7E616338827EDB7D21F38A84561FDD0DD4EA7F8D,46
au.com.allhomes,E96C982AD36BB6AE5AB83CD29FD409643629804987F5407CE78DA85C450C252B,70700
ru.domofond.app,C3E203CC8B0481D55C3AA43564071A0B94B270D59AF4B27AA2D694F18190D1C6,343
com.xome.android,8C906D4B4F05E9A7A177A1724524D365F7D3531B7F8583543BEE823715B3E531,37400
com.plejd.plejdapp,905CFF59BE9D5BCE4F73B53BD538AFE939E22C70CF227631248A92BC514EA53C,620
ch.homegate.mobile,D990283DD5FC5AACF2DC966A903C4B2D617C38284188259E6E6356BA276949AD,12050010
com.padmapper.search,3B9F87F607ACDB6EFBC029D21CB852D496B71515F71A543E677CE525C292AB8D,1001013007
com.navent.realestate.inmuebles24,65CDEFC224A9219BCBBF0728150CD062482F1F82516EFB8BF574BBE6399B715D,4001608
com.kitchensketches,D64A4202D79BBF2FB4517BF253332E6107C19A1F7C2C80D47D08237F7FB05111,68
com.rachio.iro,F7907DA9F31B927073A3A7F952BADB62350C76820D771D68BD8791FEE166C9C5,15092
offo.vl.ru.offo,825D6762116420F3980D5A8D8651A2E4145E30C73B67F9B23668EE91EE051BA4,143
com.mediawill.land,6113700C7EB959A5AB2D4F2249194C3D1ECFFB9ECC4281D31102418A0EF0C72D,119
com.zillow.android.rentals,30A25983868D488DA9559E5E3E50F4AA9E128AC8C80D15B8343BEE519C60F5EC,1757
co.cristiangarcia.dueodirecto,B8AAC3D290D3FC6B233768027AFB1E95C01BB85F065CE8791C97AA4C0802958A,766
com.movoto.movoto,46FB00E9AEDABA41072A3A8BEAACBC2E04E148CF9F7E3B3EABE0BEAE978096C4,159
com.apaman.android,2F29B4CD1C24200C85A5F7DD5B062B5D54B88EEE5D304D59DD288EAB44D9AFD8,265
com.reliant.app,63D43273AB0C95E401535011539C5F5C78010AE286FE35778A02A3578EB14C30,1630677866
com.mindblowing.renovations3d,E4A71507DA8158975CC00CEA68D799D07E035C17DC8F5956542FD5A80509AC28,6602
com.yonomi,513C2EEDF927B6FA4CD01DAFBAEFF15940FD8482C7E709488CF90ED52EAD8530,2654
com.chic.violetlight2,51D8A1DAFC698FE1586C674F4C133B4E82C6413E6BD55C765CEAD3044FC1CFEC,15
com.myzap.era,7F3287EE04A2F53DAB9BAE50AA479C04E6DB79F7CEDB76118C209AA929FA6460,300
com.smartrent.resident,6D012CD060F719CC29A164D54E9A07F8E07BA19768A955CE46A117338C3EE7FB,2328
com.apps23.household,CFE5611EBD975F3AC4DBAD2623A04638ADCF5549AC48F411D4B15753796E5595,210907
com.apartmentlist.mobile,0976ABFD8179562FF04E21F325994617AA5A7AA6FD9865FC0018D27BDCC1C13A,136
com.roularta.cotemaison,921F70D5F8C360E11C8CF5AAA287656E31C340F5C954DEEC55746242C048DD21,610002
com.stromming.planta,AEC4854A9188156286685DFB5905535ED761685E73278807CBB4C83F832D50F7,78
com.nedis.smartlife,9E3C3412D03B55AA6EFFDE541E2AFABC8E5FF389758FDDC3AC8CC49FB8E596D1,26
com.walmart.inhome,26C82D291686735C0C4B7AAFBCD05594BBBCBEB0D590D56ACB91C7F78708B9F6,133
xyz.sheba.customersapp,628ADD142C29E5504A81A3E091F4B1E95B7AA604060053EE7D59477E8F17C808,30295
com.servicemagic.consumer,1ADA0AA1E11BFE0841440470B793A22761F41E4C6E1A830E73335373BC061233,309
com.housejoy.consumer.activity,CD64B02554D8B7A9BC207C8872F5FCF532060079CC929215E46042CDDCCB3CCF,162
labs.onyx.gasbookingapp,5BDD4204BE529A12ED531BD2A2EBF3DAEE65E498727DA00CA4EC52DB9D5F2277,18
mobiletoolsshop.tvremote.lg,1EB3F0450CEE028BE3552B3510E416BFFAD0F66C1D5D15F381ADA9B5D8ED9703,11
com.pirinel.blaze,D9AD39712B1AB88A83EEEAB79BD202458EDD93010024D200D5E270035C5345B1,55
com.assysto.android.home_capture_3d,577BB322D87049BAED7D3ABF4B69C04C7666395FC091E774C20EFA7A271AD747,442133
com.fibaro.homecenter,9F9959C88EC6064602B96D102E7D671AD395227D787D2542235FC72A9E6BEB72,1601649
com.bhaia,E69A4DC39B27BE66F347804684A4572A174DB9D6E2BFA1323B6CB3D9F2011E7F,10
com.airthings.airthings,8EA48CDACCAD349940E2E97433D8A05B7975CEC3A3BAACDB78FCBBBD7CC5F852,329
ru.goal.vms,46B58E4543903550EB93E152C6D8C4DC291568F45A74DCC66F713E45D6847D48,75
mobiletoolsshop.tvremote.sanyo,0ADD9D1361F7539183BA4A9D6130B80030D16A2A45ACCDD4405C2365B6E1764B,3
com.verisure.securitasdirect.owa,488549E375FDC91E7CE5F15A4A9F6B6B7D315D642890D7DD6C7052AB0B26F0CD,56
com.apartments.mobile.android,815608A723ABAF506BE976F2ED7C030CD1DA394ACD5D8B4A6688BF78D36765C7,3003208
nfo.webcam,D3336444DB1811FB3FF8BE005CC041269197E519243F8AD977FEDE0DA82101FF,23
com.addcn.android.design591,846E4D8FADB220263A021C85B115C917F10C55F54E69D9FCE2680D760C37E5EC,201
com.bayut.bayutapp,E542186D2C15E2840343E273C489A8F1A429A1A683EA0B0D7202BD7B1D2038C4,105
com.nipto.niptoapp,9AE90DAC739FDBB414034AD3EF983BC0C43D0C5D661E25D119C5DD4E50CB0A43,72
com.myzap.bhgre,4ACDC284EF14A2BAB2BE49C573A2026782143A1D8D76DEBE77BDDE2858D9BDE5,293
com.parcelpendingmobile.app,B70379694146E6C845CBD43F1BD62231996002D9039CF0240911A27C06F5CDE7,2020091506
br.com.segware.kiper.mobile,970F1061EE83CB2C3301FC6383CC52C1EE81A768678ADE25A8D4A7AB38F58AA9,1640338370
com.whiteclouds.kitchendesigngallery,25FDBA9160B2972539CEB5453E86DF8AFAEF31B152832163C0A9BF6E5EFC12C1,15
ecowork.housefun,901C13B2EAB7C7DA4D12F5DE7906D1BEF36A7D6E0704A86964FAF4C3F0E5D1E4,2021090901
com.appfolio.resident_portal,755C55B09F1B4D07A1CD04D0AA20D91C1BE5ABB1BD3ACC2D29ADACC23ED4D9F8,400150
com.zameen.zameenapp,BB8CA4DF01606C688C299BDA01A79273A92D894587967526DB65EAE141114D94,127
com.kadilo.inc.flatty,43C19A37FCEB0471774FB35F677D226CE24A8B31F1AFCDFC998154199160B133,400403
com.zuricate.vision,5671EE546352AF2C675441C9A675AA7E755E2C0EB45E1442F241D5183CAEE490,336
com.switchmatehome.switchmateapp,C2581F86EA7210F1000325D2C31FB53E17E65F1D2AAFEFB2AD814EC772114BB7,204
br.com.zap.aluguel,B1F2364EEEA25B5329FC19F60360F403D5753B6F6A64D32440334054E1E5C9CF,20483
com.allegion.leopard,6D9F064E63B001D6F9294F7923E5ECA56EBC3B60094B0A83EB0422CED0CCDABB,30202999
co.crater.surveybot,6B873B5E4B04895B8E228312CCEF6C1B3AB69B23F23EF4A9064AAD70CC493E1D,3053
com.ring.answer,21BE14A8974D9BB390926D857847C398EE9356F78587B64DB32A2505C1182358,117
com.orvibo.homemate,E74D2F6A857805EDC7DC7B01AFCF3EAD996D43BB63BE3B389EB699401D31651F,40911300
ru.pesc.ikus,EF467F56FAFD2EBC005892DC8259FC96DD1D2D2A3ABECBFBA60551B7C738C5AA,2022080502
com.finlim.forkapp,B1704412E566C33D60415698AF1086784FEE95ADC2FBB4EA79B99E36631525BB,406
de.ebertp.HomeDroid,7B53AE0E100BD70CA21F213E634D75FC7658B148E383B58D0602D6EFE226AA2F,2171001
com.homes.rentals,7A170924CA890296858FC6CDC833B0791DDA5507A2C60D21F43A14A8E5051344,91
com.zoonckan.android,24CE35937082241B9E9EC4EFBEDC507DFAB33E8FD38C6420C313029C2BAB89D4,94
com.urbanindo.android,9334DFC0D4A2E22BAC738CE25B76333FCBDD83236ECE5F4D853A2CBF5F6EEF70,2008508301
io.faceter.faceter,7E0597DBDC40C1C0B15C7BFF56D2DB7459FC29AF9E265ED58B3FF8160AE35561,200
com.fineart.universal.tv.remote.control,424EA43E0FFDB2ED59B95063E43E6CE691381FDBB980872AEFB318F74E7A1FEC,71
com.sarkariyojna.br,314911CD9C47D3B87765E7BF1366CEC3F79F204888209AF157404157D1163216,20
com.whiteclouds.ceilingdesignsgallery,524BD2D9861FE313B62A7DFF7719E707C4703CD24A9C2EC79A32C3FAE172E01A,15
dk.boligsiden,6FF84A6F5C3472727CB750782CEE31D4A707C61CA8144F2297DFD926A4DE4261,461
com.showingtime.ConsumerApp,F0081B51B18FF442BF2C737FAAFF681DDF2FB9A0BC5E68B94E7FE59FB3036170,20009
com.paintmyplace.app,0EB97FE8EA3FB7978B65FA5023520BF8D3453F5BF2DCA2F707210AC592F547C9,12
com.nifty.myhome.rent,4E0F86943C473EE3DEFA2350258CE7F7DB74E2ED66C6FE724F0B06F6BEE9293D,94
com.zingat.emlak,6C2DA2C0B6EEBF0CE36EA62FE98DB62A01587B3BB2F94B660AC0AF4CA152F162,1050
ca.crea.app.consumer,1E59BD8841B5FA0F1426D1282F0C324BFA9424DD9EE0B5F9F4D8E53AC62D5055,407000389
com.plowz.app,DBC4257CFD06BD4C114AC7E56B2FB75DE7C0E52A7EBD34EDA26EDE0673658882,5402
com.colivecustomerapp.android,C6D943A5A315E729DB552F865653683CB729525859063A1ACD42D6CA3AA1FFA6,405
com.techxplay.garden,FA8D9AF157231509006B6FF8EFCC5E28956D392EBE0FDA019E4ED01894629D4F,2021061622
net.sumitk.interiordesign,7D20FFEF8D6073C47341922EE9D47E7D5B4BBC9CCEB6A9F3CAAD4D4899A4E650,3145732
com.KitchenCabinetDesign.saiyaapp,BD3A55A37F1C3416A5B43DF011D4CFE924F813C0F8403B11ED4D89A9F4FFDD04,2
com.rumah123,54FBA64CEFB677AC36F420502F498208A451FAFD28DC90C8530A6BD8FFDD6E3F,5020000
com.satbara,5C1F60612C24C4F33D12C2AE3CB8D5D1E9B9F6ED49AFED644E0BD7DF720EE3F1,55
es.cecotec.s4090,616C8E26E80D6EEF8C212D67DD4E963F9F9B9953134B46E8183105FD6F97E870,10123
com.housefun.rent.app,2588CD96486350B364D4DA898B6F702D87D24FE7E90EF17730C78860F300A4FE,2020071700
my.realtyServe.Pkg,30BA0AC618FD8090513019E8728956F9C925FF52252B86E3E6641606BB609DDA,41
kr.co.namanapp.leasehouse,35E18638122DA93C7C3ACACB2CD9A32CFE8646A7993B18B23FF81A12741F4A8E,90
biz.esynergy.zameencalculator,1078732F82CF1BA15A481B8BD6B0AB898A800911A6EA37304727528BD5E214B9,2
com.osquare.mydearnest,8B723FFF4CABEB0C9EB754C82758E154E7164AC7F8693B38F612309E5D24E162,310
com.aircoookie.WLED,108736C5B208C489C8A7062A5C29F0DA30FFA29AC2B0C0825516546F4E4A6A92,400002
com.nexamuse.beddesigns,55CB44875A0A7A9188F094A4AB7E67A18F46A62B74D1A67AAA86773FA0503594,110
com.thinkermobile.sinyi,3346CA50497E705A170A2CF03DDCA6F3C465F22172EE519141FF64EB517DC168,84
com.timbrit.profesionales,E29FC7CA8E55493E78A9F5D937DB11ABF93377C3500C5674C49E1AE5E7B62B12,7332
co.itplus.venus,FE0DEA6230D00302B0A7D8076453F4DE74D23C13AF558E201DAD8296EA83992D,10606
info.neagent,9A008A0B0293D93B1ECE29434C5F71DE223D925B3BF16276DF1E50B90FBC235B,10007
io.ionic.seed2spoon,4FA4023B89DBC003F1015CFD41AD91E68A12145BBA3FBFFD390EA5F4642DAB88,70300
com.realmaster,6BA0A804AB0C79A4005434AAE5F458100030EFF5A515EBF13AED51D2CF9F53A7,61010
ru.bpcom.realty,12435D77FEC78309BEFB9FB411D7C164022EABDAF1698B73D1ECCAFDECFCC200,31004
com.foksart.fixawyBeta,18AC38631D88AD14999DA6F9884EBA1BDBA7590A2F1E072EFE9BDB323903421A,3545773
com.myzap.cb,F54E705D8DA0D3EF289B52BFB068D8F4EEBADD2ACA080FA2144AC3993A834ED5,295
com.zillow.android.zmm,E6FBCC91294B30E148C4B6D1D4CA6C650D4E7CF0260042BAE79A84D818D8E7F8,305
products.biglove.lh,45C69F1BD31E461D01CD682D976782A7B56CB344BC59BE192AA36A6BAC90676A,42
xyz.markapp.renthouse,460DD722ACFEF2A82F7D01FCA1C72262FE14496D3F64FE2FC6984C663B30209A,47
com.btw.citilux,67154E56BCDEC7ED2581E50284FBF3BC0CFC0AE741A6FAD7F4150CCDA6FE74C9,24
ru.domclick.mortgage,650CBD6D3CD35F8D3705D1BB2D103BBD2F89D237A0B0809F1ADBF9523B60E210,8290203
xyz.naina.home3dplans,12B8017698A23CB07BD812859835C8841B3FF418A930FD604D653F78D4345A3A,3145731
com.idea_paint_wall.dev3,130866F2180A14ADFFCF70CB59896A1E6B1BCB4D46C9DE3594A78C97228DB976,11
com.kogan.smarterhome,5DC56E2B013E388E37B520B542E2C28AF644EBE7141FF89102E12F87DC1558F1,20
com.simplysmartframe.app,EE837E35001C120F72AEE604F922C1A4E37C50D3978719A35CCD943231E38D33,55
com.constructionsolution.interiordesign,417EEFF78228B8BD9E4724A76EB3D219DCBEB76D13B2C386D5972B33443927AF,14
com.home.design.interior.house.mansion.myhome,53089FDCCAC34CE8DB159BFD23B2FB91CDF66DC9FEAF4B289C85677A958A1075,13
com.looploop.tody,B4C89D1CD9254D4525F14DC36B947599CB11ABA48A404059A6C9A70E97D5D52C,139
com.shirantech.bergerpaintsnepal,8D4D36EDC22B8E21C04435FDE326919749C279BB13D156857AC8C8F13F48C40B,200203
com.pamsys.WebCam,1FB708BFD1B0BDA0F1E53971681F8F64F7B1FA8A417A123DCA74798DD52036BA,98
com.hogangnono.hogangnono,DB5392C2FC0DFCB031EAF2AA7AE39FFD6A18F60901364A68CC628874F0114F81,2000066
com.housesigma.android,86C5C91D82B4B2D6A9FC6B5F22C882A6C3AB298BAF9DB32EFB9733B9CCB96AAF,116
com.lucky.craft.Exploration.Games.Story,155C5BA4FCEEA22A0D85727FBE8C7587F934FA7801056DA094B626DD6BE4A1DB,12
com.code.bluegeny.myhomeview,F8029E79F8775C7F10334BC07C19010F9E67206EE9FD4CD909A465F8AA0EE9F3,149
pl.homebook,9D035A85C03966AA50ADE2C490485D47C38A0FCCB5D6E4D668A2281030DF1159,200035
apiqa.ru.residentcabinetandroid,B36B570D704273BE10C5BBAF6297734A43858C8013128E5F84ED95EA6B3A25DF,81
com.constructionsolutions.ceilingdesign,5E28B759F7D5CDEDF322DBB9DA6FC13BC89A4BBF98DF92AC17A281DC428AD209,15
com.guohua.north_bulb,7A929C0D6F62079CEB4687D08A791ABE62587D5C6497868D607B016587B271C8,18
com.halooglasi,F7B6AAEEEAA4144F1828BEB48491D511C017B0D1EDAEBA57A8A1FAD94442CDC4,513
com.pepper.momentum,C658D240C01D69813D1AA7925F32E9191F2CC844C6769C3F9BA167AF3CAF1D51,20020002
com.strastar.bds114,FCF445F7FB9584F08D136BE339A14684EC71DD9DB80F25451812A02773BA94F3,357
com.nestoria.property,40F008890A448A49E79649511EF90047A3FF2D7F0D327D9865986F973F2E5FD5,419
com.dio.chacon,DA0B0C0BECD4EC5790240BEA4FEAC63685261C4AC31F9EC37B87586A5F39696E,108
com.universal.ac.remote.control.air.conditioner,938AA0BC3047D5F2C184724B1E5A6922040D254952D2185F7D90872F0B82F404,8
ogorod.online.helloworld,96396AC6799FDBA74DF88026DCF6F0DF727B2F4E3E2698163329BF5DA14B3C0F,16
com.app.fiberoptic,D59FC67D30E50D62AF4EB1CFCF86E605A8DACDB5B464B0595AEB34EB029F76A5,18
com.kamilafarzana.designwallshelf,196499F3DD9B8DF5EA68D59BD92A76BDDA1DFD1D4D879A903D4BFCC56E40D65B,5
esbyt.mobile,99D1EE69CAAD2ABC738EDEF5CF4D560483052C165B2789D86ADFA765EEE8FB53,83
net.kentaku.eheya,7AB9CDA89EFEDAB891493D320FB90C5B585303515441ECBF856A094E1729ED16,559
com.alpha.smashhome.destroy.houseinteriors.apps,F68681CD3C6E37549E9AC624165DA4632D984AB06E8F28DCF1E17B918C2AE53A,19
smartgr.kidsswimming.pool,DE0840D23491D640AB2D45F9E1DD8507B9A705E18717189235AAFBF0B1DE3A6B,2003
com.prestigepaints.prestigecolorpic,75AFE24DD3EE82BDD80756063C2C538BA499A9392876120962DC37FD0C3FBEF5,71
com.searshc.kscontrol,851F757852D10180A9CF414856A4D5B7E21AC1BA9141905FBFC167EE279849CD,3922
pl.tauron.mtauron,277F1FF0C34200E16E760DFF2137FC3FBC7F23553A3CC2D2A121ED350DF3EA62,65
jp.co.chintai.bukkensearch,CC1E6B217040589ECDE1C4EF33433EF11A6D5E6D82AF6D93606AF4822E0111A3,38
com.boomtownroi.android.consumer,7FD93404B5E0F36A28B3F50B268D79C16219B673139025DBC0963D25C8DFE148,1016
com.kidsgamesgalaxy.bubblelevel,E579B5DDF917843C4FC8FC0EAEE53513574EAD689A57122ED1903D5BF0938EB0,13004
com.palettecad.palettehome,CCAEB457E120A3502914B53A8E83087A64CB97B1CC47A74C1DBB644B07B32FA0,1418072721
yamayka.apps.diy,850B4BF53FA52F72B6FEFD34CAB0611D6C2BFE577646A4020504E205F1B11AF5,15
com.SofwareentwicklungKemper.smart3Dplanner,CDB357E355AE697592E5B608BAEAE463BC698CCEB8121B05AC17742A885F33CB,77
cz.o2.smartbox,46FC1AFF19DEA59C22F28D8DAA48DFEDE2A959A02B383B634A5F33E8FD8E7EFB,20907
com.campchef.iotgrill,BB8034B003FF42D5F0CAA9B381AA2156154690DFBAF8414F6462D675F4D4DC91,238
com.backslash.tv.remote.control.sonysmart,AE1D2FC83267D8A639103D26ED2AE763A670217950E5B930FC76F1A39F60CFDA,18
mobiletoolsshop.tvremote.rca,EE4A8BD953FAE541FA966DDFB3BBF4E196070961B6BEFD988F94B4798BE663CF,2
com.laundrapp,2C4F18CF278777938DCB761C936194CBED09D440EADD578968729E4E0F6B3BA0,300303114
espengineer.android.kitchentimerplus.free,660A3BC72D8AD61B198ADAEB7E2B7D93E940B7784CF5C2D50B3FCD7561C279CA,28
com.bbjang.m.app,2CEA21558D809BFAFE42DCC9CAB496CFAE453038F49D17BD1239D42BC23E0C75,264
ru.mos.ed,D7CB536DFAFA252AA46551AC800AE4217995223CAEE4CED37D1C45109D8735C4,21090613
fr.anuman.HomeDesign3D,FE5DDA916BB36FD5E4B00197A8ED646D7050B6030D9AD79CB67B043F5196B2C9,529
com.fashioncollection.houseplandesign,22D330E90DEB90E409C792E390EDA3B03211544448661EC0CB438BEEB274D801,7
codematics.android.smarttv.wifi.remote.tvremote,DBCCD1060AD4DE53005999366E3B7FEF42D45CAB799B18D119856FD468A7A060,17
com.navent.realestate.plusvalia,83AE5A1B456741D77E9912236F938650B0CF144D88C84BB57D464F4BEC673A8D,4001608
com.vas.mobilehome.transportertruck.movingvan.builder.freegames,24751A6405211401187DD9A5E86FA44EBADDD0198EC4DF1416A353EE913BDABD,5
ca.crea.realtor,24957059686B5495A33FC13447BE2F05A4E4201AA0CB7F303205CE1A6564ABB0,301150017
me.aftergrowth.disco,24D39FEB0F5F9355254ED2F6991EDA1776FADBACAAB6AF2944940A7F09080484,90
com.ytp.buchamp,BC2690649A5C6FD9CED8395895A71CB19EE8AC08C6FB24E7AE375C6D880632B8,272
com.bbg.homecleaning.cleaninggames.dirtyhouse,24E35FCA8460AE9CB4CB740AA80689D0AE18FD5A366A0BFD168B2383205F0B3D,8
com.asdevel.kilowatts,AE2211D3C5E524A133B95A7F6AA6198CCB2D05560FD4A21D08D9B86DD8A1C4A0,55
com.lesliespool.mobile,25C8FF49D6470DF1407642235B334BB44EC5C943ADC7393C83EDAFD80025A47F,303
com.abodo.ABODO,34D2072B4B1E74197BC9DDF901BED966913DBF0B5ABB5D69B3E14E1BCAE0C277,11742
com.chic.yellowlight2,2CD9571B94269216C3C1DAAD86C28FD5101DB3A70AA62BFE710CB7D0159C9C57,14
net.searchome.designer,5F3F11B2578AB4B47F42F9198C0840E9F56E60599F9E27268F9BC9A99C2642CB,18
us.Time4U.ACRemote,53FF0EDFC72D1BC68A758CB23E8A2FB79ED23AB389111F95EAC04BC23E702957,6
com.floorplanner.floorplanfinder,27D20F47FCA9E88E4788BBB97A174C7EDA30B49C433391A652953800FF2C7B3D,21000054
com.axzae.homeassistant,27E5D5C88C5C10291B4237D706C2D16DC25BAF712442AC29BED9274C9004304B,57
com.rbc.ventures.garbageday,843B676A8677397BFE3481654ECD77F6624118B7C1CCFB1118729A52218433D9,2012522454
com.winkypinky.VioletCinderellaCleaningCastle,29424F7543A5BD7953B3916C3223106A18D72E8D36AAFE9CD0449586DECD44DD,5
com.chic.pinklight2,32D5872B3A1B6445F2F5E8AC5056887A82E101D98FD43C750E732B1EE8CA47BF,15
mobiletoolsshop.tvremote.philips,852713E2D7BD59E569D04EEE42BF9F7555DAC88A3B4AC18F4EE03B15569E301A,3
com.primedia.apartmentguide,D4887F077C2D489CAE639DC4EA1A3F8CCCFC416BDE5CFCB64ADCC8E07122FEF9,752
com.auctionmsg.app,9C5EFA016A2675382C937E067F1597DF2B0EEF9F9DCAEC4A2E1D9C14897E32B5,1021
com.jotun.colourdesign,DD8319AB038528469A225B1025B56C17BA6680429F2629A804EF330ACDEE46F8,46
com.WoodenDoorDesigns.prakasapp,87658F2F2DE50C10EF3FC15568527337F498A6779DFB1CAD6D8CBD6BE0975051,2
com.mirabella.genio,AAF0D878034DB56510B19A5589861386653CA2CF0C98D07B74DC4C92E8759C01,17
air.net.chicworld.simbathepuppycandyworld,2F3047D881BC31849761134735F1937ED56DD0F2DDDDDDF318C70808333E8EA5,1000005
fashionzbp.com.frontelevationdesignzbp,B1D7A7888DE1A748684E846215FE25377A05459A6B75DAF25A378535D488ADF7,8
com.ClothesWardrobeDesigns.jannapp,31EEE8F723DAFDF80979CB1234EEB3E6DB937CC0892F4225AA36874F79BB59FD,1
com.ddangya.app,EF2DEFA62E170290B001564A0F04B3F5EA774BBE8108072CF4126E1547473346,1020
com.prestigepaints.easycare,32B24E6E65DD715E27556C5EEB7546083328A295A208070A028F56F076A9CB13,25
com.thousand.advise,678551432944DB04E8FDF7EA7CD321F892950853B7EE8FC4B76E01A40FE6EB8A,14
com.thinkershub.pmawasyojana,344B39F9627053CFD7CF680EA4BAD4944A787030B1624C320C243486713A89B6,14
xyz.naina.kitchendesigns,6C126A2C6EF6A50D04578F91DC24119A2253F4996067CC6224B6BF09CDBFAD2A,3145733
com.zalebox.ceiling.design.ideas.l1,35CE5959FD998DE17A4A27E07970CDAB63E6C89123555E269E4C9C0AE555F208,2
com.nifty.myhome.buy,E4E14B0961685FEEBB625C9C0484006D259B8992E682878D5AB1BA380A09540D,23
ru.ufanet.smarthome,C682B5B23F50FC068E9E967E2D15717C8236EF69775525DFF2E2870FA444164A,311
com.tmobile.homeisp,7A0D89B4AD6F2B304921D369DB776435C9DC83953174CBCEABB4E34A29DE5748,241
dansons.pitbossgrills,EE147D826083BF8883FE0BADBE9342AB81B6B4019FB8A45AE2CFA2A5CAD9DD7E,13
com.benjaminmoore.colorportfolio,392F27ED133D454D5D31259A2B3C1FF1E1B259A0A70084BB6A65FE0B58CF155F,114
com.architecture_house.dev3,3955DA9388F58D92553F9AE7E22F90872C99B96608604265B4805152D61F54FB,11
com.amazon.cosmos,D05E86831A9A2E9266F9D24AF337BE0D5CF39805AFC4BDBBACD049C3CD3386D7,20279001
com.andromo.dev601172.app653895,3C8BC13FE389B65A72C7596DD0341F8556CCA5FF36F5EB3A5EB427956E9E337C,2
roid.spikesroid.tv_remote_for_lg,61AD56F8A157D4823555AE938091D9F905933D928BC6376F279E818248ED718B,45
us.ZieliFun.pathfinder,3D4B9957A731A0B23A8648E0F547C1A1108B22FE5A6FB026CFAF449D152423F6,52
itdim.shsm,4332845AE852ECCD70D1379C78076967212CE56F5A5A73047D6AC77CAA8D819B,31
com.khedmatazma.customer,4830CE8FE19080A3407B92F03F42BD1F3D63F68323FC6E47C832E6718C3286E3,46
com.bangla.besthome_calculations,EBA7F003F1A500C7FEAD433D0D310936EEB74EE70D30199BCDB58AF6DDD25BD6,9
fr.nexity.nexity,BCE2C0A1837136194BBBA1C504AA831DB05EEF59AA6E7EF8EE98B24ED3FA2640,6020101
com.designyourownhome.YEREMIA,871EE1E33C876AA64E7D4D0FE703F15A3AC5AAF99E803DA7475E1D95DB03A810,5
mobiletoolsshop.tvremote.toshiba,D5EEDC2F5C3C64311E521C34117C54996BE60AEB03A6A06EBA97F1D58EBF7201,3
com.qweqweq.kookwekker,42BB788C6081E7B9B376E13FFCFF15C348896C1BCFF92389847BD9C003DBBEF0,16
com.app.greenlava,DCACD9DC814AA80097E0A971A53E10C59B9614E57ACF60D01313E95FACCC605A,8
com.jnp.lh,487CBB789D57C213F43B173FD76D7AFCEC316136E7F5C2846003448B9C30B225,10
io.kodular.ziach5451.landrecords,4C81034AA5596DD1D10F789514231DA2647DF2F1DD666FED36052C8E789CAF1A,29
com.kmb.lh,BB3A61965B0CB326A3F272CFA3F50918BAA78D22F4AB07DCE2456F94B2A99650,22
com.techlogix.home.security.ip.webcam,AD913F12F9F82E6A835DE8F47D8CFE8CB363DC44213D8BF17A0248B6DB105E10,400007
kr.co.landfuture.simple,5308356C88331F591384586F3BB57A4F1C5263F6982DD4720014CA15D4160751,291
codematics.lgtv.lgsmarttv.lgtvremote.wifitvremote.tvremote,5390D2FD62D0AA6C198CC0F30D8F5F9C632F08FC94A821B8A76F8DD23F1CBDE7,5
us.Time4U.Thermometer,53FC7B6C44E9FCC8390F44F31FB19F240726949916D6ABCB1319A39FAC52EA2B,1
com.delimaarc.bestminedesignhouse,E08FCA11A464BAC14758223EBC073C3B3C5502365CB709EE3D88DFFA617D7B59,9
com.plong.model.rumah.minimalis.modern.terbaru,A2BEB3C7DBAA58424865810EC3B2A2B0CD23DA40F877A73DF8EE5C01B3048DFF,4
net.chicworld.BabyBoyModernTrainCleanup,5970A0098C04134EC28DBE91935377EC508EFA83689A688736D8C6B82CB0F9F4,3
com.tas.remote.control,EC30D4169246FF64DE3B7A27F0728880A09A273CE2D8DC2241AB477F6E9FEC41,7
com.maharashtra.satara.utara.sat.bara,E2EA165FFE802A7C4AEDC0EE572256C5F75DA80A30904B02A9B1C3C29848BE45,18
com.ohmyhome.sg,DAFE97EFEAD292EE419DD5763D5919C190F0FC518093AEE3226ADCA469FCF17A,97
com.Pikido.PikidoVR_3dFamilyHouse,5BA1DB473729BF246D0469F1167C025C15DB98A4C29E40A2C16FDDE91A4C6207,9
com.delan.app.germanybluetooth,5C2BC6DEAB58E3438190AB57FAC09D73492C6F58780CADFBF228647A99828C7D,13
mobiletoolsshop.tvremote.insignia,603EA167560561A3A7CFCFDD6E896C187E06FB2F39DDD7D733E5EB9FEA8A3D0A,3
com.andromo.dev601172.app654219,9FB82ED4D6BC861D19EF65B04D62B982B0F3A960F02A72A47510B522B7642217,2
com.WoodenBedDesigns.jannapp,5E18D81CC1DD6106D532299344B7642D3A2FE76714CCB8CD0AA5EBDA32B04D97,1
com.sofaxtech.sofax,A88F7A871396F6AAC7B6D3318D9170B6A32D6AAB5071C291872725DAF5459332,191
kr.co.kakazo.kakazoapp,603615BBE9688FBD6CDC8ED3B039DE08AAC2147A09B4318D97F411356AA0B9FE,19
thewholecake.housepainterfree,60B474B0C0BE086DA0C066FA6A3A2EFB9DFB0DE61688BA62C34DA7561B020B7E,98
com.arcelik.connect,60ED33A78BB5837F4EBA775AA5954C45676801937A877763BE6D84C8414D2F33,105092
com.MultiCraft.Crafting.Prime.Building.city.builder,61E65DF289199B9D5857FED6307DF01DE8CD170865ADBBDA6407434E37979BAC,21
talant.skyqfreeremote,6247EE12586C8C5949B0D11A486B74F71024E1972BD0CE1923CC77B1BDF8FB29,10
cube.craft.cubecraft.hand.craft.handcraft.modern.village.adventure,62CB89F13E568F59E0813EDA79CD96F6AA9F3611C977D829FBC07EBD14F82929,21
com.samalex.furniturecalc,96BD628566DC5CC627AFE7F78246A1AF185430BFA1748ECC006E8BE38FE7AC9F,117
com.naouimi.decor.decoration,CBD3E492AE537FBFCA193C29DBCBBE8C5216F4C854B4CC5E2D635B20B82D1601,8
com.arvindkum75.Pets_For_Sale_Animals_Puppies_Buffalo_Dogs_For_Sale,6BD21D0F58AF1DA0C55539F0BE4E0DB49350F739B6E98BCD9E0409BF569922FC,10
ing.houseplan.drawing,6C05B971286EDDA8B77B2CB6E1BEBA183C67E4DEA47F2BE192EB4FD41BE62D13,1
com.zalebox.living.room.decorating.ideas.s1,6D66ECC02DEA97041F92D4FAFB9552D644B08F261C6A682D448A5079095B4923,2
com.housee.app,933EDF4772460843A1196213133A86ED86D7BBDCC4559C42060ECE7D0165B46D,15
com.skynet.thuenha,6E3FF2C9A17AD37C10EFE5933AEAAC3A42694AF56F251131D142EFAA2C7CF89F,58
com.mini.craft.minicraft.no.crafting.games.building,6E99227BC39773E4A9DEEE221D7F770D6DF10DE166EE73D41122524405DC9418,11
ido.houseplans.floorplans,704932D1F8A29F22B22CA82A5EBDF7C23134C0F1385309D3F4935DC4A435CAE1,1
com.altec.shsm,76DA2BE5FF57C06659E980874E5DCEC20307DA70E2DD3891A8EA3E0CB3528D33,8
mobiletoolsshop.tvremote.vizio,BBC65CE64DCC34E563B10F70EB0BBCA897EB3600E97234EA7CA6C6CE6167975C,3
mobiletoolsshop.tvremote.sharp,E89AA89D44C4D4DEF8315E0CB9823880A3953F74A16FF33057FDABF7321E66D8,3
com.bonc.paintmyroom,79A17CF87B963E89DC7631EB360536392A2BB2C12A8BC6BFCC9DEECC7BFB0BAF,52
jp.co.athome.newstudent,79EF90BB91AC370CB0DA8F5A08732EC67499E64505B52A958779F9D4418FA8D3,10055
com.plong.denahrumahminimalis,CBD63DBE2C179A9ACD035BA02054B1ACF6BFCC018C963345E567B1FFFC333C17,6
mobiletoolsshop.tvremote.samsung,7A8E2941F39C96F1E10D8758E773C2624679A2B9B765CAC6242ABAF47FF7EBDD,1
mobiletoolsshop.tvremote.skyworth,7D3BB259BCB34F232637A8120AB712B611AC0D7FDE7DE717D5A2D198D37E4505,2
liv.plans.designwithdimensions,EB4F7073D664F5965508DF640C0E9454372CC34B61F858EF6D532F996C4D299A,2
codematics.smart.sony.remote,CD8491A54DF92143C0D710EEE63613B565C1D4D87023E306A96206FAAB6EFA3A,3
dreamweb.mtech.zameenplothousecalculator,89281351464E06EB6886D6C4EB5AF951761CE8414A9FD2B7543487771BE9FDD5,1
xyz.naina.ceilingdesigns,8952E3CE425FBC2550996BC3D214E7CC96595E807BC603F3564490A9D4D29AB6,3145731
mobiletoolsshop.tvremote.emerson,AA10CFCF6BAEF362E27297FBB9B9D4C8D77B6EDEAD60B305ED34A9A90D7AA15D,4
com.winkypinky.kittykatekittyhousecleaning,8B94856BEE9B9A356B130E46461F32F97E8CB705D8187C4E5A1B3AF7750E56BC,3
com.ModernBedroomDesign.saiyaapp,8CE8FEC02CCF0E6C0B1F27B68423B21247F7F7208F44CB1ECB60DC273B491BA4,2
constructionsolution.com.frontelevationterrace,A461900B8EBAD6C5F1BE2463693221CBF92EF374C9C4F054420B6AEB4A8DAD7E,11
com.asianpaints.home,932222434E3B66BF5EAFE5793E97FD6B38D78D0E7855FCE51D9ED10BE343E559,18
com.rmtapp.tvremotecontrol,DE9EDEAD4BB699E352609EE0FF1CA62D28EF7FE292A453071E036F15EAF420CB,3
com.eurotronic_technology_gmbh.europrog.app,983953AC576895A972E973355EE742EAF79CB31551904E46CE59B9B3E23788F2,54
com.star5studio.royalDiamond.homeRenovateDesigner,989F5CAD51974BFF3EA0BCA959F124B454AE169ADAEE4FEC17E44DCDEC82B49A,4
com.domovoy03,A89D88DDB46FB0E84065B2BA1FFEA03E2E7879627FD2455F5089A427B0257456,69
com.midasapps.roomcreator,FFA97B0B0FFF00E007614BFB21AE64B88B33347617DF7C8D91D09C5F58D01051,8
com.zalebox.wall.decorating.ideas.s1,9AE963581E4C88E62CCF175BC8AC786866AD738285DE072BC7A1A398496F9334,2
com.zalebox.kitchen.decorating.ideas.p1,9BE0E3FD0456E1E07D6E0C775F1CF87C425D884FF37771D4A60805CD8C8C9F42,2
mobiletoolsshop.tvremote.westinghouse,DDE54E2C503E66914417530A4475FB6D779BA206DF86E7CDED1195C2D6E3A5B7,2
io.ubee.android,A29A7022BFF71C77063571B19E9B68A973E3CFBBDA5C576B24D554B53BDED2C2,92
com.zalebox.apartment.decorating.ideas.h1,A3620443B4CF4FD64FE6683CEFDC98C7CB98B5612BEA11AB51BF648AB6FACFD2,2
xyz.naina.walldecor,A3D016EFA0F1C7716BACF5C09BDC2F9A604CA4EA6492B36769655324C1E54DDD,3145733
com.star5studio.jaxonTownDesigner.HomeHouseDesign,A50A34C1B9544F4743B8B1401E53397F74649D09D04A10A44E2F9B301C11F523,6
uz.allsafe.uzbekenergo,B5D5EE3E9628C8C75AE068777F66870603CB773E5864F5ABBDB2C1107796A3BE,18
com.technosoft.nayapakistanhousingprogramme,B6C98DC16E98800BEEB624F500FA73C62B3FBC80F3AC23F00B995A9C810ADC27,5
com.zalebox.bathroom.decorating.ideas.s1,CC82B05FA15F0F5AAE1BCABBF8278CE8B5ABA9E718F3907C05960DD5034ABCFC,2
com.air.advantage.myair5,CFDA0EB9FB1E0A4879B9CCBA70B82FA1C5C6AB52AEB1788CCE91F8BB8BF0E81B,7940
org.nocable.android,DAC39F9AAA4F82944BC16B9C90B55D50DBA975A6BCA24E592A39A8270CD66851,10506
com.afterdawnapps.homeexteriordesign,E65B4DBEF5F67AC9894F73BB5DC721E63AABADEF1C6387EC6BAC8E200F4368CE,4
com.alhakimi38.ALFATEHA,EABF37E4D87C92CC11DB4515540D2C4835A7DE5CF50B9D525D79E734D53348DD,2
com.ccp.universal.tv.remote.control,E810D116BD5C614DA848F7B0AA19B93C48C46F26ECC52864858C426E4593A8E6,5
com.zalebox.pool.design.ideas.o1,EF91D139465382674A963CBBC5A88391C22A9BD315E682659A23A60FE11F388A,1
com.kitchencabinetsidea.Jangkric,F588357EF0706CECB690DEE366ECD98C21138C499764AF78541E830FDC9121ED,1
com.KOVI.HOUSE,F9EF77F539560F4573CFE6FF9A406AF13F32D851574FD24526A0A9D9D5471929,263
