package,sha256,vercodefree.Gps_Maps,8C9A68B37062274B86E842209FC772395E4BE57562567EFA8D24315FF9033565,115
app.zophop,99B29258637F8CD08A809CECB70B408694650EB039EA6FEEA55148F67909D1EC,739
com.citymobil,C81B8EEA9E910096454F5491DE9B0F544339AF3C87973D9E8FE176352C57396E,1298
menion.android.locus,1FA73D837DEAA7FB91BF1A776AE7C2C72A34F38892A6AFDED69460CFBB222142,1042
com.elparking.elparking,0013F1DC8C48BFD54F2C6724AE27F6ECF0A5E297FC245C80EB61951237D2C736,421
com.careem.acma,9B332BB14FD6D8FEFC99049E60CADA40C81B270FC5394D00DB52BBFDB3A7D6B1,113901
com.olacabs.customer,C4362A55E6DE0F45DBDE79B4788F0ED17F134E75BAF79D435D17571309CC9B6D,50503004
com.loggi.driverapp,26B65A1947252A63D6797BB904C8EB20141735D77D3081FD802D57975F1FA933,475
com.navitime.local.navitimedrive,47B600F186E6A1FBA61F2F5660A54734B51A4FA92E745ECA7226BBD51472834D,482
com.navitime.local.navitime,DD8F42AD78F5F425A59695CCB97CE417357D5CFE8739777AD893AA34E8422948,349
com.mapquest.android.ace,12B2666A56B708B1AFC1CDF6AA386389BF4511752F6DD1BC868D2892354614D4,1347
com.cabs,B1599692E5B304B14767F6AEF7BBDA54AE20ED87F4FB4065566EE5789594CC6B,19816281
com.gps.speedometer.odometer.speedtracker.pedometer.stepcounter,F7302341B5126CFF2BE5D304D1CA3A9FFE807683CE52D7103B1606EB0679894D,5
com.grabtaxi.driver2,90E864BCD515651B09120FA4C27377B3FA726D4002EEE2219FC6AD85EF0EF8F5,620
com.calimoto.calimoto,5F735209F44B5F0652F58511FBC8F43061775D2F8ADA091C551000772F32ED24,377
at.oebb.ts,F136E8B65B02317E6A2326ACB5A18E527651843CAE52DD1C188907C504492FB5,19933
com.moveinsync.ets,DD49B712096BAA97CF8915C306E2F4D431998CDDE8BF88575C5FE3CA812D4F82,400235
ee.mtakso.client,ABC81BE8FEA7420250B42487EC232407E9BE8C618068BAB6AFF509630C7D08EC,1774
com.cabify.driver,EC31B71C3C04AB0C7A42AFB7739B023608940A7120E89ADBDC56382FE85185F3,665
ru.yandex.rasp,2D270A15939FEECF53AA1B65A88D4019304760228705972F870F0C9AEACA56AC,34100
ru.yandex.taxi,F01C9B573531030B0F43E851F553375AD9101F0192DDB83DCB34241706C2687E,30122078
com.carshering,8BDA6BBC7CB2A68A583A7FC71B641EAF089583CA2CA840B18DA92E2E83858AE3,200005
com.sncf.fusion,210F8EABA3A8C385C0BA1B6F78327B80AA64371F4F467FCF55468EDE19F4BCFC,10009800
ru.yandex.yandexmaps,BA96680058213B12646172F8082EFA1CCE3542550A6C3F96711D790EF43EF606,9264104
ru.dublgis.dgismobile4preview,F2404BF21C62EBFA677875E8AEBD80FA4004034B2B52D774F58F4ED64B9A4451,232000379
com.location.calculate.areas,0D8090CB4A7D0AAE62C173A423F58FB7C640582B7AF14C612F727786BD2D9664,133
com.locnall.KimGiSa,FE31003FBD8197703E256A589F60DF74AAF9FC3CF8E5F6B9E78CC895DE1762E1,21082
tr.gov.ibb.ibbceptrafik,4A724C44DC0125133FADC29636AB95C8F507264905A21EFF69E358E384E35689,52004
mx.capitandurango.metro,49B32FE97EA59CCEC89A6DD5C3366DA602701B6794ED1223D1CF6C81EECCD78A,332
de.eos.uptrade.android.fahrinfo.hamburg,3FC792B0D7DE6791E759A313B043DBC4C88B1509FD9031FCE7F1ED79F6DBF4D3,1000510
br.com.autopass.voud,FE06040CEAA5E0E000B3ABE0A29E40E33F52936EE813A90D3B8467C2310EFFF3,3145869
br.com.cittabus,7CFA5A9188AF0E83B85B386A58CEA22681191C84BEAC675E6AC82A61B29A6CD1,383
com.gpsnavigationmaps.routefinder,6B0E9A247AD811F9B03B194C29E323046A1D2968CE0BB077A926C03B71C1C4FC,10
com.citynav.jakdojade.pl.android,DF0268EA5A002482F478E049A1B2484E4563C482F869D0653BE69574A20F855B,950
taxi.android.client,D8200F14C93BC845D7A054C3DA01FF1CD173132058618DF1B9C32CB7FD1F093A,1704
gr.androiddev.taxibeat,7AFF89D1CFC45DED57148CA4A8843077BC6A65E9F8664467F1709CC249A1D46D,355
com.artds.gps.camera,0CD282EA67D8CAA1FF499FC0BF6944316D377B36DBF063496691FCA8505108B0,26
com.cabify.rider,133894A753E53613FDF5AFC256989FD84FC8BC6FC4D9BFFF4B7DED8532C105B8,17133363
com.emtmadrid.emt,53BDEC975AEC744DEACD3E81D707BE82A5C6B1DCE703DDDD96660B208AD91E6B,187
hk.easyvan.app.client,1CC4BA8A941DCB25E72A9EAF42C3518C50D5AEB17B8B8C58EBA305942CB61AAD,105401
xyz.be.customer,71CB73E4BF63942F76773E6A58DE1176EE1C758D674B5D6A5C079FD2357A6E42,599
com.gurtam.wialon_client,EC4C87B14ED603E92FFE150AF2E1A1693D10732A469163D6912E51C9B3ED3BE5,2945
com.jvstudios.gpstracker,6049B043351CF32CE8F41C50625448872711432DF084A9B1DC7C90FFF5FC4576,127
com.tranzmate,6899983D174CF0D4BE54DFA23118E13B9D7FB2E1D3192DEF056CA66CF408DF72,499
com.mapfactor.navigator,8E9762E0CDB7416216D13DA0CF46ACB4449D698AFAF7E455530F3F3FCBB17EED,7000067
com.cht.easyrent.irent,994A61081DF131673722C5F0286BFBE6BD095DC73F39750B1EDC4BF48D3FFDF2,168
com.idmexico.tutag,51C73B8CB555F711984A482A40F5713B0E733BCB43D73BA916CA84366E237D77,200
dominapp.number,B64B682E46B65B63667FD1761671749FEB5A5AC7AAB6A2CBA6B533E378AFD912,1014772
com.yatechnologies.yassir_rider,A38693467834ECCFF3E29F5D787CF9FAEB21D2CBBDCF48FF2AEF9E68DA85F65E,4198899
org.mrchops.android.digihud,64F2ABF92F6B104802E41FC7CF9C6CD89D3E0CF297F8D7E10CBCB1573035DBEA,67
jp.co.jreast,84A71FE71C6B4C2A544CCDC2CFF5C742C33F7F5270484DB91A8B1AEC3017B715,453
ru.taxovichkof.android,B42FBD1DE36DD707ECD0F1E607E238801D071B8C8B1DFCB483929F8BA4EAA09F,334
com.applidium.vianavigo,712F72BEC9F94E0E7EECAE0C757B7283345EB68D2F7394C6E87D4656CDA4B225,27202204
com.zc.android,3993C2024A444245A01990E2BADD32B991A2E2D274F226DDDE820D6B45821B31,721
com.here.app.maps,BB179FBBFE9C0DA75773701BD536A0F7AFC8E5FF23B19268F384FB42176C807D,3884000
com.gettaxi.android,0282A84F8F657F0FA4A74CD9905C8E4A3CEA99658BBB18DC44E4B3BCDF24F0E6,100904
kz.itsolutions.businformator,83C6C1C8F9740A11B9278DEE14CFFE91CFB028333E3056DD0074E4869DA20E51,203000833
com.didiglobal.passenger,40E09C3CD4DA15861997D104337BDB73F0EDC84A0E9C7FB0459E7F41FD76F24E,1860
co.infinum.ptvtruck,04F212F0BDCBE8CAB4012CFEE01D49DC22244AEDAB350098AC79A541EC5DF83A,3993744
ru.yandex.taximeter,FAFFE0C12761BF329DE4C4D155D1F32EA29CE830D2A4E4453F26BD2F69B4B5D3,3008325
uk.co.ordnancesurvey.osmaps,78950E93F3E2F9C0AC3734F32A655A13A713D8DCFD73DAE1C95C07E9E5EF3B32,896
com.unicell.pangoandroid,777593C4AB1A1079415F83CF4AE7408C695C0947A0E66FFE66A455E63F183E58,92112
com.wefi.wefi,13650A6685B0FF4CB961E2E3ACDBFE7265C7BA179C3549EA9CEBD456BE547D04,70400110
ee.mtakso.driver,A3CF75837CFC4B29D83FA97D69056E8FE31FBFB28CE975BEF913772A656F977D,353
com.toursprung.bikemap,8EF1AE0515D2F42F9DBF8A175602BFA42F1DFB244930E893B04B9916CD43A82A,1300205065
br.com.easytaxi,8ACF3AF7290772D54E6C29703B98974FE2BA36C7535E9430A76F2BA1F82EED11,103370106
com.herreralemus.iv100.client,2DC5EE4ADD872A2749B627E060058A7CD251A1803BA175A9204BFAFBCE118FFC,1005000
com.foster.emtu,7BF0380AF575B7E36EAAF56F645231C8B7278DFB69226C24B0D832951B56F68D,25
com.chic.uvlight,60233B4365B5131E9F1C74045745F8B86545A984B4EBEB131EA76588108F0A89,15
com.hketransport,C74B6964B5C8DE064D3FCB348E48179B251847A00F6315861B77750F7770FCD7,133
it.navionics.singleAppMarineLakesHD,B354440BD452A91CD5E65096CF7B27A8188791B6956DB357980170DBCCFE2312,415
io.mvlchain.tada,4459D0829463288320989EFDCFDA211E77F240B2BC0309AC8352475ACAEC5F96,249
com.thetrainline,F8D868636955AC0CB885CA8B9D92099E1AC14A331CAAE1CD02945102E82A2C48,1172983
com.vtron.subway,716B955407ACDBECAFA2F6E68C073455EBCAB6DA89FAEAB9E40FD46A9B09E588,232
product.clicklabs.jugnoo,4A15B53362CB238C1B3E41B920ACF0D985F17A7B0F998C980A4F531A2A002A07,480
com.rutasdeautobuses.transmileniositp,E33EBFD850265755F1FCEFB4DF5ADA298BECD2819F7AF11C840BE280EAF87191,514
com.grigerlab.transport.minsk,4536F23FBCC42F89193211F43D33C181C7AB7959170D78523E0259C4361B97F3,6009
ru.bm.transport,67639E84666E93891BA82A4BD44388C5C1D7DADEF18E3579B08289CE686C1CED,170
com.navitime.local.nttransfer,D72B820562C16FC4FA156B2AFE1D09579287428276799DC802B7A54A2FF7AE08,316
maps.navigation.offline,DCC48D59365EAF7F1351187DE5148DEF8A9141911B2ADFDBB66C0F85639673E9,24
me.lyft.android,54D36319500C816BCCC465F53465EBB7A6B70BF8DA8DC0A769AE2AA664C17A97,1633583298
com.intele.nsbmob.app,C96A4FC9ADB7EC02C007314A858E81C27128127A80A8954F7094649D6F6B9AE1,340
com.live.earth.maps.liveearth.livelocations.mylocation.streetview.maps2019,20C1D747249DE93C75304D3A4AB5AD408984065FD9B854C6A1C4C75E6277E3BB,42
com.smartdriver.antiradar,8896DE5E500697837CB1E17FA4462426D15E1818DDB4DDE4A541674D1B9A5264,2136499
com.sygic.incar,7F19122E813A8D4BDB361EA6461BA698420CB758D76EED662FA57DE0469DFB6F,18061146
com.fabernovel.ratp,A9FB2271024F0535AC86059EB5A4AEF6BABBA07446EB90589060B6481FB691C2,7050099
com.indie.bustime,73D1A0DD5A172656038CC8C901FEBA5A481F3164F023E16763864BB64ECEB1C0,289
com.kscc.scxb.mbl,E7DB5146B34DBAAE776C9F3201F9E56B4051311E17238DB9C95093CF79DD21BE,95
com.sygic.truck,15B3DE46344B84A265DA643AFE8FC6F86661BFD4D4904B57F2B369C04292FF58,2563
com.ubercab,57DDF0391619781D9CEF379A649D9411998AC3E16A18BBFF23684FD25E00314E,103825
com.liveearthmap.streetviewmap.webcams.earthcam.liveweathermap.onlinecams,4140C9667A4E5E2D536382F012215B9FD2215500C4D3E2276BF523B51722A63A,25
com.taxis99,B44E4927A7033455564539AA516B108C0F24EA19AB62CD8F12912865657EBAC5,1048
com.galasoft2013.shipinfo,6A5B647EF7188156ABFB602C33B578A70B1882EA73B951763B003A00FDF08CFC,229
ru.russianhighways.mobile,74989852F550523230D4E8C41E89539617341C97694FC79C910E37D96054F0D2,2943
nexti.android.bustaipei,63E46BD207836531E36A5355DF3FEFC155D208FD1E570C554A8B6540022E0DCB,153011177
com.underwood.route_optimiser,E75E938DC88F1FF06B08DE7FBB23CC46D9C52546F80A96707DCE9379CE81A1AA,2310000
com.uberdomarlon.rebu,7CB32BC9B03EE9B56FCFEB6505F8708DFFA7314456D9043379703EEDBF2C3588,355
de.schildbach.oeffi,0CCA73556FD288C604B0FC76E0E79413E9053F3A969B2231753EC40CDE5B8930,120013
com.lynxspa.prontotreno,AFBCF7232F276A952C27F0C2DC1D27DDA4F2AA418A368C1EA1FE10BDFE7E56AC,38926
com.skplanet.tmaptaxi.android.passenger,FC23E36A15F76FCF843051F1F8831DD924D14A4907555EEEA049EEE3B69EF48B,1994
jp.co.nikko_data.japantaxi,664400A1D4E588160A0AD125BAB114B9481420DC899A7492AED1F9E4300BDAFA,21237
info.mapcam.droid,2599E8D1D56A2635346B364DB827BCE2E61C34D9A1C54565578DB5FFA242DC67,1108
com.nyctrans.it,8DFBB87053B346410A6BDE7E9FEA68FB011EE987651048C6237B94990877400A,364
kbk.maparea.measure.geo,A6A3BC70415E382735D8F85B16EF6CB0573394A53C377A66B4DE595E2087C8C3,19
com.cuvora.carinfo,C2259EEA960AD9DC3C4E41426AB5FF0B5D059CF572EE8D01F3F3B510A3EB5EB9,262
com.crittermap.backcountrynavigator,8CF517A64716998E818F957EAD4B53C6879F1B23A74D32B531E2AB6D28B28CE5,716
com.vaesttrafik.vaesttrafik,5C5B1C233C7F6D4977221D0F9944899CDC1570E4EDFF282F1BC8D982ED5D27B2,3313
com.rapido.passenger,01EAA1A3156B9849DA718E0B0229BD3AEDEB1314DD1C493676F09307009F0518,270
nl.flitsmeister,155515631541543DF3BC06DE3FF4D2C526FA2BF74A47D8817FF6E0E8855DE015,835
com.metrobikes.app,4CB75681B71D2913288747A3089A9C88B96DBCEA3430605EBDDDFA7772916651,753
com.gps.route.finder.mobile.location.tracker.maps.navigation,0A2EDBECA6DA7343182F8B4682868ECF667DA74E04BBCFB1DB7527F7860048D1,46
com.kcw.android.gjcitybus,E59C70649C96533904F9D6A8D0B49A0E6A7E6AAD04933EC3DD23F5A420845C8F,171
com.bykea.pk.partner,96EC83913F900A364F21F8173012B9AB7E27980732DD0B146C8DC0F92502C486,146
ru.dublgis.dgismobile,832F50E6D28F736DFD8AEAC994D83785A6BD08F5A4B29B2E7A86DAD9AE724F4C,232000379
cz.mafra.jizdnirady,A519CB072848149D20683CBD1B2A0EFBA63F3DD6E97FEA51F72FA8B9D2CCAFA5,266
com.rosteam.gpsemulator,7207C56EE57AC73E8950EB78FF77B96260B067C1BDE4156195A323C1B744F476,119
com.california.cyber.developers.gps.speedometer.tripmeter,362812A7A2833CEF8FF60D1891FF8914C2CDF78C0FAE5694A776D02BBD9DFA51,37
com.sixdays.truckerpath,CD6A8289A24E9BC5952478753E7C1A6C51B6E454E20520BB00F6A589D4CF33E8,15230
com.alopeyk.customer,6753FF8F5407930478C72EBC516CE173DB1CEEBC8A83D254A7FDA101826F24FA,309000
net.monthorin.rttraffic16,7A2F0715E199DDD5ACA7263861B644B553890951B332BA5F7E4FF4CF537499D8,283
com.liveearthmap2021.fmnavigation.routefinder,0AA93BCB1218520DEBA5F72DA0579E17B75280A95F929F59B92D3FFA17DBBFB8,21
com.directions.mapsdrivingdirections,6BF7A1A7E9BB9C30DEDF24E633F1CC05BCB25A3555710AF1B82B80FF38F91EF3,50
com.yandex.yango,51D490D32518A6FB4D105852ECA00DBDEB29DFE3B6D11A71829BE89E846CB437,30122079
br.com.wappa.appmobilemotorista,20C479D4654C25F624C2E9525110EFB4AD9908552348D26087D88B4E850F24BD,5000019
com.waze,CB1D4CEC4083A62190FAE2DF8B9DE3BCE9CA8EA0112B3F0D39E8C00046E9501F,1022618
uk.co.mxdata.parismetro,24F7D5C223C46B33521BCC4A8D2C8E02E2212FEE7B50924C44C31A8336B7902C,173
com.queencar.users,FEC63FA669A6B6B30BA3993CC16BDBD684F6A867AE979FDD622106766EB90D3E,1050084
br.com.urbanonorte.passenger.drivermachine,0258018498733F1FFA397D6F974F986947593F75B9BF1ABBD8378EA5B7F05929,656
com.viamichelin.android.viamichelinmobile,47D4084644243D4A946DA08D070D3AB2B70223608C5EF19CCA25E4C75640BE45,100250
tendy.SpeedCamera,DCF1178B3DFDCC89827A0600C541B32BA419B5A864533D86FDD8256938389742,182
com.Avenza,35EDE22741FFDFB7F74BF3E903D52B23973B873F2FA5413D21B898B90FFB3876,141
com.hertz,4F5A555ACFEECF68DD0889BB7EADB0656ACF0784542A906ED9CB99711BC33926,43
com.citymapper.app.release,4585806A50F891CB7E0D9FE549AAF0A66EF9D8ABC1FD9087AF222CA44BB66FD4,1043070
teamDoppelGanger.SmarterSubway,3F55E676F6812A36372E033C108A2AD9D27D793D4CCF842C08744A37B1BB39CB,322
com.prime.studio.apps.route.finder.map,DB13713B23B2A1A4AD4D31998B9232C71678ED6BCDBC51D2D8EE3272377548E4,84
uk.co.mxdata.newyorksub,6DF518AFE4738A77FFB895CCA60E59F2C001EFDBBC8B3A0187B0D52EC1AFAD4A,279
com.raisingapps.gpsroutefind.tracklocation.nearplaces,547CE538389ACA7CCF3D76B8B6572F78BB3774972773F0FE9192ADB9A8FBCF40,64
com.hotai.toyota.citydriver.official,5DB9F6F809AB8675B299BBACBC32B42B27C269AA1AD6EE40A17371A37AEB53CA,163
com.ripplemotion.android.EssenceLite,B2CC3367836065A7C21E5F20A449519426B9D465B3FB3DA2425C4EDD839DB30C,205
com.eni.enjoy,39D7E1C5BB8440E6733692D9B28DB81B92BE93167F35700AA519824200B29FB2,2064
com.location.test,22BB739E924DD747FCBB245EF2F483BDA76558EC6DE8B394DA8BC6E91641BF52,770
com.imagedrome.jihachul,3C8FA761BA3BC54FA1914F17EB2D3F2270F7C066A79083683D6EDE66D557A327,686
com.rayo.savecurrentlocation,D674150C1625B3D3C5A880030131D1E6CD883113F856BE9DD781DDD3E3D6026E,65
com.polstargps.polnav.mobile,C20A667F4C115CEF735C9EE09C5EC6FB80411AB096AB709E3671C252B53D7B9C,201
com.mxdata.tube.Market,1DEC42792597523ED680323CCD0BFB24EEE2C2D3D16571A8DFCD025C5E6C90C1,571
com.zahidcataltas.mgrsharita,F4E4641D1BA955B09A0C98D5E88365D9C1133506C4EA6A1AB9D425AF0664C904,661
net.easypark.android,5D9C9E84067B717ACE332BF91A1481037AC7E499FE6ED0FCA960F7B771578045,13956
com.ubercab.fleet,A2E8DBC41970C158DC0C52ADF9271ECA403DB54112D333457CB372DB250AE754,102672
com.transportoid,88B799DCDA2A83216D8D30A2232A652AAD2C62CFFAFC47E560FA954C6004F376,19060610
ai.experia.airlift,777E240DC38D5796B79850B4377E122484CA56171640CE099B34B5952B944D27,69
teamdoppelganger.smarterbus,05E315CA16B2FF8460EEF41EC16A9C10A22E7CE92334B05081087FE7610DFCC4,232
com.megafreeapps.free.gps.navigation.speedometer.compass,CB7C126559447AA9CD1BDE9134C39AE2662014025FC27CE7141341B6074F309F,33
pixler.gps.area.measurement,68502EEB1D8D0A668F54BFFB1799A4705A7E0A1FBB131D14A2F4AF522D862022,21
com.delaware.empark,D036864374137B701AF1416701B0274D48DFAB702A5D7078ADA15DDD6E0B87D5,260
com.kotektak.anterin,E1C15235BB90EE8325261E2F0A068D2A3580FA19F62456C2A4FE7BDDD894E6CC,2040601
com.vialsoft.radarbot_free,517E9D7198BAAE81371AC75C2F499DE63E6AEF78C0549F25A04F3798BB9C0A98,118
ru.tutu.etrains,C41ACB7210C020B9CF5299CF727ABD17EE47F34D1792B4CCE7F32968FF9732B7,3260111
originally.us.buses,55599DDA578513A995B26812A2DF324006FBBFCD4AD36FE1E576F96F82B018EF,217
com.wikiloc.wikilocandroid,F3FF088C851BF3596390DE568B8311EE6A5F0D18C084717C07BF4D6BC1B88B49,910
org.rajman.neshan.traffic.tehran.navigator,9A2449AC19CAE25C281047469AA886D4180695E8BEEA93655E0AD5430AAE3A9A,70161
com.navigationstreet.areafinder.livemaps.earthview.free,FC1A2914537EB4B56F96B40D2A309290304B4A09CC53F7B1BF192AE7E2ACBD5D,95
com.eztech.gps.maps,831903CCDF96690EF3F6E8EF4E91931F5496B9908D6A8C8FD853AE9124EFE68A,39
com.gps.maps.navigation.routeplanner,FC0B1066A4AF96ACCBD2F38D58EB88B4A72671D1696A1B05FFDA62623A2BC813,36
com.thetransitapp.droid,AD1BC3BF1DB6D6B0598D116D67AA9C4066C85CF19A9265F3491BCF0DD7C462EA,3019188
com.verizontelematics.verizonhum,752C39B4918FE1A1BEC0DBB604EBCBE69FA4578873CA1F9476B282CC61A8CACC,251
com.discipleskies.satellitecheck,07A5FCFA3DDCB76ECD2369DFB7AB75BEE412F4DC760C2EC8A97C61F62FA9E70F,60
hu.webvalto.bkkfutar,6DCB132C578EC23C085C1794AD40F8C8817CF2E71497F085C46BC0F96EF1C39E,59895
com.what3words.android,E23AF5E31EA252EF03460201E8830435D0FD690120C1A6988B3467D351A7BEF2,30305
com.kakao.wheel,507962ED5194DC1C06C64FBB538B57C5BD2B7C90C6C14C48C1A51647D6FED720,69
com.skystar.tcbus,C88772D80D1B8E9AA92DAE74A39E20FC8D34E8558125F311C1D80D711629EDE3,71
com.polysoftstudios.son.carkeysimulatorprankfree,8B3FB4409DE09AA258E2941C4E1FBDBC252FA902B32F6D335E7701AB1307916A,168811802
app.mav.menetrend,487026F5D4506BC2139AA85C1301A80EB7C6452BE01BE7521A1E797060BAF513,205107
com.appeffectsuk.bustracker,7DF28E1926E475227E024E648BE51D5FCBF58957C243AE02616455645C2F0788,152
com.citygoo,29C447273610E2E2CA3EBCEB126A598BE28573E787BEBAF951572173EBD1D5DE,371
com.t7.busmap,0C5B43579BE0CEEA9A07BAC65698A6E226A10B002F997137A7412561E3082D6E,2170
jp.co.yahoo.android.apps.transit,BA39CE5CCEFDBB4D953403EE8EB9D6745AD402ACD53A78E32B661B13EF0E6FCB,126
cz.fhejl.pubtran,03BC75C72921E58892988EA46BF1C967323A0716319D5E2D61D6628B4515F6EE,51900004
com.adleritech.app.liftago.passenger,C2541DEF43A584BD7E41CAAB4FF42540008D215313C5BF3044F627ADAC4EB26F,10343
nexti.android.bustaichung,B647D65CC81F31038DF0D7E5B67D97A3951ED5586F9EE1D83AB6A9BB565EE9F4,153011172
com.ridewith,4739B00BA783F9DFCD595A165CAC788C440AAEB549DAAA463C446CD8E9D66FB8,423
info.yogantara.utmgeomap,9F15A155CA9667AD4C2FCD6BD0DAA99012F9B1071B8AACD4DC4E41DB9926CB87,211
pl.mobicore.mobilempk,235396BCABDC62526B3C6FC1D5D71304D0821F5EA6C33AFD0663A9F14700B592,824
binaryearth.handygpsfree,F8367302E3E4613DC50E9D6CC363D55BACD260455F9AC380A72856EE8EDCFE68,374
kr.mappers.AtlanSmart,C475B9BEE3DFC5A45142B5234E7C5D1B05FD6153FF73431E1CCEDF3A7508B0BB,1101168
br.com.ladydriver.passenger,FA9FBA5FBE425A5FC54D37E9F4F84979259BC967B3813C77B2941988FD216913,601041
com.vetusmaps.vetusmaps,273645035484E62B7C7AC11BAAB9B9651F94CE592F8020F86747128BD796A00B,350
socar.Socar,042630604C355A1A2C8F2C6627E3B57B2A1B5E69F30C2AB9C2098E5D698672B1,24163
com.ktwapps.speedometer,8EFC937DAC9CC82D6B482FC8CE863034BB10084779842EF4E460B7FF7459AE70,66
io.swvl.customer,42C22982C22A4861185ED5B713E9E73FA17246EF67C7911E78C0AFC2B967C6D3,356
com.whitecrow.metroid,1F3C5D3F4C9C52A3AF6266DB46E58C3766FB3CE1A4BF3A0B1B58848B3D408B78,307
com.pathao.user,7948933F987AE59D21D9AAA3DBA9D0C597690113F9CA586EB192F7752E916EA4,377
sinet.startup.inDriver,1DA664F583D5AD449CF0BCA2B13121F8533244C1BB7DBE6BF4F3F6FF2BF1566C,425
com.mosko.bus,9FBCB050D0E22086465D296358BB276F9D37E3C4A7922384933ADA53125884F5,543
com.passportparking.mobile.parkchicago,A20F21C9441BE5B68F622AF6B589AE344A84F2F4EE4B21D48DD1D57870727B45,169
br.com.embryo.rpc.android,3E2785E0387503574D466E3E1429E683FBF8243E8636E20F65627F65177ED7B1,314
idv.xunqun.navier,270022C772C8467A3781904BBD2CE191F019FF8BC35431A3F6E0D1E556C54A69,25349009
com.VoDrive,0F8C01F7952AA567041043D70A6206D29CCA3C52F87E695B6087455DA9E94AF5,210
com.wooks.subway,12E4E81930454FE34C512A6AFBF13BF98718C69681A7D227D6A831E838A86C68,576
com.macsoftex.antiradar.free,A5C4AA960E9C5F557034E34A040165535F9A6698EFE2B61608D87B6F86E68776,536
ch.sbb.mobile.android.b2c,2AF8AEB874010B1ABB288A2CAF1A5BDAE310E196BA993F806EEC8A7F4ED2DB1D,111700061
com.bestparking,A6F12C79A12512BB61978A9A05378F097D37C5C7BD9A5EB6E8D4821461D047AC,208110
com.flytaxi.hktaxi,ABFEAE5D6E2374E07AA60FC060C2DBAE43B4379FCFC4ED9CA5D7D8157B5B9FCD,128
com.streetview.penorama.liveearthmap,F19734120B3C39105A1B26DD41784CC58B41197CECC08F81C7C7560014CB7598,66
com.discipleskies.android.polarisnavigation,04BAA9523EA25EB2EE4CE4B142F3CE005BDCD664063889C367048700B66604F1,14921
com.coolniks.niksgps,AB6C5621FA3792ADE386A654042633BBEAF60EE6F5B42E4A6E0E09EAC271C586,96
com.kodeblink.trafficapp,44B5B1B90FB1549D7921AFFF0BB4D6022BBAE3670D60714ED0A84E84CDEE32CF,51
com.lgt.tmoney,E62636253670E36DB0B2BF2D39FFBAD4908C5F1DE7CDBD7E138FB1444B4A7772,4180
com.atlogis.northamerica.free,AB2B090FBE491C9F9ADD376C575AC8E552067BEBB1430FA3459BC119C3CA520E,215
com.maps.voice.navigation.traffic.gps.location.route.driving.directions,9937DEF3920FE716EBC9975BC039540A17F14C0C847510FEAA48549D16BEC294,157
com.livestreetview.livemap.gps.map.navigation,0A80605EF72139D917FE875B981B141BEC4131875160FA5B5E5B80ABCCC33419,12
com.themobilecompany.delijn,334B83067DD44BCBF13F40AB5F75B08CFA22107239FF0BCC824722B7E7DFCF26,1633001361
com.atlogis.sovietmaps.free,D1F347D5FCF0F232E40EE701F43C29F55DEEE875EC1BE26C7D55FCF9D15C3BA2,215
net.psyberia.offlinemaps,65F3023C2CB16B7EC937E19BFD7CCD3146B39DB1DA8DD8C74A37383F784DB60C,102
com.winit.merucab,94999B429A68666F82B3E51C9EC7FA7FFD8B4A8E83A2E5D7AF7AA66D4B86A601,193
com.app.daewoo.miles,26BB5A645436D44BCDD4E8B0CCB08551C2B57B60C000D5B37A000296131C8D0A,114
com.reverllc.rever,4CB52276B087BE1B638AB53FF349CE2B93EFC6E455DF21C7A17AD690B61D0F78,50016000
hk.easyvan.app.driver2,BE963A7DBB03F1D8DF1D8A68EEA05D674C6C7D194917E3530B68CC1CC178CF30,856
com.appscourt.livestreetview.gps.maps.travelnavigation.apps,09D84DEB7FCCE804FBC03805EBD3BF5D73EB681475FCBD6E2DEE62C493762211,56
com.navitime.inbound.walk,0557CC936AEA0FF421089F3BDB0547638CF11152298CBEC06F260D575E1258C7,194
com.dki.spb_android,FBC99894B60FCD872B83024D69E9BCE5C090864390FF2901CDC49A77B645D7BD,62
com.sygic.aura,688DA389124B514C19D3EE2AD8D4205F1FA3718DF849F8A1369530CC4A88D335,211200804
com.trafi.android.tr,3B4B923B069CA505776D64BE858BC4AE22E7258755B2A73E04164F051E372226,10823546
com.hangoverstudios.vehicleinfo,829FE17243CCA44ED079C4EF3D16ABEEA310F256C99E9715491AE626FD2C7891,92
com.nextbus.mobile,05752E266A0933A7F68E10EE27CE3BECE03FBD8BA52DDFE22D4C5671FF114C78,125
com.tappsi.passenger.android,734961AA0A42B17254A85CA50CBAFDE2C4AE81E0D4812E62D1C9AF6855FBFA24,103370106
ru.yandex.metro,BD9F90F9AF490F7840E429EA1AABBD261B1DD9F06416272844839AE7DC708594,936502
com.mdv.VVSMobil,8A432E75F3A3098F5C7A30546913F7B361C99347579DCCCE50E8EB7B7C67B300,20210702
com.magnifis.parking,F73CC1EA7B917D7F0EADFFD87719FA9687CC0270C393426CA50017D68E7FE39A,545
cz.seznam.mapy,8A08A8F6292D3D774C799366B647E9749A43BFCE3730A2A384998763C1AC8DAE,9090100
hu.donmade.menetrend.budapest,267C55EA10E734EDC215F24D864E2961C4F071B80E52E9F7DB77EEA7CADBB708,9670
dbx.taiwantaxi,99BF72C0E92B566DF4CB65229675E3CB8907A409CF7AA16FE6D3D5CB30920C3C,200701165
com.route4me.routeoptimizer,C2AAE7721544E28E9D9632F9B9846907C78CED2307DAED133232E1E3602FE0B4,26755
taxi.tapsi.passenger,06178981264D521885917AD925FC9587836FBF7944F9DDC9B6CBE545C4D48FD0,104002004
co.esoft.qiblacompass,D67410605BACB6B3352EFBB4C092754107CB72935EB54613818B3B152CAE01A0,144
eu.flightapps.airtraffic,43F3AE1C88420A092D2C1739CFA41FB5A622B390BB4A54F884B0CE5AB9340698,104
cab.snapp.passenger.play,CAA7918288BFF1EEEEC331AAD002538AF446A450A8E3EFAD610619A1608CECF4,240
com.simplywerx.compass2d,7DC0435B0EF0CC1B0CAABD36BA530137BFC0D06B7FF1D1A6739CD5C94F49759A,194
com.taxipoehali,542E1F7A014E3A7E06123FC94AC7C8B82B9DF86167356FCA2E3D12D995164893,322
tat.example.ildar.seer,F3598F73C560155588795F827E94408A1DE99F3BB1995F5DB949853112D3207A,244
com.mininterior.trenesenvivo,D465B96F8E6F2DE6F18A8DE9BA03F6B264BA1A1EDC5285ADACEC785D84211B77,240
gps.speedometer.digihud.odometer,E8302F8E64BDD45D45F9340B87652A802FD0656634BF2606F6A7CC37821006CE,37
com.simplywerx.compass3d,CE87447BBBD63D04F62C699639145D95C138ACAA8708701D79F4637D5BCD6996,194
ro.mobiessence.android.clevertaxi,1A79E6284DCAB3B042F5DDEA1F8EF6B6D7D08B151C7F6790077D02E09ACDF47D,5502
com.thinkware.inaviair,371BCEB9928CE3162A9EA62A82D03B8B88F6610AF453B6841B3831454D714289,301244
de.swm.mvgfahrinfo.muenchen,898D134C293D0665E46F0EB3F639A582ADEDC32E2BB50AB8719057208827F83B,732830
com.alk.copilot.mapviewer,5CA7C144AFA0D40C9DFC09B741786E77CC5F7990CE9C887035B0EE881E43283D,101901771
com.heetch,30E6F300D3F6FE47FD8B0650443EA1FE3763AAF8D93723253BCE49B0457E3042,53501
com.traffic.speed.camera.detector.radar.traffic.alert,89E3FD816F8485518607982AFF6AB1D0B678D11AEE1740C6370CF5CA05A4CCCF,17
jp.ne.sakura.ccice.norikae,F6A5DDFBACA9832102F5B9D2DC43866C8379D198C8A348994186576615280425,69
com.mireo.rtasmartdrive,2862A93F41C1C45890D3BE1905DFBECA78C5AF0FB69EE0092703F62F28C5D09A,3109
com.kny.taiwanfreewaycamviewer,F2C368615C4143FAFBA0A131FEF758C5F454BE2546F395E28548D4B96F889C7C,2017032923
com.tilzmatictech.mobile.navigation.delhimetronavigator,3DF87E2399D5B8BC5C53143B8A88216514077D5A11499F6B25FCD4220EA43F46,100057
com.mmi.maps,E2E6F1D832FA7F2FBB778E626FAFCE9C176721814AF774B2A872FBD0AF3C351D,216
com.stpl.fasttrackbooking1,BFFCDAC13AAA8E911343F66020E56502435C436A464E8379DDA85FABF376890B,114
com.parkwhiz.driverApp,87E5091F46ED22CACF5398D8FEAFF1DB04EC67B950FB9F833BB026DFF674D50C,208120
product.clicklabs.jugnoo.driver,D2BAFD1E73F40767F3F96575FC6C1E112CD12ECA75B8C185D05B2383F937F7EB,431
com.exlyo.mapmarker,8C00D3C8D5D37A218079C1F7DE7609DED93E4257D3BCB295B368337992F6AE52,407
com.ursabyte.garudaindonesiaairlines,A35D58C4CA8EB281A720140E059CAF4572A59F740CF210397099D516CDD07B9A,266
navigation.location.maps.finder.directions.gps.gpsroutefinder,078660AC5AD0F03586C448123DC8B48215A05E2BCAF8C1387176D85FACE1B3E4,58
com.lketech.android.maps.distance.calculator,0796BE45EB7D2A4E0C3A585090EBE2D0F719F6E1F9204ADE3B171CD5A422D674,150
com.greenlionsoft.free.madrid,3646791A04C66BB41B07D20DBF5BB720B61E688E6374EB57EE9390C2372D25C5,1970054
com.navitel,AFAC66BB8E3FC33898883FB40CE357A25A1416877E09FE3362F43FB054A8A259,310819165
ru.mosmetro.metro,B222B0F6CE84287E59FBEEDE8E9C7253F713B7C55B61F6E6A4E71E29F06F626D,3551
com.partyPowered.GPS_EASY_CAR_LITE,60A50AE6CB1A0B168E7A069A902F05B1208A17902415370378B627C5B7E4505D,22
com.asis.akillibilet,42A3FA99F545C0B3719C1603D1F13FA3A3C97010B0EA46AAEF33C593C7F45DBC,116
com.navitime.local.bus,08B39A893124BA7449ABAD66EEDD08FC823DF670EF3363710BEACC451D9BD8D0,226
appinventor.ai_nightclubtorino.Navigator,F4577605E1C55153CD912791D81F07B18E2AB7DBFD4634B7BA867DCB91A5A789,30
uk.co.nationalrail.google,4B2B7F67CA36194232EB9343157CB00AC29285D8DC3523C9FA4A090408D9258E,87
com.yandex.mobile.drive,7808C1753F2A3637C833B18E726FE31E841CB83447F13183789F7E26E19B04F7,135450
com.spothero.spothero,D09835162328BF486E3F2FFBB297696E89CDB4C92C18A93E3ED48C22B9C0314B,29138
com.xatori.Plugshare,E3BE966A7BDC5873C37D4DBFC63011ED526750DA2811AB1DCB6E6F8C69217FFE,20267
com.mnsoft.mappyobn,7D867A9ED2DF3CC0D4FDAD89DEFE5B703232DD9E71F9A80601BD4EBDD39BEC68,2513
com.rstech.maps.gps.route.finder.number.location.tracker.directions.maps.gpsarea.navigation.compass,E7FBD26576F051FAD7B6AC337B4E7F79DFF2FCC0038ABF05F05FB2EDA8DB1B26,33
it.carfind,5C269FBDAA044D4CF134B40A46326AEFB767D30B79DF501311E292040D408BA6,189
com.discipleskies.android.speedometer,DD27C087125ED31DD1BCA987F8CCBE3EBDC18057692D8FBD9971E211D1AA9CF8,69
com.galaxyapps.routefinder,7EE3ED2F4B723A5A56B21481DDFF8F3ABB0543D0EBDC3BECC0BC88E9AE1C9FE1,106
jp.tokyostudio.android.railwaymap,FBB7BC20D7AF3D4563A93C01FF5336DE9B3B62E395D1789B076B2E5F641A9412,10189
com.toj.gasnow,84F9D41B26D2C0B3554117B961C98F00D76BD4AB2192779D36F8C5B96A96588F,1510
me.com.easytaxi,0C82C8D0C04BF71396617CB4AB6B8180C3DCE10C11C631A83FA4218A83A318FF,270
com.parkopedia,A1089183DED780850BB92C6F2782E75311AE3238230D3BD2593554E8A2160507,23000
com.w.argps,0C72078E5A5BD81D78CD699A78BB929F2342689DF7042538F766E844494A1A05,122
com.mappy.app,EDF144BC4FCF284F7D56084B420B1D4428430B395A97B4323966A6244644FFF2,7836900
com.sraoss.dmrc,274846D95E64C1BE8B541D0EF05951D7C198A1A5BF289D4F6C83B009F16F8CA0,45
ru.belkacar.belkacar,D2B10F4934CA090243CC1D9C17677C525807210682983755A2B644AA625D020D,3022
com.coyotesystems.android,0910440691A45CA935C6C0FFBF105AD464EC1323738360BDBCDDD3794185008C,30043224
net.orizinal.subway,097C705660FF25D7F35148A6BC6C4A85F6740EAD34CE2DB336F3B622C57B17E5,2021100501
org.sleepnova.android.taxi,960DDD477D567F29B001F009C5FC4179378374284C08A9B98C18F56704D5C542,2059
cz.seznam.windymaps,872E7E3765AF1F7617CF96704E60D0A4F57268FDF57B7AADA781759B23F68E24,2050003
com.eway,4BCC66AF6DEFCD689975EAC5C2842CA785C8B40CEE74C93CCF080AA66955D1E4,6000015
com.skt.tmap.ku,B735A8D411747127BB25B1EB5F13795C5493AA529E574771E914D946B397774E,1222
com.codigo.comfort,E0027F5537C86125FCDF528F97739F10580AED3D15FBB25FC29C3E6621AACF56,83
com.kakao.taxi,54E723BBC3212B427B14582FEFCC830294757E0B249E88E89FDAB92D0478402D,1480
com.astrapaging.vff,0A722E1CE6941ED7C7904B104BDB9E43158F5159DE0359E1608BAD01CFE32C61,406
pl.neptis.yanosik.mobi.android,8923AD1B9718982AC2EC93985E6639CA36B539DCC46E6CAF45015C0D56D7DC73,401347
it.atm.appmobile,C31311481722EF0C8201CE3FF59EDFFB294992D51E3252BCAC7C46A91D6C724F,2021090800
est.driver,8B4D99DEE467B8C7A2B84496677D6CCAC25977A9C9C055F75A4901E28638120D,275
kr.or.gbushybrid,DEE792565B6D340A1D8F81F5B1C92B937084068E05F0874BC8172E25BF2C8D3C,233
com.ticker.offroad.bike.stunt.driver,62D4AC99A29B851E1B2D17E9CF88EDA847F0A4597E288FFAD8827E9898C8C276,11
com.deliveree.user,C9694BC0588D00F2ECDBF4D7092E061AEDFEA4A9F792957F2A8D1F5285C2974D,1310
de.hafas.android.db,C4E00F472004214A12E9E42DADD7FF4D2BE398825F381625BFD433E625DC54F6,210600006
com.gpn.azs,C6ED751E7C7FF46E7B4B32224734B6D9D2B51533E0704264B512E50A48AD237B,358
co.findship.FindShip2,FE0F08AE23253D680B005C04091CD56834AF1BB47D488997B5974165CB330D71,54
com.eaglefleet.redtaxi,DB748F1153CAE7329FE1403949507632B5D51B4204D16CF092FE8E352E21E457,68
kr.co.vcnc.tada,F2103ED523095FE79AB3E1B03E5E8E4A81ADCD54926CEF0AEB5C36EAF94B08E8,3120099
com.bigroad.ttb.android,B3F7C91DA6F1A5F8891B15F64A299E774717A38680765BFDC051B15F61781762,3220
com.utrack.nationalexpress,14F8F1281A065313C0EFB3DBB6C4D1D25451BA6ABC56060253DE802750FCF909,70
com.verisun.mobiett,F1B7FE451B9CF1D74E87AC0DD856CA99F7A634904339FC3DB37CE4A120834789,105
com.seatech.bluebird,B71DED0AB2B4693DB9055381F1FAC0C7CA09EB455118D881147BA2A155D84615,2856
com.safeboda.passenger,A1099045127CE8051B328FD580F102AFA3A9AE9687D9435200CA7A84362B1911,3006001
com.swampsend.maastokartat,20D661E613EC4869E065878FB12A8DF0E9F6BFF72C37C1691B3E95B250039770,119
com.codesector.speedview.free,BF659530B6B5471619B9D9D2B74AEE9BB7BE88AE801B806359A038954FCD3E79,104
com.bigdream.radar.speedcam,AFFBFAD6D63F3DA7E5AAA91FFDAF20211B775A4CDC0E7145C0EBF8EF4C95069D,34624
com.anterin.dn,BA7A293F49615CAB1BE6C071D32FC8D8FD997EC1EEA461AF2FE5017B0B101DD0,2040612
com.voyager.gps.maps.directions,E5C7B2A40A377E2DCB0C33DACDF7514A59A456F3162DB1F059F3F52B8F18B85D,402
com.miczon.android.webcamapplication,0CC1AF32FC60CDB72A89EA15EAFF98012D162EA2374D0680DD37C0F74D4EDDC8,42
com.trailbehind.android.gaiagps.pro,34EC74B09F468F70B7ADE335A2F85F274D6A373BF8409C0ECED1AE05B7329316,3217
com.emr.movirosario,166BCFF2FC5D0A827D269F2B7183F701DF18C9AD01FC3F362C34903CCB1F7968,58
com.macropoint.application,7D75269083E55A5A8ED2FC59D531A9422F612CA38DEF46AC7CCA7E851728C6D6,928332
com.voice.gps.driving.directions.gps.navigation.maps.location,8EE4B1DDCFF3966271E57F155A355B8B10442F79B189512E0B29A64DB3ED6306,27
de.eos.uptrade.android.fahrinfo.berlin,48F2D23216D4F9B15BF5D8DCCC37C4040328C77E5FDD0E79996A15E56119DC3D,1001210
com.ghanapostgps.ghanapost,14E446D5FF25B2F311E931EAC52F7FCAFB94CEF89D870180910A268E61A67EE4,36
psyberia.alpinequest.free,F566006F83D168FFA1B2EB811455D990C4B89D2AA4B1BEF0DBCEE2AC1669514D,289
com.tomtom.gplay.navapp,3652E0429091F8C6E6D4F6DBA6BA9F4E442A83892DFD93351BA55A5A0AD1927E,1647366
com.ulmon.android.citymaps2go,10731E2BCEBC369507A8E4247BDF1A6F898ECAFF0E6B31F0491B0EEA156A3AD5,10164
com.mobile.gps.livetraffic.route.navigation.Maps.location.gpsroutefinder,24F293BE085531B937CE2345055CE17C31FDD3706AE03B2E70A59082B218653D,30
com.narkira.gpslocation,3C9FC9C4A11E193C2372D881F1C42DD4376ED1E8B130578E2E4544B25D9E2388,45
com.discipleskies.aaafindmycar,403528543CDA615975F7AC0C939D02B8CC060EF633CE4C059925ECF632445E16,58
jp.co.jorudan.nrkj,639092255DC4E1277861583A21CFAD9FAAC8BDF8305CD1F1D8D02A9DBF7009B4,505000
com.iridianstudio.sgbuses,A55251518D4CD8F3052F08F6870FA2112290F1A6F84047705F56C97BCC3A85EB,128
com.alfred.parkinglot,B12F8FF9682959861456249DD10017E76CF7BEA149BB6871CCE1FA846B3247F1,2001061606
com.taxsee.driver,88A63344D3F2CF8AE2A9A0BB4A41D6FF487EB0D7F015D8C969D61963B62A1282,3040
liveearthmap.liveearthcam.livestreetview,615B2D5F77045823267F426471D52B2D163C1F13711FD79943EBC8265596FCC4,29
com.generalmagic.magicearth,A4DF860456D42BA3E184E9C82203EE3990DA75BEF72D271191B2705F3A75223A,2021080630
com.insadco.billigtankenlite,F608390479F18A9700E0E19DB49657169B02D33F715D40B8BB331D6BF7581A53,76
com.skp.lbs.ptransit,5AB51FDB371D22B72A41DBF78F9C199689D5E999D2891D16829EACEBA97BED0D,768
com.mdv.VRRCompanion,499DA7E02B72FB761875BD44D4145432827FD4D086900738B78AAB06E8FB96EE,530017522
com.evo.gpscompassnavigator,3AAF0C895120C7176EA0F14718B78DEF17789574E6629CB80FA4BFAC423F862A,161
com.carfax.mycarfax,5230BDD29F2793456D1B782962C5F80948DFA9F3A0517BFDC351B9931EB12819,1672
com.ofirmiron.findmycarandroidwear,2BEAB651102B65E33D721E1385E781AE72CB16F72664AD86AA4E1832397AE705,990
sands.mapCoordinates.android,A721C9478B45D4923395320B3FC4656D6FD08183ED203485A2EA1FDD28F19663,281
net.aramex,F5C79FCE5F81432880815E76F6B77FB8938B00D8606CE6D21613F15C160B2E99,4033
com.kartatech.karta.gps,ED4194B5501EC8C5D881EEA3CA7F40685881F8210EB82FFCDC3114DFC909A07D,82526300
cz.cd.mujvlak.an,106E9F2BC447A3943856573D6D9A20A647DDE5196FDFD38DE6C0388D5B32AF52,184
com.ubercab.uberlite,33115F580E8C264C59012E1BFA8EFB58C0D53DC82B38ACECB6D5AAA28AE28E9A,87771
com.mosko.ravkav,89224EB062AC97735035C7879677FE7AD90331D37ACECAF5D5B2C79C7DC7837A,251
est.taxi.android,8D2F5F1B27BACAD7D0861CE3397AAE2E6DAE6D14673476856226CF397712CE67,182
com.astroframe.seoulbus,6E53697CFFB27FF0C72BAAC8D6CC28799D45BB9F458099E7DA5EBB4217C9E5C9,306209
kentkart.mobile.cordova,CB3935D8577E35DEF18059BB5806E31F0E199CCFB94E1948A096DCC8E46ED548,4448
br.com.mvtransporteexecutivo.passenger.drivermachine,14D8B7F5EAEBD328E6E14CACC7197F9AAD7045B42986304BA373BDBBF020BEAA,420
tr.com.ulkem.hgs,7D0C52F6C67C8818FB06C5966454F5EAC2A37E62FFF0F5EFD6F80975AFE7BBD1,400077
de.hafas.android.vbb,A61EE1C7C2F04B42D22C86085D930127E53919BE4AAECDCA16E15F4A0F754022,1000540
com.telenav.app.android.scout4cars,23AD25B4B3BE09231DF7C9B12699BA88D4B0941B5D5F5E766D6E43694CACD529,8006952
com.live.voice.navigation.driving.directions.gps.maps,BF8669EF7CFC11D74856FB04ECA37ADA70A9FE84140DE874929108683B7D5662,31
com.antonio.family.locator.phone.tracker,D591D3C9FDD5E4F4C2B093B402C5A1CCD37C68F538BEB6D7BE71F83E23CDE9CD,10
com.sstsmartapps.qiblacompass.finddirection,15C67F6FBCB5B2D063870E6742CD1C28E24ED60DC74E8933A2705B6CB4F4DBF9,22
gts.dozor_city,27C35D82501FC5CE316EB76373F2AC2E867FCD84007405238E4ADDB9D156315E,46
com.ego.android,D3C0A7C36CE93B901AF5F74CBD3A2561A30206F8ED4188A41C5D46B7B57EAD72,30
gps.coordinates.software,FC559DCEB06098A8E40CC118FD47A5CAF0DE91ABF87775E01517FCEC2C91A05A,99
ar.gob.buenosaires.comollego,F6A0A264B29CB24FBB69527C09BBE2234F07738BA7575BA489AB9B987EF07767,2004161
de.hafas.android.oebb,1429D0F4129B463B43E60BE4E7BBB35CD4110789BE2160744290D5CB4C5BD054,1000550
com.dublinbus.wearei3,9A7B3798E2357B41BEFE30FE6868AB6C438699F7813562EDBF3BC5F72A4E2B50,30207
co.fardad.android.metro,79232658B05F7AC5E230AC2D3CBB6C0B373D740F696DF4E4A6D05991761A5135,81
com.keeptruckin.android,E9859BE459B3A33BC96F7E4D93237C899FB0606A530EB3FF36555EDE13E0E95A,939
com.gps.maps.appsence,71580045ABAD0D11EF06ED4A21F303724DF66167DAB369B5428AC520D92D552F,25
org.probusdev,ECBC6410E6D013BB5FF33BCB5339941A732660591A71F1108C53B03898FA3318,160
com.atos.spain.th,156A72AD294A87D8BAB46C88B828605DA9EAD1DD690F7F1A96A93CF33E5A7A57,4330
com.skystar.twbus,422FBFC9BFCC004ABFA38F0E738254067B4DCB331B03582ADC86BFEF0BBF3D70,69
com.inno.epodroznik.android,4DA13C446527F0650D12AB5BA3E77D729096A25FAC1D0C6F7D3163ACBC9282B8,63
star.gps.area.mapsmeasure,F7AA1AECE41A4C6DF216CECCB543AB9624C930458427816F59DA3185DB876FAF,30
com.passportparking.mobile.toronto,CCD72EBC113DAF1FFBF80139D0E3088803BD17B29880B236BA1194CEBB08D50E,14
com.cornermation.calltaxi,94C66679E5E4EDC1323FA3939BEB2A74A297A90B8F638DA5893851E6959809B3,485
com.prime.studio.apps.gps.personal.tracker,C2E427676528EE0DD0BC4732954E3C9039E09FABFEA1DD7E4EF0D5C1FBA3228C,46
com.liveearthmaps.livelocations.gpsnavigation.livestreetview,1CEE1F86BBDFA2DA243813FE650397E00E2598CD44EC56FC34911B8A37169DEC,18
livestreetview.gpsnavigation.liveearthmap,ADBC5E243C9BCE402565745CD4D365414008A75A5737ACFEA72141EC539A1BCC,39
com.appsmi.mapsandnavigation.gps.locationfind.directions,AB27BF8527B62D925A0DF7D45DEB4878B983BB81D8900AB4B70BC3CFB1170E2F,15
ru.rzd.pass,E8B5C0B5BA7841D4043697B32613ED4C52011E9FB5AEB8EFD14B86F74E2C2C78,1275
com.navikey.seven_ways,17EC63247393F03C2BB4AB1812A202C331D8E7AD7C0CB0035A5D1E362EB95F02,13100000
com.micropole.android.tcl_mobile,562460574A7430890BF9851619039E46062996DC2D8B50E9714968EFD35C5DA4,120
com.marinetraffic.android,B0C0809C36770B7DD9724A8A51C6E1764338CEE371CB9BE15EACF25512DC3440,4000019
com.ridecharge.android.taximagic,187687023FA985CC264CBDA40FF0A01A0F061EF5F897A9BA6E695BA8C08A1686,163
com.truecaller.guardians,8B302E41D91FBF6851948C7917DFD7549103B6A639C47C1FD19787EB57FBAE0D,117007
com.gks.virtual.life.police.dad.game.family.games,198D5F6A0B96A0F75A438521BFC75517312853073F084B9251612DFB61BD2FEF,202
com.setex.epark,D48551CFA9CCB22212D43250BA366FB7489E8C001D6EC778B4A99EFAD59A94EF,102
de.blitzer,19FDC132A652B8FEA16B1EA53887D4324B8368901632E3984640795A89D40CA0,69
com.andromo.dev764019.app975079,42D7DE30A65FEF566FBEDA64222E6A99E2F7ACBAB7F6EDDFC72AFA19CD31DDDB,1010
net.sharewire.parkmobilev2,E1387DD64A7163D77BCE0689A26218129497446CD8912C91C512AD6E102CF33A,53650
com.ticker.truck.driver.cargo,FAC1FE30941BC3E9CAC76D04510FCA24B3B0D9B86F9A21D786EB117734409587,18
com.play.android.ecomotori,BC36052E3580916AE66931968984D2C74B301BF100941C26BF2D109E83ADD353,222
com.camsam,1C45328421C81D46C813B3F8A8F0BE46F5D4EF85B3B3070BB76BEA3C5E8B6FA0,78
de.hafas.android.bayernnavi,DABCCB665557A6AC761220CDEA7DA42A45AEE4727759A0A3FFF014E674C0745F,1000970
com.oscar.sismos_v2,A3B7BBCEE454058199E452E817BDE09C558B33D39383DA28EF49D3D80BA7FC6B,156
com.fragileheart.gpsspeedometer,524E5080572AB5303102F0AFE3A0DC96ED1172B50AE7E2F8CEC3150F4D987EBC,63
com.dungelin.compass,1E2699B0D01E23356EE760A102577BF63BD9A5949DC54B1343FA713162C07CCD,61
ph.cloudpanda.toktok,C033F289783080C2DA7C1E049D14610CD8BA7D76BDA6748684A502F3CC239977,1180000
com.gps.map.navigation.tracker.location.compass.handy,E67B6AE1BD1B381EC2EE77285ABB8F0AEA8FDA5AA0E78D7A66FBFAA2C79AF1B1,12
net.ixxi.ratp.tourisme,C667C990326896DA81896FD69C237AA2EF540493B4C6B781AF5A449D52780325,89
com.data.metro.services,5081CD097366733EF2736AF5C1D2109D5825585A5114EF4B56AEED6010D4D82C,48
br.com.meudestino.activity,9205BE394C61D349312595EB63E8CAF278A75E78B4796FA88656269A7D1CE5B2,30710
com.kingwaytek.naviking.std,AC9185B91FC687E7F91468EA3AF157BDF92697F38ED0AD113FDFB76D5B0A41CC,681
com.passportparking.mobile,D2019D351E635AC025A9BA61387C53D417CCD79C9238D702C654E38F713FDD64,106
com.skystar.tratime,AF3EC0E231C35673B074440AC34A0373857472B798DE81A80152FAD04F86A21E,36
com.visualit.tubeLondonCity,89B6B8D78B8DA93FEF6BD7DBECD43F5153F0C1876941DF5F41381D7B0EA7F07A,91
com.bloodyluna.TaipeiMetroTimeAndFare,3C94904CE429C3FAB7E21CB2BFA71923C5B3827683EFA86CD484D2AB9D87528F,28
com.headwaylabs.marineradar,ED006A1E8AFC5C6CB8843C523E58544BCE7291C4BF3AC1705F71D0CA7051581E,24
com.nng.igo.primong.igoworld,425C7F2FD18C4EE882DDD599806E4FEBAA955205F357699E2C68DD93A725FD55,100252374
com.virtualmaze.offlinemapnavigationtracker,582C5366A79083536427343D55B83FE726963C0A22D5C32240B20D4BEED26B26,5035
gps.maps.navigation.offlinemaps.drivingdirections,5084A1176BD9EBE9CA52AD52D08662102EBA0A4944402A8709BFF8C5CCDFEAE5,68
tw.com.thsrc.texpress,96A82A5EB931D093C9C114BC8378921AE3307FF50C1DC0807D22F0DBBEC3B7E1,622
civildigitalapp.srcei.cl,F729E412A77FE5793729738B99840262B3216088D0E5AACAD2B08EDDA15169E1,200001
com.coolniks.niksgps2,BA235A7B329375A70F907FFC9AFDDDEAE08D7424AE5CFB7782ADA2D4DB253647,37
com.loggi.client,E907EE7EBF458FA3612D2123A623DDB6EC6CDF0CC7ECD59161BCE8A893805435,430
ru.yandex.mobile.gasstations,DCF61AFB3C26C162A4E48F43E360A67E6F845AFA5EB247C54D3865E60AD1542C,30556
com.theappninjas.fakegpsjoystick,E9296916D00AAA7885F9378713EAFFE9503AE858CF315D744EDAC69817444D45,3013
com.njtransit.njtapp,BCC51DC7F741BE031B582C5B1E76F06E433B5FDADCD2D286766A64541117188B,2021040000
com.conjoinix.xssecure.trackmybus,7C0055C84D2451151FFCA8AED1D84F76F0B3EF11D79DCC796A99E4F0BFB1A31E,22
find.my.cellphone,273E4D1AF7787C8F5BF8185D0062DBC710DEEBACCC6AE7424DFBBCB74D821042,2
exam.IntercityBUS,8FC83F7D6F3747A3D5830CC7EE324AEB4F77CB5F801BC2E6BA59D71C66F5B83B,67
com.voice.gps.driving.directions.lite,95530B1FB795D0B6742F4699803525AAACF63AEC3BBF740A61516B55CFBC1A26,38
com.maps.navigation.offlinemaps.traffic.gps.location.directions,3E3DF9CF72582B62F5059FFCAADC8C92CB2A1C5130BA4B3FE37C840087BF7108,16
com.shohoz.rides,82A6F25EF466E4037C1353ADA472C5CB7BEDA672F78F6876DB782504EF8588BE,68
com.EBrainSol.livestreetview.livemap,FC3B621651F0D09226A2EA4996AB5F385E2FC4B6106530087882868A45A69C97,42
com.fatattitude.buscheckersonda,C982981C57D3914B982DED5207B93B1A78F9BE67A61F8F84F273E4D485617C23,10063
com.ticker.tractor.trolley.farming.simulator,DA86A6ADFB75853003D9692DD46B05B7C5B350FDBAEF2A27E2B4709C694651D7,14
net.mypapit.mobile.speedmeter,70AC551FA4E964E1FCE4DDA7DE98AC1FF9E76BE9397275A63B461EC86AE8F6FE,17
cl.datacomputer.alejandrob.newgpsjoystick,D0188460414B7924199B0B3521A73324391AB2BE52D0CD0F1E0E68C3E4C3C783,114
com.navfree.android.OSM.ALL,7074357C79934D8A22EA94977593FFB2E72B45FD1A8AF03A847B7544E79F02BE,101480
com.webmarketing.exxonmpl,7BE118CCE8EAFAA07341521B62C66083D6DC8AA2BFA24564492F73E8B2D0AE1A,5000344
osacky.ridemeter,5880ABD3D960B32EEFC8788CA55BE8A35D0EF05D78A3BE87A40B8071508C6298,77
com.slsolution.mltm,4425555BB82A4EEF83BB6573D604DD03BEC3362B74C7FE451C16723F5A8906AB,89
liveearthcams.onlinewebcams.livestreetview,9C882F4BA2CA2351DBAC213C7FAEF898F9828FA397CB31DEF7CCF65F18B85FBA,18
ru.serebryakovas.lukoilmobileapp,F6225B310BCE0A8A2AEA569A690C66299604DFB6C55CA7A4911217E4C6595068,4363
com.codesector.maverick.lite,3CDDC4313BCF36FD3ED7CF2C05877EB6C9AABAE709E39A348A9392F3FAFFEE41,85
com.attractiveapps.gps.maps.navigation.speedometer.traffic.finder,CBDA63319F5799833CB98D016CEBDBCD36E72F95CE5483F2DC6E513D7007E51E,7
com.radar.detector.speed.camera.hud.speedometer,EDB7D16325E9E54826F8A8E5A50A7357498F158C5BF90A53076FE352F8D6B651,5
com.california.cowboy.studios.gps.speedometer.odometer,DAA924BFD63BAB40051754FC7AF4CC6CFC4E2E5F1A7CDD5CB38052A5D977EF17,21
com.binbirbit.ulasim.istanbul,37483BC4151BB3FCE6FE28A6FC2BF631713B0077878C7047B8AB426F782EAD52,109
com.pcentra.ravkavonlinemobile,E4FE81402C421F85309A70136464ABF521E380F2E9FA5A05743FAA320EDCBA95,2200161
jp.pioneer.mbg.appradio.AppRadioLauncher,DFCDF88BDFEE0B031FB9A813CCFFC676642482C53088C06813AF50594F5C50AE,31
com.ionicframework.apsrtclivetrack555011,CDB9EFA9EF6C39230A8F2E392827C24B9E77E0DB86716F405D2F286FF6C61725,2020216
com.Rayyan.metaldetector.emf,6A48114364A580751B865215A6280BF31BD07B5046879B93D415A053549B18F0,19
com.tachku.android,E8D5536DE55A904310AFB7FC8A4FE30034063B5EB8EC93A1D8CA7A98114D3A0B,36
com.mireo.aznav,D6D316B85C8BBC3751159ED8E5172D1AED4D208302EF45C17BD114F63D8CF5DE,2600
com.HiApps.GBus,B2F4626BD463B77B87DB6F9F65BFF9F7ADEBC023FF2B5767E07B6EABF939A108,7110
com.gpsnavigation.maps.gpsroutefinder.routemap,FE3A1349135EBA878C8959B0D1F41804547132DFD383752668459F353F82D2A6,20
com.lketech.route.finder,6DBC72C9F39A3A98E04241358135AE5A14FF29521DD50573B81D4D86D3935EB2,123
app.goplus.in.myapplication,9BA41EFEA0828105906623AA950A50F3BAA0075993054F7B6B53890180415142,36018
jp.co.kenmiya.TJamInfo,88C6C7CFDFBBC9C8E6E408E56E0034BFDDADBEDB94568509FA2F88A90F3AC353,126
com.appsmartplus.gpsmobilelocationtracker.route.finder,C173EBA928475EF01D81132DEB23D71377A1BF12C9299D944E94AA4638094432,5
com.olacabs.lite,DE70619DE50A49C9D53684F4E0967FAAFAFEB210564229FEE131C378A2C2566C,13
com.ticker.racing.ferrari,7608CC29361F36E6D7DC37ECB3C3635BF8F4D39AF9663A7887C0F3FFA8964297,11
jp.co.yahoo.android.apps.map,FFBA22A9EAE294EAC0BFC01ADDD0CF509E7587C8E1F3888F4FBA053E9FC6941D,230
maps.GPS.offlinemaps.FreeGPS,EFE6B1E2BA185B71BA320629F9A895DA0197CA54A2AC8069CF78BBFBFCB72BE8,25
com.ventrachicago.riderapp,BDE0A351F97D6A04EAFB1736894DB3518B3F49F4455268C94962C0A5B6FBD915,5907
com.androidlab.gpsfix,5D2EA212328761EBC8C3A803B8AE36B5700AA9AA552006767A0D7AD7271092E5,210929
com.softboom.autovelox,FE93F944516E7E2EF1C3E509DBCFAF8510857BDFD6B7306A85513C85EF203792,751
com.mas3dstudio.biketransporter,DE449C593FA880768582BF4F18481D71AF5B0BE0D3A62E68CA95229E724C8D9E,200020
com.apsrtc,FDEC30F2617CE9276DB8EEC8C7C7D1C5AA0F0D62F7E7EE8F3760DB66107647DA,25
com.ltp.pro.fakelocation,B44EE4AEE4A4705C473F3A6BE14C142F2D3443B75993EB2701EB5EC91549B5E4,67
com.gai.GPS.map.navigation,C34A0151DE1C1B8F6E3DDA67C24FA87622B6A234B01274DC55530940A8861922,31
com.gamestr.us.police.transport.cargo.plane,75237B495575C333A90330D6721BB03FCD312B0BDEC06A4C9F5F59C7CB3D3B21,200010
com.fulminesoftware.compass,F6224184AEA6494C819FC7E7AB9347344207EF08A2AC5E0E70ACC18BDA68DED1,39
com.rgs.coachbus.driversimulator.passengerbus,8068AA5CC1E3244D39E05F6C8EAC9DC6181A3B8B08BC744043D9B16B388FF3D9,6
com.findmyphone.findmydevice,8F18D97C42CB2148C8BF2E97E1F7E05F9D724C6CDA000ECEFED2B3B4C5109A9F,8
kz.soft.android.infobus,FAB7F7E1574ADE5C70D42DC6E55B665D53946E2062AC42633850A8E846B84D07,1412112
exam.ExpressBUS,BB97140CDCFF7E4FD3A07CA6BCC9D9EC5DAF4FBA2459CC84D83054375FF6511B,180
com.gettaxi.dbx.android,D980EECE657FC0A3BB278F7FBE99480CCB14C085D48F14741DD9A4CC4AD7F93E,70713
