package,sha256,vercodecom.teladoc.members,78B2B41B8D2DDD7185698FD65CF66E8B163B9409D5D05D5B0DF14369C287C30C,903
ru.mobiledimension.kbr,C81B403AECAF068356DD421A4C6240F3C6EDF4B875ED570DF377FE28F80FA528,39674
com.touchsurgery,2A6222B7FA3CBB0BD172A28BBDC52C44DBF201E41223B0D0A639A28465CA21CF,60675
com.lifcare.launch,481894239C81AF5BDD92EC60302D5DF1F3192DE568FEBA2C99E75CE278FF76D4,113
com.healint.migraineapp,B8B3EE20A6EA16E87B09160CC24E824C99FB8A371E5203409CE1B128CDD77AE9,1631676524
com.ornament.monitor,4A066B4157C7178599D58C2BDC655E946315AEF348B586C6A57C2F9B9E85A08F,2500200
fr.doctolib.www,401E31ABFC89E284226C283FA6A5897B56E44D8F33D671932D48276F62EDE3DB,302466
com.medex.yodawy,8DDB29315365144EFDF00EAF2A45E788EFEF2C30552D39F0716EEF36B9DA94DA,3145951
controllers.marham.marhammed,3E0F212B820C9DD7FE9BA7B5B75D540824FD27737054D7F6E39C44BD0602A701,336
tw.org.cgmh.phonereg,0343F39EFB7441838090D2BB49CB33BE3F7C0C3C68F75E33595674E9A0CC5A44,94
com.binops.pharma.pk,00535C963AC35A1BE2A07E95003EB3F8DBEFC72608361330CBB171A35AE682E1,8
com.myluckyday.tcsmedics,04E9166D1B218A330E49353AD3E634C43E45CE4963F67A07CB3CEA0017671365,22510
com.medicalgroupsoft.medical.refbookdiseases.free,7B27210261B86D277FB5BC4FDAB407EB7C9B260307C7F02BC10443D61B9AA24A,16002275
com.visual3dscience.organs,42FDC53C1B28E1E2A85F37916B98D3007E1CB7DAD8A065C479454BC75504D66B,31
clalit.android,8E41014B28682829618FBA201AFDE4E2F5E3252B9006F93BE2FF7711581B5CC3,906006
com.baritastic.view,44DAB0575D0FFBADEF189C7724CCCAA8C3AF5DDC46DF83077FA7B00C90BE43CE,294
net.klier.blutdruck,5EDAC852C085CDA03D97EB9191BDDFD5ADA8E6B55C27CD28308C4F6C81BA5DD7,7000019
io.fomdev.arzonapteka,F7F616EB946B1914FA629954A6C905EE3E3433CA4FE63A08F89F3D6CBFE39EAE,114
com.medicalgroupsoft.medical.directorymedtermsmultilang.free,EA8112964D874DD35945BD20E95D0334BD39B44729A00A839F03AD31147C1DCD,1600362
com.uptodate.android,5FE450D1B5749B9950A44424ED5597156CF20FEA8A3B5C7959CA43913AEF7826,138
com.sonova.phonak.dsapp,BBF3F66BD737FB125232AD6C70F2BDFC7022A4404EFC6591A729AE9A4E845E0E,203
dz.sebrou.docts_guide.app,812591732DF0155A86FBD4F3FAD4525FDD626B5BD00D89998B9AE6D5F45E0797,132
com.healthtap.userhtexpress,CB64AC157CF5AEBFC11082F093FAA3046021A9675F524F100AF35609CCB9C34A,25266
com.lowestmed.android,885F0E0B6BE580457AE2C04CB8A62D29AE4FEC6C5B41BA7E25D55015F96D22BE,145
com.omada.prevent,C1D9200B6B682010615100C28F0CED49A7BD82D90ED6D6287CC6CE14F5FD0D61,292
eu.smartpatient.mytherapy,3CF86DC56356C55941C13A267E5834461DB7F8078B74A655DE612BD5FC1ECF00,2501
com.favouritesystems.android.emergencyapp.nla113,7A27001BD53C010DBFB7E8D465B283FC38AF8772789C1C9C0ED76D4445B054EB,91
com.soft24hours.directorys.medical.diseasemulti.free,8691C3FAA4F4149816338F3DBE58C48697E6411D86619B981D9B5A1A752F4391,16002222
jp.co.plusr.android.bpnote,7AC4155959E47874DE08BE1A65C509C5D29E57F287FEBEA5BB87F58D4274DA0B,110
com.ovuline.pregnancy,F2C3F76C4157D288AB935E56FD99D1398589422BA2F9803E111EC39185E2DDAF,11303
com.zodinplex.forest.sounds.relax.and.sleep,521959E1C2CDC734343A860D1E9ABB11D2484D48ABE22E96F5FA1ACB369CD261,40082
fr.gouv.android.stopcovid,16ECC9D2CA4FB2C08FE47C38ED3F49688DA2DE112DDA192CC598DD0EE31D276A,362
es.gob.radarcovid,00DD908C898A9FECB29B0DBC39297195CEBB0623C1D66DCEB796D57480036EC3,13
com.hh.healthhub,6854B24FAE0746DB657675C028D1FE32C3D11E8677D20AE1F4931275E9C54C85,1124
com.bookdoc.bookdoc,29C7841FDBD3CD0DF8F03FD7C970D451D4D54F188A2DFE19043FE9DF6B04F82A,2012353899
com.mydiabetes,6F78BA46F4CBBD7F14D8ECB5483C7273C578DD9690174CB47D7C239822E5F903,230
com.weedmaps.app.android,7CB34BBE574C40660B6959EC10BBFB69E911B0560100020D661744453F919A30,2880
com.anthem.sydney,A2FC00F1F6DF02A77FD666B23DD7269E3C965A73A1167005CE60ACBE5E412683,2021092409
com.EAGINsoftware.dejaloYa,F0F5F6E029D3C5709A2AE6A5134E303CB1992779B1AA04D810F0B75014A31265,5150006
com.szyk.myheart,62EEBCB74A9F94D45278CA5397EB4FB473B41F255D5E0BD7FAC11C2216F46A7A,60703
sk.vszp.vszp,40488E3AC26D8ACB91DDFBDE6D5C74AC24EBDAF09238550D781A9534098EF583,149
com.zocdoc.android,FC6E78252AB48EE9E0620ED98CF115102F53F0AD996D4DE486D9B0DDE6A0CD50,631
com.amikulich.pregnancycalculator,0126496C1F945B74283038FB2D68D0534D78281D29DE13A73F421E86B1A423F8,92
com.rohiapps.bloodpressureRecorder,F64C5B7A5DDAECAA1178D026EEBF773F004F1FB67230099E9C13634389367ED0,25
com.pacificalabs.pacifica,E5B73223D8705901211DE671D059F887F7A3D5A21BC96D99F9816845924DEF82,83800018
com.curofy,BD4B46287C67B8F02EBAC189474D4FCE7F096D4778F7BFFB2C4F161D9789A2A4,332
com.karmamobile,D5D4303423773FFC6FEF7EC3068AF9785B338D219D3C5E2BBAA0B26D40424503,323
app.bpjs.mobile,013957D5C902AD7B710B72EBEC757759728E6D3DB15C8E0D4F65EFB57C93B513,74
com.mayoclinic.patient,669443DB927AD5A2D8BD7D6A692C686B7D36048D252CD365B06D635761B8D44A,202100920
com.caremark.caremark,B2441EAB2FAFD3E5E49C69F7F55728836FCBFFA745818052648D04328798FB7B,145
com.blinkhealth.blinkandroid,0C0E54AAC177465CE4FE07FDC4D1CA3303761FD8575FD2C39A4A8E20456A129D,3002253
com.mediquo.main,CD25F42627FA453E6A7B2994EADF31E83EE92F0A0BC8531D37B6209D3C1D6E36,136168
com.dawaai.app,D6E06E65F2A1401E9441DE5F3CB0FBE7C0ECCC3A48C9DFEDC1E4293CF202C100,160
ru.apteka,8855EFE70FD0224D0C85C472F60248E19F228682B16BDD156144C04B1D1D710F,30711
com.hds.homedoctor2,68879FCF41ED9CBCD730497D0A0A9A93C692F10E30C2FA9EAFA8BD4019FCD9D9,5911
app.avax.health,481FA44E4156F72239072A05EDE99AFB751A789D5245D81767377B4898EDDC6B,194
ae.gov.dha.covid19,2D361D2C556A3D6A0092B5ED606B80E4D0A2478124922201043A4C4085D83244,61
gov.ca.covid19.exposurenotifications,D39C7AFFE9B93E3DA04A5C788905274843D13CFEBB0F8A900AD7C02E9236FC32,10000032
com.beep.beepmedclient,A6AA5AE10C8ED01BA4AE28D5E8057C9AA179B3FB20BA8220E6A36FE7ED2144ED,313
de.moodpath.android,7987402F1C1FEED9A576351A0B0D43CB3E181A1FC29A4AC22D722820BBA387E7,10582
ca.blood.giveblood,7D5945B83F0F90E6B4370F61CCDD317FC785B8904D17FF5389CE326494CFEF8E,115
com.doctorraksa,35947B7F06A6EE2AE8AFB8DCB867F29DB9F54E5F2F4350AF50FE5160219FE10B,94
com.upmc.enterprises.myupmc,01C29215BD23DEAAA8C38B5E9A03C6D270E84A1F1D9C3F4A870EB58447FB2451,58
leafly.android,DD36FEAE789B195096E15ACF605D35D567AA0A040580B9FD8A7AC798673C3949,8707
com.app.iod,832B4F83DCBDE992EF7A475E221C441CFB8E972A9F30BC5E5EA3E7440FF55881,78
com.qxmd.calculate,74DC8E4ADF866E610DDBC19976CFF0496E8E5F680184DD5E6BE238829099273B,169
com.sdk.blood_pressure,76D27842D40E84182D9B449B29E82FB94E94569BFDC98A1929F7C62AC7655C3B,146
com.k24klik.android,EAD06246B5F5D4794A97F28C8857FF1B499CF389FBFCAE479EBC1A9E2C7FFEFD,48
com.tabletka.by,204778846DDD3C4994FC94BB7EB8AFA57CE42D582DADA9C52017654B72ACEA68,6200
DOCECG2.doctor,9A8B2E69EE21E5532DFA43646DEC983CDA292F3136189C7020DC8489EF4F9BEF,13
com.montunosoftware.dosecast,0BA9A8AA9CF10D8F17B7D94CED0930E071C55DE9ECBBA9687F5F0BE694989B51,3965
health.livi.android,3DC6AE7D569B365271B1ADA6CCB8B004599BCCFAEB222CD5197FDDF734A0A726,517
com.naturalcycles.cordova,816B6811DB29132596BFBDE2D8595837C660D60773D832E78A852BF3EFC34456,404001
im.dev.pregnancy,3AD8B3DD764475E7789A14DD7C383CC866B9A1CB32DF1386DBC2071125355A17,27
com.paziresh24.paziresh24,52E3EBC1FD3E47433C2CF36B9658DFCED289508CDCEAE7D54073EECE368FB5FB,8406
com.lexi.android,1514A9490A12FE2D6CA8C61F65809BC8F589630C2A87E984E4CF43E33E45FAE0,15190
com.americanwell.android.member.amwell,7288CA8317C04F4B4A63003F4B5DCEA47A93CDAAC511EB8798A830B53CA7F888,121200010
au.gov.dhs.expressplus.medicare,615D57FC79A3FFC92A05006B24AA73A23E943C3272FA3B2F496B6E810A5CBD6B,89
com.dexcom.g6,704664E9487ACDB154AD66A7C7AB8282BD185DE32F582C63EF455CCA7EEBDF3B,1090004
com.deltadental.HealthApp,B2A62E9AFAE8238BED6C78F3F5A92DE2F1D2A3E2EE189E187692489A5F7C6182,131
com.jardogs.fmhmobile,06806BFC7C8C3178F6D9A6D0FF571861E052CE204FA85A10A8A3562DD9FE695C,1434
jp.co.eversense.papaninaru,9DD8E3EF6571FE2C99194180C620766A04B730841E4E8DFEA5136145F0BB46E2,67
com.squaremed.diabetesconnect.android,5FC91ABD3498A2713ACE73B00B5759C232FC5FEF642116CE38612F926C82544F,68
com.androiddevelopermx.blogspot.organos3d,734315F3326E485A140EDE988FDE9110E3C2D9C7CFC512A7C2CB4E1E1D8B73DC,64
com.it4you.petralex,33EBA3E43CB2330DF09FC3BE2CE140C01B2D6A1E8C4DB20875F80F1A12495694,3007005
com.aetna.aetnahealth,0B611C1254398E5D2DB8731A0C4C3406BDBDDE3B00FE10CAE576DFD23AF8216B,2071772
com.boaconsulta,0BC99A63C2AA3D3FC91564E95F22161B5EF6C9913349E17924FEE6E37C8ECABB,100
com.linkdokter.halodoc.android,864A375922CD90BAFF07E257186A39E6332FFE87034BE0E5D567275FFEA7CDE6,1263
com.teleClinic.teleClinic,7DAFA25213DE2C0D5A6EBF96A33C269F39F720C75573A72009A07AEB51272175,1941229692
pl.znanylekarz,B4839C7FF0B0CDDDA5D04E9C623B5851AF99E45C6DC7011B9D6186D1FDB9F96D,202109232
com.figure1.android,4F35022FE4C50F58CFA67E1303A763926A1E7A4E951C22A4B5C8F76EF4D4DD50,172
com.ldf.grossesse.view,87E71051B23BE2C8498A5EEF708169ADAFD554C4204BCA074603F477CA3F2B76,307
com.simplepractice.video,EB795D814EA188CC92FC142DB1353CBEF5274BC45882A04B1557EB77DB15ED69,1943
com.tremend.reginamaria,02A827276254F2FCC6B35D681A8D936E32225480188098702DDB311EB73B4A76,1286
it.regioneveneto.sanitakmzero,1510A68CE156D3447A023C7D6152AE35E026A5A82205859A979BA1014F48302B,307
com.practo.fabric,BF51357989C1A749F62457C866EB9DDB3C3FEB0BC17E4AB6E0563F6E9806B8C4,505
com.mysugr.android.companion,8377F8D8F1B0A783B6B91878952B02D542AE7BC116FBB86DAB27E7C413F79DED,280989
com.practo.droid,CDC6B32FB7032B4EBAAE42B21FDA09C575B25985BBC8F7E62E27717FBC3A1BAF,336
com.medengage.clinical,EF09D36121C153437F7430638B30BB0EA810EB9C56101DB2049EE633D0D4912B,63
pathlabs.com.pathlabs,B426004844DA74C132EF35C88B535D3F664A1BA9393B05501FCDE74B3E195261,88
com.baviux.pillreminder,F6EC313B0D532E46F546FAB7C0B2D3651DEC40A009D6CDFB822E95BC10340C45,2801
com.medscape.android,E3AD2665ABA0ACBE384DBF9D51B7B62A952180FB8FEBB2BF6BF6C66F90C3B90D,110
com.marrow,D0DD63F3D21A9E58D5130704BA72CE21673E18D1F41664DF307AF6AF4F24CB13,306
com.qkstudio.medical.terminologies,651790B86CFFCF90A91AA09846A19BD4D023CF531D7B97F74EFF6E9F4D16E967,13
net.medshr.android,BB1DFC4AA907D235E4B18735ACFDB563017E4D6D1E14F0A397A5A04EAAA02F85,22013
com.divisait.quironsalud,786C57C877725E4EB0A5C5733E66FE83237CC1ECEB00DA84141D5B0CC88548A3,3180001
com.lbrc.PeriodCalendar,4448A499FA988B1A4D147EAA833BBFA2A25200E4C3FC2020AEA2A75B4C64CE8B,79100
com.veeva.engage,DCF949E8CEC6783EAD5F9998513AD2FA75B4192C2C2DC7FC031BAC85B771DDA9,142723
com.h2sync.android.h2syncapp,3BB52FF48B84803239320EDCA6018B1648CB13C03CBBC6CB4999C7AD13932D05,207000184
com.myprograms.glasgow,757F3EDD273B135FA0A153C09C7A2D414A0D5EF0353C091F82A5165927B31556,38
org.gobiernodecanarias.sanidad.scs.citapreviasmart,9D560F61FB47690A8F17175F0202C3DFDD6F8D8812848B966DEE102F5166BCE3,51
com.divisait.fjd,3ECEB376B50630BEC8AF298B9E059939BD9402887B530F12EA657D49EA0A09A7,3170000
ru.yandex.med,22254DCD5CD11D69728E0786E9FA25BF9E321540E0662F469BF9922AB4C1CF19,199
com.ovuline.fertility,11CC1E0522DF1A6E94A819121FC92F5268EE441ACC7689198D7B4FFFC414A0A4,10555
com.optum.rx,735639C53116BEAB789CD5A785F6EB1C67F0C760232B211C7099CB5B9006C5F5,4005000
com.goodrx,9A0C80824FE92F919F59F7A8FC1A732AA62CF1EDB74EEBCA1E5210BE83C3B08C,260
com.szyk.diabetes,4908246351823D8820187BDD7AE6CF5FDC5675B9617EA734E93EB78DA4B5048A,40400
com.smsrobot.period,D265896E76BB227B986ECE91462C04A567F066AD920347317FCDB735933D4767,58
sg.gov.tech.bluetrace,6918EF12C15D64773AC68A2BD8C758F91BE22A2DB0096D8820987ED5AAFB1F7F,117
com.aadhk.lite.bptracker,6A276E8F6FEAEBAE310451C58217F52CF088B91A4B90B0FC61C3A252D26981FD,155
foodanddrink.inc.acupressurepointtips,09119D4ED83AADDFC4884387E3D3C83A94FC84D25AD488795502B9AB5C8E4733,32
com.kaiahealth.app,E83464D203A943336027F639AF1639B8BD927857C5879B3B9B8A1E9BE0F97180,2236
com.earthflare.android.medhelper.lite,7772765FAA479DFF135D26E94C043C323A3A572D86B7920136C7FE239B26EE66,105
com.devsoldiers.calendar.pills.limit,81D47CC6C0A8E1AA45E411E2AD919EDE9F362A61A9320E22D3A5C9070ECD3F13,60
om.gov.moh.tarassudapplication,E0B1B1832B8F4709E853AFF5A1C5315460F67BCE0579773DB492F879EFC01865,53
com.doctoranywhere,75F5E786E1AA95321F8E5EF8D30CB6ED8AD3844FC7938FF867B8F1C4896A48C7,155
com.easymobs.pregnancy,EF34FA5EF724232693F5010DFD3E2E172B7494B0A16ECB08A23EF744D67B6B40,104
com.cube.arc.blood,A40D3DE518EAC27ACE06A9147E60EFE2709E1337B4222BA22ABD3DC824DD2BCD,4277
com.ufo.disease,822E202BB37130AEA52595D3BD2D07C7425E7969B7EFB99446AC0E098C5D9A2A,39
com.she.sehatq,6AC01DCF1DBAC767F55CD302C49232F4B167C10C9D8C9788CC38236BAF2484B8,121
com.doctorondemand.android.patient,895BDE87787EB50BBEF53B9AE16376DC7229A9627B84B17AB4D6F0D8AF19B51C,82600
br.com.drcuco,C1783993230E8300793A7EACCFA56E9791C456D2F51BE9F55AA3E4B9B551DF2F,505004
com.ronasoftstudios.hearmax,AEB91C6ADDBB944B1207A42575314808C7B1A71F458C75BBCC21D66E51823458,120
com.medicaljoyworks.prognosis,041E2CE395617CDE0DC7726C5756DFB9972AA765BD3F55F99D4007ADEBE45767,72
com.hssn.anatomy3dlite,C016E24D66DB95BADDD0B1237CDC9295FCE5C0B1345EC305FBBA6770DC3315AC,28
com.saybaby,0B67E72D9885FEE20021D7E2FBB987ECEA0B068D3FB89B95E0F5328BCD0E888C,20809
com.freshware.bloodpressure,5DC91A9A4191D509A8104989015F775F48EB9789326B4EB7FF7F88A3371439CB,24
com.NetmedsMarketplace.Netmeds,5622FA6F78F04A0470F6296585B71983E9C481F95FB8D9F78523AA5B79D5C2EF,160
br.com.youper,3317E19971EF6975CD10D0214F3BE6D3C8D235AFA3D8C9D4F316382D2CC66A5C,1006002
com.mohkuwait.immune,BCE98E1810C4F0CD51DC96DD05295147025978CA45B321F4D39B62DD740C62DA,36
tr.gov.saglik.MHRSMOBIL,04C57C2EE1D683A00A3829F99F01B8844F927FE9B47203715670AB5BEE5E76FC,36
com.msd.professional,4C83FB34C00FA9120502390D230E92245EB4A208F961F0D976CEF5B94962BE96,21
com.platfomni.gorzdrav,D2007CB337BB9A404912006F4338075E215ECDBED492426E61F4F5587DFEB487,650
com.medprescricao,66FC7E01D6C3FE51DFE9D1013CA74B2290E2D17FB1CB393D292C2C7965B598ED,534
com.ejada.hmg,760897E59B771BEF3124AA4325485074D547E32D460A17574B4084B14B684F9C,40304
com.creamsoft.mygi,5181CDC6650DC79660957026AB50F1E0DAF88227C3F7CC4FD533B7FD99E0CADA,3060304
com.americanwell.android.member.wellpoint,AB1B621E76B6857271633B60EB122E280DF532E182E8227ABF45AEDE40B091CF,121001005
com.tabletkiua.tabletki,0C97C6757EE0DAA4DA778292DCA32A4AA3F45C2368F00911039F552B07514749,340
ru.medsolutions,B6DA6AA35C00274792435A318AE6BBA122DA5265B5CC029B6278FB90EFD87E95,168
br.com.amil.beneficiarios,9D42C80849C2F7204FBFF0D3728DDBCF916FF042CCACD58DC6AE2CAD8CE513D3,44101
ph.staysafe.mobileapp,08A644E9571CAE812D2C20401A7D2B0532D9166023CA0ACC0C4C9B0CC2C85659,59
com.osde.ar,BE733B25773B63D056489407A90D5D11ADDBF535051729B2D3E4C656988B4154,560007207
br.com.gndi.beneficiario.gndieasy,30D764840E8A943907B817E1BC3B95DEF4C8821D481701D2CC8CEBE2C1F62713,579
com.cerner.iris.play,17878E6A1789A08715C21E590BBEFFDAF397FC7F35DD190DBD1C97FFB5E3A062,200000006
com.drugscom.app,0B39EAE44B56BDFBF8994D641D3EF931C110C2574DF3BAE61D752FF22D406378,109
com.alodokter.android,9F7BEC8FE641E745AFBFFBDFA4C7210A72E4C70802A7944BE6245A74498936EC,86
com.rubytribe.skinvision.ac,17C7B72F8BFAE4B5F14203722D81036FB682D2BAE81C7D9071EED71245BE84FA,1163
mx.com.fahorro2,FDE380AEF9B9A5356C64088254127CF9D0EE645BF22352AFA505F5CE43B648EE,5030035
com.nhs.online.nhsonline,056827983D1975B6519E271FD30716BF5D404F152BE8CC94C0B088181081B745,98
shop.shop_apotheke.com.shopapotheke,D41D364D529E6764074D4E3A130BD511A4282BA81460852C2047045687B68ED5,2638
com.catfishanimationstudio.MuscularSystemLite,07C56F8C6530E1D339CCE40612AB1126C89AA5CEC75D78B15FE847D449A67C41,171
com.aligntech.myinvisalign,2581D209C6A86DD98FADD5E737194083CEC3E4461D55B0BB90593FA2CF3494D8,210916100
com.programmisty.emiasapp,4772931401F3F909E5320BC0E88D7F7C064BBD977F4DAEB7EF57840BBFBD7D88,52000
com.portalgroove.bpjournal,4C724E9305D30EAF3721A0A655040F953862D78FFB69043F18D89C28F51A0D43,400086
com.vibe.app.android,DFFBEE2F571B1401EDABCE106AB2D1F41B2F29F7A9A0C130ABC4B2279961FB57,104660
com.spotwish.cogni,EF70C73B3C5184BEFE14FE8178A623CEA816345DFA74FDC8E5DD34BCBD2FCE10,63
com.swissmedical.clientes,0A8A5180783078CF6C88C792133109D0E1C12EB676A008E503DCEA435942FBDA,148
jp.go.mhlw.covid19radar,084BDB83C61F5459AD44DF3A1AABE08A0B3D21D185CB0047977343C170477D6A,1629863391
ru.watchmyph.analogilekarstv,67F773A2255D72234AC0E07105C3492556EA4D745230F43D38E544DD2A038894,111
com.medicaljoyworks.clinicalsense,FC27BC2115D4D0F193CC767421D358149E6B995B054F88E573E79C1BC84FD56B,75
com.pocketprep.emt,0D8F65272B95D26525CCAA9D936AB0FFAF7383552DCF881411E6E798B1D6C483,228
se.doktor.doktorse.production,66EF11C775929D8A6D55A24EDEF75C6E04F6AC26C28F4190C58085A84300BB94,2314
leumit.mobile,4708C034CD48F67C4040C1FF0A1C5A7D8EBEFC25695C7B177D002D5D967C6047,60023
uk.nhs.covid19.production,24021CB1F082ADAEA4DAF8EDAD58BBD5731BEC45922F666390C9C172DEB1B3F6,244
com.woebot,AE48386D9D08F53A4055043031798944631369714DADF57BDB4D8DC3B8565B10,191
com.virinchi.mychat,8A6526AB11CD2CDC009639901B8F57F0BB2BC8ADF579446BCFB90D496AD8414D,4176
kr.co.openit.bpdiary,06216A591E8238F6C1610E0B23AA541042126467A5F638E54DD8187A9BA81539,113
com.banfield.bpht,73F06CFDD273658596EC234869F3CCFEEE7A7077BB71BE27C30A8C775FB12946,225
za.gov.health.covidconnect,F42E10BCA9C898FA8772E6517E62336D19ADFBA52A348CC2331CEA2D2C7D885A,739
com.a3d4medical.completeanatomy,6EFA8F9E78FFF187B1763E01FDAD7EC6FEA6059FA4AEF2974233EEE1C761D328,14846
uk.co.patient.patientaccess,8C72E3DCBB607FBC0AA41882E1B6B76DE60C1644049F6362F27C001CAE1A114D,1631598370
com.covidtracker.hse,777B50F6B6B936FC2EAD793BFDF5575672AC7741B07DA0FB14C954750FA0B3E3,133
com.skyhealth.glucosebuddyfree,F0E82514CCDDE828D1C87F134DF635429C5768EFB99315E9508BB8B8C3AE675F,8529
com.spruce.messenger,F55EB179FA26A9F90774AEF40195FDB23F89A4DA73F83FC5FA9884F4720E6DEB,33039000
com.liberathor.diapason,8FD328629DA88C7436C90C08741A642BE4DF47F0EC24F2062722449E8CA6A6D3,22
mobi.firedepartment,C39AD9EA7AB2AE10DC9583C007789A014D49327FE8D5126C2B15E4AA83BE6228,5240
com.programming.progressive.diagnoseapp,C54FF281E9A5EC3F6B152C81FBE1AA5BD60D030A39222FA4716018422127B336,70
gov.scot.covidtracker,16FC0E869FB980F0B9F66713E8A0175BDBC2A02B1EEA30175D2E2E8CB51DC1FB,87
com.qompium.fibricheck,19F17BCEAFAEF80328EB6D9083914B58C2921D4DE36AD66998FF04CD013487DC,296
com.doximity.doximitydroid,C9851E23F5B5BC95780F89465E219C33B8216727C30DB681FC9C7233B78BC609,77462
nl.rijksoverheid.en,E9FB4A8B28C629CD08933F7774FF452F92A20726F6D7BDA3911D215A20CC6B69,120073
com.amila.contractioncounter,6A2E722930DC13224DE7F38FAFDBE474BDC42318EDD996B8AE77ECD78C71903B,12
com.aptekarsk.pz,69FE5509D0D46057CE507D971A8BAB2A3A40AFCCEAA828EC57A4ECBB20B57476,955
com.platfomni.vita,702B7F01CE28DE725F0107015DCFCA72766328EC23F1A895EDDBBD2DA974C66E,285
au.com.hotdoc.android.hotdoc,E8B8DE51BBCF78C0911C19E09543A31CCAA19F3408D12BAC1786BB963437C252,58500
com.rexton.bxsmartremote,0745F00AB7DE5E0F3D69F4D7ABCB898655D69DAF8F824CA97D580E6D27A5DC31,260010207
com.honestdocs.hd,D6D485C71053737DAB73BA6412D7203F478CCD2A5163968A79E545119F5114F5,59
com.irwaa.medicareminders,8BEE03A5F1B3E94BC16909CAEEDDD20F80C81C24762A8E37C762A2300D7EF692,870
com.media365ltd.doctime,6BF06B58AA289F4AF6699C6BE66A160BDDB89EA7A53BFD362F2946DB1B942D59,210001100
com.metarain.mom,6EED2A6A64A1C33C7B8DCA879FE9B376AD5921F21A03DE995A4529484FAD6C13,480
com.nooglesoft.drugindex,63A50240316B51750024BAC0BC475DA21EEF629C279AA33059A41B83E15B12B0,2001
com.vhi,6FAFF33635D2A7555F64B1E414ECB8F9ECE98A5CF9A1028F4EEBC1350E997CAC,2006007175
com.ionicframework.vezeetapatientsmobile694843,4E6F8D689E752138940C00999F8E91E615759A7AF2509C5D21F5474EBE1E769B,906
br.com.saofrancisco.mobile,C48A2558365004ED5C3339515681DE8B14BCA695058984196A859E0EF380FA50,102046
com.webmd.android,3256B22F4AF8D363123B2FAC3B6C945A81E132BFCF8B6734281DE29CBCAF8CD5,148
br.com.sulamerica.sam.saude,4D17E904B6C93B9DB152BEA044F2368C5F71389311B113159BADD148967C68D2,1025
com.ovuline.parenting,D3247A30EE6F3468F927A3A94672857DBF7096235D9F3C31A9FD30A55D54FBD0,10336
com.ecare.ovulationcalculator,6236C82EB691910ADB9C0B5450A29B7DCD99FC328B3DF836F0A9B5B2830B3283,3022
com.appspouch.medicaldictionary,43A0171C042417369189C160B0AB580C110A747D81055785A4ACEBA5EBDF9ED5,13
com.mobicrea.vidal,272E9847AB40A378488F7AC80C9E1660CE81A37C51A265066F31108EA6E16644,1084
ar.com.omint.omint_mobileprepaga_android,EA00005D983B731EEDF67D92B66DC90AEC3A9DB880959AB136509721BD625D41,40600
com.mediconnect.oladoc,F478C22E4368448380EA8EA62256E4E4A6459F5DD0BE6D0315A1687D1BAAF80A,109
com.speedAnatomy.speedAnatomyLite,0843F4345F8FA9FAC8E9B538EF2369FA16C61B886EF9B372A3C0A195D9AB1607,33
com.medical.diseasesdictionary,AE42187FB9D3971FAF5A22B38A6AAE84CD1C95B9B530D06B0A46B5BB78C262D6,16
hk.org.ha.hago,33FCB1CAADA36D0334256BD4C93CB3071A9A46F87E37498CCE1C3A9F120331F0,79
ab.damumed,CA13043B33579504627DFD759BCC4BF30412F4AECD8F39B77F38028D46261240,94
com.msd.professionalSpanish,B1BC7EB6CB6A293808AF7B2C34C36B6649D1A488C792536B1A1D93B42CC324C4,16
boundless.moodgym,A0AC68FC2E9C46357BA657BDF1613A5FEEDA359E1AA18E62EB3A7AE68CD3566B,502000
dk.sundhed.minsundhed,F41F13BE4ABA85357A3D86481662001A3980DCC85E2BDD43617AC6DE87438760,50691
nl.focuscura.beeldbelapp,C593C98AC327F7F1864ADD073E03009A025090B523FF745F5F59272CF8684D33,2766
com.sixoversix.copyglass,F8CF10CF8F7D6F52D1450597E55C690C93291064B9779AD1FA0CA5E0A12C34A9,1283
br.com.duosystem.avancasaude.sp.prod,9D11E043F44846EE2085AD51942115625D0C89BDAE350C6535906A25B5910EC2,51
com.alivecor.aliveecg,C48C56F2A0A0488AA4A2D01659C2800A27DF24BB532F1FCF2EEA9A8457D963DF,397
com.twgbd.dims,52227E3414FB09B0821D250F002B596750E107842B7471D6E8A4546DB38C55FF,149
com.smartgalapps.android.medicine.dosispedia.app,51E285F771D1F44B83D0DB3CA1374DA2FAA5C2C7781CA05654A5AD58BE91C005,36
com.contacts1800.ecomapp,7A56A8F598522C37ABD2A19F0EBE51804DD37DAC5BE6B36E97B559864734D815,247
ai.kanghealth,F639552248909A03B65CB064EC68294AA883715044899776D0ADC7F871425747,41040
com.labstyle.darioandroid,BC030CFB37EB749DF63EE5D1F7788E04F08220028179B6E4D24CD80FAD5902FF,515
com.visual3dscience.humananatomy,468059574CCC98682D751EE877EC6CC536A532E0136E68DCCCE36EB0C138059D,12
com.obscience.imamma,E09661CCAA12CDE955FF5DE98C690E68F2E9C22FC83D8F5972ED87046ED950DD,117
ru.neopharm.stolichki,4660BA6F5E7237B47B6464126504F73465D262F66E7CA6E99E48A6156EBDA5D1,122
se.kry.android,8C4D8E6EC8BEAC044302228D2FC5F3542766588EC19B23DFDF4ACE85B876F55F,516
ru.getpharma.eapteka,0C84905CBD7B99613EA79EF4AF51D19255621369AA48A23463EE5CBFF9001F4A,329
com.AnatomyLearning.Anatomy3DViewer3,4A9246F09C73411440549AEFE14CC9A8A2A170823987DBA83A1CAF3B8EB72E94,329
com.kenhub.dailyanatomy.musclesandbones,37F161A545B7963316D54EBBCAA2E3375AE2457C102FD4CC4BB80050A4CC9897,20137
com.bouqt.mypill,548ADC5005E510A8BB8302F99B7F9CBA5BDB6024158442B951E87D12E0790469,3050
com.medicalit.zachranka,F83AEB904B112A5E23E62B919C6A3E7BF1F3A9E700F2F6DEAEB3717C3183470C,138
com.Halza,CB8CF76634FCB2B2E5B651D1CB5202E1F7D7DABD166945C6E77F52282C8C1A80,1631536576
com.ssstudio.anatomy,14CC5131616D8D553C952D5C903C9D6F730111EE55F85D801341B541A5C2B98A,35
kr.go.kdca.coov,C12CE3DAD4EB74F08F8679C346618EBE0490B59C81CC8758A4494894D702C391,17
com.ladytimer.ovulationcalendar,5064284850DF2C5C7AC74EB3FBB0065524D2B79C69EE103468EAB483B0DEE677,93
com.proximate.colmedica,9DC0B02974E09847280F467356A42039C376D2F749C7135E7CBFD7C11FFA8813,122
in.medibuddy,6B641A4E6A73DC5CF00E9EC8DBA2B88A9A1E00FCA399C4254C1432B347F774A6,414
eu.doctorbox.mobile.android.doctorbox,D1FF371F609A5D453DBE7D341E052343DC84E158AB78BEB6F7D23C97CF255D67,170
com.androiddevelopermx.blogspot.muscles3d,EB3876FF69BE762EC1EB6FCAD343A6C7D99EA0E496D22AAFBE1C561EBC18B7C0,29
handa.health.corona,24F67F158A43DB77AD970E11176D7463EA271F4F4C5E53616551100C24BCFDF8,23
mobilecreatures.pillstime,A5873E36A25ECEE560EB0F1A621303267AC84A6860C0AC8BCE048DDA61EA4F35,50
com.zodinplex.river.sounds.relax.and.sleep,D9D89F9185F3DF874D3D663DC0DA58A20CE52479A725D0E31E35BD18DDE36EDC,40082
pl.luxmed.pp,5695ACC0A611A73241438775CAB130E92095CF987D5AE68C2563BA93F1404E31,111
ae.damanhealth.daman,A843666450CC88D869612918C87ABA94AFE8A53E315E8EAAE98D3A9566E358AA,202108225
com.phycod.drugeye,9D137CE4C43FDD2042EBA44DD8D5B6429D7319AE169402A5D28AF7B9CB80D03E,73
io.ph.screening,F8E94FD749DAA95FDD575DFDF891CF4C5FAADD70B949BFF33C2EFA0B481A8943,20200
com.getvisitapp.android,BB1AD63C1EA42FD2ADFFF5F111E50EA006AB608B7AC01B44D90655217AC81FE6,33
com.solutran.otc,2DAB1FBB17FA24F420E9C8BB5ADBCF822249D8935509F44ED4BFCF4199E0E8A2,1027
com.eperto.app.smartpharma,F648CEE0FA2C0B9520247E40F63066D905620B42484F46F2D5CA1BFEC3DB148E,2019070509
com.aia.myaia,0B36A25B9662B632840C3E8996A73BB2D2A317A9C7879B034F8DDEB611FFE194,69
be.fgov.ehealth.DGC,66684F6C3E7C508E50A43A948A8B84BA34DEB4F9B8AC8463ED2FCA2C7C8E5EC1,76
com.smsrobot.periodlite,0BE692D899C61018E1577F967FCC0686B2A370BEE23D4915A8107F907D5D36E9,30
com.epocrates,19671FC1B3E7110C85C501A86925A0FAF4CD9E2BB576FB0826B4E617710D1473,1007
com.mobisystems.msdict.embedded.wireless.mcgrawhill.ndh2011,D7A96187F3AA3EF3275EF6F2145AE87AD5A332D2FC6CCB9A2813B9CE2FB849AB,560
com.smc.mobile.pguidea,10E14B002A8605D1B92C1C67B876AC0B73E8FEF62ED4B0FCA5738E45B886F244,1864
com.brc.PeriodTrackerDiary,EC1B70FB0833E53FDDA2BF3EDE05C98BC887D9DC6F265A22821DCEE9F21F812E,60100
fi.thl.koronahaavi,EB18C1F5A34637BE6CDC8858582FB3A18FF0357D4CA92A87F4FB5BA5278BE9D5,403
com.apteka.sklad,8F29ED1387D802C513A4D7782B57B60336779001A61391F38465A7ED5AA09DF2,125
com.massroots.android,18E09971C03A5460A5F86EB17E787BE65AA83874CA2A76FC2BFF1A4D384A5019,1555676287
my.doctor2u.client,BB780B2E8D3E1811F4D4333B0F8E4D8503651949E0CC50776AC654414F9EEEFD,421
com.elagi.ios,292DDD520E064EC5A83BE418863E6FBD0C91AA7402D732180760F5F513FB56BB,210050029
com.phonegap.rxpal,D701B1A7A97B02FA08B25199E544D353218BE9BF4AAC1506800C3125F349262C,41022
com.sknes.dsese,B92E16505512D1AF72363A36EC1289035D6B98030945B91230ED3E10D849D3B8,8
com.ada.app,5B8F1A89E009BFC847E993F3649F0EBF90F1B75F89164D96FBFEB9D1993BE427,2010165120
com.smartbloodpressure,0DA32494BEFD403413DA1C76FDE635F399389B60EC7C6E41A946099B8B123A22,28
br.com.sulamerica.odonto,7D654D202FB56F5CE266136A10458153AAFB11D5F53D2F3911B63518F276BCF3,201861
com.biodigitalhuman.humanAndroid,468633C5CB1608FCA9843FDB5223F9FC34BFCEBBB5043F8D745510BD0DB9278A,60
org.fruct.yar.bloodpressurediary,37998C33C9476A5A6A6381530ACC9A745A79E4FAA7522BC534C8872A46C754A2,82
com.docsapp.patients,8F3867953CEBBE089C25B6F0E197EE64E9ED0E29B6FC8F84BFBDB15DE7D6E07B,1794
me.klarify.klara,2EDF6A2E8A1F688D8C3C6EFC3F1F7677CBF734E042C8091E6BA09C46C0717824,110002147
cat.gencat.mobi.lamevasalut,AD90B08B1F7D34C7370E6FA019929FE6DE3625553F6F13468E45C143DC5D199C,33
dk.sum.ssicpas,55F88058D4BBC05F4B1BD8E403CCB6CD4499438C324CC99D0B4B73B6ED716875,227
com.lifescan.reveal,740BD6E584525CB5439FC3D06C3F63E3D0F60E3A584FC9DFA40DD631EA044255,14068
colsanitas.foonkiemonkey.com.co.eps,BCB2DBB2B6BE01BBD0EFFCAE882A7C39459B182E493B0942EC2C7D70BBC98072,105
com.mdlive.mobile,A87D38F2EBAA4EE71637FB062E6697DD93F4DE3016E2BD0F8AD64C16DB59FE53,44510
com.netcompany.smittestop_exposure_notification,B59A2745A5F396041A5975AA7F81D0BE5803CCE92F7407063F518ECF487A38D0,233
mobile.eaudiologia,15ADD0674874D4C8CC32F38BC24D376B732360CD37ACD50F8D7446C2328E988E,56
com.androiddevelopermx.blogspot.bones3d,D7E7AD158892A66755572EFECF6F7DAD99ECD0EDB627CF729A01495C59D38B39,53
at.roteskreuz.stopcorona,81D74A419E64D9981626430A4C11C34A006D92842D5ABC9911FA380767AD7B32,1247
com.waterfullrainbow.bloodpressureanalyze,DD18350C6723730D83EBAD91ABD48814056758573E1B63F2997AA87268E51DD6,9
pl.nask.droid.kwarantannadomowa,DB1FF4ADB6928EAB64589570E9DEFD6D453CC63282F5E8049AE74B0A7B69694E,140007
com.mdacne.mdacne,9F6B9F21BFE4645E17B2F99613CA77B815F3B2DF034ED679CC7C7BB980F9CD40,144
com.bimaryh.seiljhd,0FD85DE3345F706DEB068B86F87B523AB4828453CAB374E82A1616E46DB8F76B,23
ar.gob.coronavirus,C0110077A79C9D3E2D4117BFBC8D957DA83F7BE3950A7F900E666B2F42A347EA,154
com.firstlinemedical.optum_flm_app,792C18DF21B5ACA4B3CCFD525C407B2DCAEC8B4FD66680A53A3340294EE0C322,122
com.cyclebeads,770994BA4B4FD1016FA3B6A39553B4FD0BB7F550120D18294254F20FE8FEF7E0,68
com.komarovskiydev.komarovskiy,634A4998233F4605A5B690CBB12F2812A8DE3845C82DEB3B15177D9A491915EB,61
ir.aftabeshafa.shafadoc,610B1C2D99BF2B90AF6AA1D9336C7F8045BA3C85D9F4BA237E4CC3698A0B02FB,30001
com.shevolapp.DrugHelpBook,6992F625D594B18A6415D31800D2D2E7E5EC32502C759595EB700BC1D6DB8B95,16
com.appvise.apteca,9F8A6EA0B1D3B15EE7563F3463441B7F1C09CD92D10ABFF7FD93333DEE7826EC,544
com.anatomyka.android,EDF6667E1BA0E7AAD08FFDEBA0414D22847A9E792DD20BEE31A884E2ED90BBDC,104
com.lybrate.phoenix,8E99F9B45D93B64C8ABCD5BC4BA8FEB3B73D7C45F2E0A06F52B1308D8C925B7E,347
id.go.jabarprov.pikobar,83BE05CDB2F8ACCC82ED28E4B45D7360150F62F855E34BBDE4DD28B7E2D58653,33
br.com.conexasaude,2F9E8881C5D24A0F94484A8E0CA2BF2EEE0AB6EA526CC2AAE0699F69DCAC4C16,114
com.signia.rta,1F615EC8275ECB70843B0FBB2C207DCB805E5B2C926D09CB56DB61879F5F945E,205003479
br.gov.datasus.cnsdigital,83D993F27D7333D51B2319CEC25B6CD5DC52AD46B1F414CFC6ABBCDF1B2322F0,700304
com.mobilehealth.cardiac,EEB14E1E80415B37A65E876A169F2F80A178E66DC737B76306A332363031C91B,331
org.nativescript.LibreLinkUp,CED96DA03EC779FDEF34CB5D609A792ABC41B4D2A948B7EF7A36B0CDF94CB91E,230040117
helsi.me,5B8281B958FFECC20F882FBFE27824E72E6FB1D78815214596F2D3308DD11680,73
com.main.drinsta,7BCCE405FFA5846FFAD2AD200F238F7BBC1206E07813C62E49068B138A3C1B88,52
de.comventure.medpex,F2FB432F4657A5C3BC67B8D6E602F1DED2C69CCE3DCE102FC4B52FDDA5DA97D6,73
com.doublerouble.counter,6B4A5417D3589F3BC89CA326A580A26A217A90AE73D845DC3B264CCF77158366,38
com.vitusvet.android,A425D47E7E03FE40CCC42FA9ABC4FEE1CB87AEBA76F0E2022855AEBDEF520911,128
ru.zdravcity.app,7DF2E3BAC96317684D058A19E5D11A85D2F7CF80D184666050578F7E3957468F,161
com.vnptit.innovation.ncovi,3E3DACF989F40AE4F4E1EBFC244C1C2F25A476C2C242D7B053CFDE7815DB8DE0,183
com.luckyxmobile.babycare,23CFE67C64643EFAE13965ADA2D61629C940B58FCC75C43919BF93C03FCD08F0,8058
com.abqappsource.childgrowthtracker,C8D6ECAEF0C05B07A9147B7B64AD5E3672F833763B122F780166AF8C4399F290,349
care.telemed.patient,9E1DCE7927DA6E01BD55746EC00038305C681C31B81A526841739B70D84AD22E,2025
DOCECG.Doctor,BB842AC4A9A69D04375C54AFA570A30A3DC8F5DFD1529706F37843737A364018,13
plants.com,1416CCAA00C2EAB19C5757223A2C1E380BF783A63FB8E398E51713DA940EF694,13
epic.mychart.android,5D85723AC4CFCF19AF50CCFE59F22429330468608BE6E98490E9B0CAEF56666E,2073
com.berry_med.oxycare,62C3C24F6BA26282A0207F034832ADD8A98DC444E6E86E08586C2D4EA1EC9056,37
andrei.brusentcov.eyecheck.free,6F7FE8FD11A4D03B4BF2D08E0C70FCF1275D730BDC92257F79C33881821CFECD,7
com.catfishanimationstudio.SkeletalSystemPreview,37A865FC6654C1067458B9253F61156FF4B0ABFC3C86C40F068C4E208C2B7917,30
com.singlecare.scma,9B675F18ACAD80B53E2DD9FD14CAC9BB5E22CC99682920BDB55F4038780DF7E7,12394
ar.com.fennoma.psicotest,2965D764F2CE17DD5FC61C7FCCA501BFAE891E16BB626A92362B62C15FB095BE,64
it.ministerodellasalute.immuni,4C0FB5CC999742406C356224E38147A3A47CA644C693137E1C6A509ED54DA10D,2579022
com.edoctores.android.apps.idoctus,AEB14F32FCF4967868DA00C62CCBF7D33045ADFB84DDD08134F73CD2A1B2D685,24301011
com.zodinplex.lullaby3.sleep.sounds.baby.kids.soothing,FB00126A131C0A19A41BC943DF7100F5B29BDCD107073674E291D6FF6D8E5A54,40132
com.ecare.menstrualdiary,EA3C31E3060BF99A8E06A062F7D6080DB7842571A465C3B958E8E057C3EB618C,3019
nnkhanh.dory2nk.sotaybenhly,16AAF165F3F8458BF2EDEB29D85E565874F8305B72BFB6B09ADCD7586729CEC3,19
com.ideomobile.maccabi,AF82876700FEC4C30CF88F5ECE08878FF0B89DE000E217DDC2FF1BC3A11E5F25,213
net.imaios.eanatomy,4AC8B583329034FE39C2F220EA8146823C2BC92A2795B28832E828A442A58414,62
org.kiwix.kiwixcustomwikimedar,6BCBF3B26827AC0E8F667C07ED88D8D9B9C14FEB8C90A907284CB8E3975E6EDE,6211680
com.aranoah.healthkart.plus,A3188460A31B03D565428D7B854E85A4F3B66AE90A4BBEC1CB20834BA93EDFD7,136
com.bruxlabsnore,CDB2E50A7AEA47BC2236CC5F8A556DD586920288E8779C06EFE5C0E3E54A44CD,184
com.signia.mycontrol,CEFCD6B012B1E2713DD90145D86D574130DE36CA8B513F534616C77098CB8589,204050851
com.tigertext,836FA6C30F6C79496FCF1FCE44D5EB67E02038F4BD68A939D7D1EBF4F01AB03A,1176
com.mdaware.mdcalc,E55AB87EF290AEBFD00E50F723562D0F88DE7AC65217930F51ABC9066CD4CB59,126
com.smsrobot.reminder,230B3DFBD19DCD168A761600D879B6AA7BD2C3C347B612EB3793CE4A29C22AF3,27
kurdsofts.net.khavas_mive,F2747D88F66AC78E1C74FEED9401750A4A24352D13F5E552A7580A88078B33A2,45
gov.nih.nlm.erg2012,1883CAEE08FE4C9D05874647FCBB93C3AC0357EDD20E4902DEAB3335165E94D9,9
br.com.beneficiario.odontoprev,18B2F3B234A9350BB4D3F11793B9C241B8FDEEB69968586F959875A7A556C358,387
com.growthaccel.pharmarack_retailer,959F6C3E9FE2C902C2E2B8D60E52FC03F9BB8D4B4E2B88954FFD1FCC5327170B,20073
com.suderman.diabeteslog,A804B60EB12D12DC9AECA422CE9A3801595EA78A267131C5ECA20083F61E6AB0,80
com.mobostudio.nightclock,991C90C41FA528AA8294307F7D364131E89238BE61BA37BA100B4DC55877DF48,16
it.laziocrea.rlgeoapp,507EF936B7537AF833A84D5649B5914F885AB2DC2066CEEFE3CFEC8C4EF3BD77,102
pl.gov.mc.protegosafe,41A79A2222056E482C2CC2FD8DE7CF7EDB56B133F9A51B47BD6128B5AC1181F6,93
com.healthcarestudios.bloodpressure.checker.diary.bp.history.tracker.info.chart.log.app.journal.track.hypertension.spo2,83C319A91C022C789BE5A5CB9751CFA5042F2C7CF667AFADDF962DA5DD726FE5,11
altibbi.symptom.checker,45DFB84E8D3977D87222D9855CF8E2EAB61505381CCDEC7DDAAAEE20258076A3,16
com.alexuvarov.bennettest,E88F464CC011C644C30A7DF26B8C3D509E02E273704A0039E0723EEE5ED34C58,36
com.hrfy.plus,70D87BE5CD5BB1A750ECB9290B8788141D0A221AFCE4F08E680633F558130529,21
com.kadersapp.medicine_guide_bangla,B6A5E551C9252C88E9AFB33C759003E9A17241202F977DA95103DB9C1A6BBFCC,12
com.Breast.Cancer.Awareness,8FB72FFAD8248B39BA2C8574C96D986BBBCBDA66C22DBC21CD2BB25AC63C8BC8,1026
com.mininurse.fyi,C53FB03D944BD7FD5E7D5A64E24B4A61A1253211DCF924E873C35B9EC444B8A4,105
com.nhiApp.v1,7AD3054A3F052E4E7FD35B16544A974C773FB8C09CE8CAD6D5D2374B1A9E28F2,89
com.anatomyapps3d.circulatory3d,A7C22FF20245F88B7E10F822BA160B2E7C82B2BE32B30EEDC72A3317593FD8C9,14
com.remind4u2.sounds.of.rain,30AECC4E712657C2B0E0F91EDA9C38F52B1F03CB4F5253ACBF57415DC7375337,1022
org.kiwix.kiwixcustomwikimed,9138E1974EC2F5A3A899B95B31563F66C11EECCF2B3DBD5942786BBA33390DD3,6211690
tr.com.cephastane.mergencephastane,1EA51984FC16D2B425FBA459CA03E8C0ED607D502F13C9BBA39D678B0B6927CD,68
com.quartertone.medcalc.obwheel,AF5D1E861615AABEDDCCD4C8C2010CF9D9E0CFD125AE2F19E093F09F06D5B731,70
com.srca.apps.sos,2352140979EEAE1C0A8FFAE37D441FE952F067DA57E92D2B08447B8FA075C83A,69
com.oticon.remotecontrol,7B1EFF3C74C38D5B4D7A55D9DE95D69582B3FA49C116A5A9C1103A365B7A7A0E,10087
com.healthmug,6EC5FF4EC03AEE780FC5C4539C6AD0B15F41F2AC9F6DA613DD63F6F2A3B5344C,3145745
com.education.humanphysiology,F15606C834E58C10D1E8C5BCA9CED050F3BAB68F7AD8B05F358404E319B1E692,18
com.innovationmobileapps.pulseoximeter,72519CF5EB218BC2226D8C2F5FCCE4AB093D761456CC272B29716D918BA9A777,30
com.mobisystems.msdict.embedded.wireless.elsevier.paa,715C7457753B7AF3C605DCD7D1BBCDB97D644C6663004117215BE609A1DED0B9,577
com.hrfy,41A936E36D570AA76F6C6E5723241A9EFFC07A8214A7008ADE04D4CDFFB70BF6,35
com.mdhelper.cardiojournal,6CE80527C17A0BC61F4BD8DFA01BD0B6BC41AC2B2E579853FF833F7DA187D36F,97
ru.fmsmu.spoapp,EADDCCA8EFD2B106C5B055E0FBD6DA085BCA30F8B81358E81969C8F62EEEDDCE,33
com.boxeelab.healthlete.bpwatch,6E3082581284F350C515CF174FD566DE978CAB8208954216425C9EBE772C4A1E,84
com.ccc.farmavalue,23D5562F26BFA4F2582CAA59816CD4106D5302B21C2904F45FB3F9CAD903FCAB,25401
com.philips.sleepmapper.root,F7C4FE3D360D4553BA0AD3931CE5B646F541C60B39450BC309AE8C2BBA9492B1,122
doh.health.shield,ADE8F3E8A93FBC49CF612511B624E99768F442F1BBEC24F1B60D5857BBCE66AB,3000201
com.docon.patientapp,9A1E478D4888A5045BCE5EFA54255A3DC3C51E731B7D406E838CC7A750241197,22
de.deltacity.android.blutspende,8ADCBC70BBC1BF9CE8676BB81A3834C11AE7ABA2D8AD8DBE828DB7F13BF2D856,16
bloodpressure.bpdiary,6C4F1992249F8F35082BDF7B003087E5F5F5BFCF3BF353EB7370C3E7472E7CDA,5
com.happytree.apps.contractiontimer,EAAFCF8CEFE08F0D87F39E73A2B4B9BE0E142082CEED7C4B69D5372F89B1EA60,12
com.nhifac.nhif,4620F14081E83CD5F34801BEE2CDB957D7D679CC23FC30638F11C37FD05BF31A,30709
kz.nitec.bizbirgemiz,29CD8272778A2B929D96990D887F93AE3CD6D159C5D44533ED7595B452669814,15
com.hearing.healthcare.siemens.touchcontrol,381B297AE331371B0F9CABEE4FC1338330187E20CEDEC6BADA3F726DAA4B274D,260020208
com.codersbucket.surokkha_app,2B87DE445A3051AB8304BADF2CF5812C908E497FE4F1DA929995EEE688F5A3FE,2010
com.medicalgroupsoft.medical.refdiseases.eng.free,A8046E893237E8E86DF56EF90442ECEAE0DA55286844AA1CEF121AD6FDCB545A,16002273
com.amila.kickcounter,74B46EA201966BF60768174049E9F34311D1406D4CD2973D2A5EBBDE83B05834,8
nl.vgz.mindfulness,459F92C8D84CEAFE82B8BD258268B4B5B2C0CA8342D65DE570D7208745404D56,48
id.codigo.klikdokter,E576E0A12C52C9E562D113E7BCE935B06C9F7A2FE331E5F915CE058733DE4E22,159
com.insyncapp.guidehomeo,E06A56EF84FD7B6AADCF1AD8F0D4B04217914CAFF49E50EB8E00459D2EADDFF9,41
com.atomengineapps.teachmeanatomy,4D6CD6A138AB6F7BA6C2A2B6CDA0D856934AFC4145D05CE962AE6820670DFD95,86
com.farlex.dictionary.medical,2D42DC8906A276A587BF884DDCEB024FA94AAF46F0181C76420E70C7408607F1,400046
com.atomic.apps.medical.disease.condition.dictionary,D8E869ECDBB7D5473DED3747F932A559FC39EE7CD7FFFAD67071837C8F114D9D,200001
org.kaahe.kaaheApp,772075043C471B30EF914295B353D72CA2E5C947473872AFE5AE3E80981ADE44,289140005
hk.gov.ehealth.ehr,2F41496DE4F837488DA3C4AE2CDE01535CE4DD6FA694A2F989A84FCBDB1FB3BE,379
com.zlamanit.blood.pressure,5336DEA8D030FDF9E6DCDAB820A04102CEB5CE150C3947B535A513314C343F88,38
com.interactivespecializedsoftware.bloodsugardiary,2FF576E73252662D13736267F19139ACBB4541C74F8A3F981DE3AA66EE741AF5,3
co.medgic.medgic,A9F4ED70141B0A7881505915134618B9A1B4B22D40F8A253DC17026766678784,17
ar.com.osde.ads,3FC1A898C618F39018C852B59C8DE65CB393CA5C7E297031A99113FCEF84BE79,341
com.mobisystems.msdict.embedded.wireless.oxford.concisemedical,5BD1F5246E7A919253F891C8327EC89C53086533998144517475043139513221,544
com.patientz.activity,77EB0607F21E9A092321D3EAD042EC249E07BB99C45780D987530A568A4E02F2,333
com.BloodpressureHistoryDiary.healthRecordsAnalyze,328E2414AA06EB222262B46BB46BAB506FDCDE8491D8D0FDB608CA98BEF840EA,2
com.atomic.apps.medical.drug.dictionary,329EE0EB05A683FB63CF96DAD709DDF496D15DA0411CEC3370440237D8D2FA63,200000
com.appslovers.modulomasagrovet,3321D81D77DAC8FD477D7E5026A42D31CC2CEE45D949F0DBC2D79C475CC58E9D,9
com.max.HumanBodyFacts,97B2F99B2829A08306DC47EAE907BDCCEFC06551BF69CB7AFAD100401352421D,18
com.clearcare.clearcareconnect,F9DACB437118D4201AE8E5BE636E0B94274850FAA59B3AEE7083EA54623E7F10,105
saude.prefeitura.sp.gov.br.autoagendamento,B6B3083159440480286C1C2FB01A2D15B3A3CBED258DEA3E30081C74FAAB6A13,49
com.bluefish.bloodpressure,B78EE01293C6462F52A5DBFE5BD6B59320085829F5403B8DB455DCE7B54A945E,17
com.cbgsolutions.mfprotrial,A1783FF1D47C8B813A5C6CA29AA059E13B953E6BE9B5703E4ED96F42A509AB12,309
com.recoveryrecord.fastfodmap,B2F3A04FBF4BB2A7E7A01165C2AF8F3D23F9EA2A3FDE3E4B9B751072FFA0CC63,91728844
com.resmed.myair,3A222353ADA467ACD9CA931F96AC4972301B739CEF0DEB9458D66701E5092262,49
cat.gencat.mobi.StopCovid19Cat,F34189D875A64892CFE2142D8B3A0D532FD2EA6B4D7742C7E3A6D1D47B2F078A,21030115
com.shire.biolife,F98DB5E1083C57D004DF57B4D0DB1524AAAE124FB4EA4832EA237F42729E6BB9,10500
com.labcorp.patientportal,69430B46F24ADE14C676070777CA6939A7B265FB8DBAE9F5BF7A6BFA45422459,23002
com.artox.inf.a103,6A0608B369DBAD1A49681A2009215AC7CD88871094D1B6F51122132F1F6B4229,62
net.fhpl,3FB506F561C7A3FBC1713B0FF89EF6B2AFDD42CE9167ED3151635765D10E9DAE,60009
ovulationcalculator.com.ovulationcalculator,78899B46B458B71006E5D348A9365C425C798DA9AEDB02712BC74B3BD63BA902,42
com.loblaw.shoppersdrugmart,4135FB0327B4E01A37483AC60BE62C61505DEA438B1ED7CEE8D7AC4F742F2206,652
com.diogines.pregnancy,417DC9C2C5A37E6003B26C5511C20F7160389DFB328B101A76B7FFA4DC74E220,11
ismartsolution.ayurvedic.gharelu.nuskhe,A963F539607D2EA2D3C8AA000048D4139D0FC031E1EEE9F952A064DEB42C0A2E,4
ru.ymka.medic,B5E3AD6C14416C66F0EA13286FA9A0CACF677714911F3E65957CCA152E15F9A2,18
com.telkom.tracencare,6685E2E0947A5175FB1A1CFC4CC676126F56AB318C088F50AFBDADAD7EF634E3,102
com.myquest,6A1630AFCB83667792C3092813A2D41B8E5FA5E14ADC18398509DBE9C5BDEA5A,100029
com.max.Anatomy,49646044803E0CE124F530DA417E0C330F9D93E3D6F29F03F30199DF7BD422CC,6
com.mobisystems.msdict.embedded.wireless.elsevier.dorlandsmedical,4B5591F1D4F9ADB5A7B2A4AFC1B779DF9F5FED8168C43F399DE99AD61871833F,559
com.cekBPJSKetenagakerjaanOnline.cekJHTonlinesip,4BEF365E2CA3E30AEBD8740761DD773CCC4B4A740549FDC7B2D2B2D1F60D19DB,1
com.manutech.mm,4D500E5522DABCEE0E54DD31B16303284C38BF03CD4B46A04544BF878823F374,41
birth.control.pill.reminder.tadpole,5C94C68EF0827173487B09F558B817EC92195FD998450DB8B7C1E441F087A5E8,4
com.zodinplex.thunder.sounds.relax.and.sleep,DD8149AC3DB492BD3E3BAC9D96FE5E7D4BB2A0C94F4149D1A007D935A60E21AC,40082
com.Eha.covid_19,556948DDCFED6F8CF1D057D9F9634EC5F5998D1C85DEC3BAAAB1FD385B16D017,2
com.gnresound.tinnitus,E3DCCE5A5A4D949632BAD6DB90966BB6F950F580C5537914D185411F31E3727A,274
com.ubieva.caas.userapp.droid,59F090E0101084AF74E42DD2F21BBCEA8A716BC0F3681F71785E0A260EEE9E60,1035
gov.pa.covidtracker,AA0A7BC2EF521E5E30A6B36B29DDA59033488406204AB43B944138A1AE6A3940,46
com.andromo.dev658544.app1004151,B5F10A41EF80A39D24288BAAA5372D14663D1C36E60C47AC3A8B526948B314F6,1028
br.com.duosystem.remedioagora,F2EFF70886130396B91DEBC12EC6FC96A53615F59646B4DBA8BDA5754D91087C,41
com.babylon.telushealth,DCF3B91A95977D32E161D566BA89FACBDD4F4E771AF5060534F4038429E280FC,47806000
com.colombitrade.health.simplified,72BEEB8252D79B13E65B6BBD7A47200AEA7E30E896A6C306606EABA3F6DBE0F0,22
ru.uteka.app,FC54DCC143678E151C3269E9F6001C9DC39B7ED289BA9F5540593F7DFF89EA5C,62
com.makemedroid.keyecaa844b,7667E24E2C34453CD0E1D55CEDB9D063F3A3458197ED85FD57BF250E24F4D1F3,23
andrei.brusentcov.eye_exercises.free,C6E57B3363FF829F9ED9DCCC397948EA0A23C37961F113BE8EE59B1C278098A0,5
com.hssn.anaquizlite,7F0B627B627ED6BB99EC9172468262F854425BE37B44FCA47D44C84060C78F10,21
com.hssn.anatomyfree,A5393D082BBC16BE1A8E272D1B21F2D7CB47FA26F3047E6D66022FA89E7C7E06,60
bajajfinserv.in.hrx.app,DEC1454507BD72ECA1227AD6E66D6E9F7C5E24D9206E58F5A3053ACCA0B896C0,4194365
com.aconcagua.yapp,8EA1102D43E9920C970DC8EF4B16FDB5CE514FB370215C5D06C6E791B69F23E4,3590
com.tetaman.home,901B99056715CD685B0E9484DACDD607348DD516A592BF2C53365BC7EECB21A5,12
hu.gov.eeszt.mgw.app.allampolgari,98C8E6DB543D59E098835E73C14FF5884AAB738AD0D8EB73E7F4FEBC82F79C21,24
com.ceksaldobpjsketenagakerjaan.online,9B3D02DDEF0EA3C826F08B1C011DFD87750650227BECD4699FAE6AA90D55A9DA,30
ca.medavie.mobile,9B617AB47079A844504F01962D593D3E7CFC35949A417F69B53CA207718FC542,71
com.interactivespecializedsoftware.bloodpressurediary,9C730E7AF7B59D739A658C7F3B130EB589B82ED4837D165BC5157E7F514EDAE8,6
com.dumsco.stressscan,A0084CADB75DD022FABE35707A1E91B67A77FA26601448640124A9CDB461E14D,5114
com.free.body.temperature.tracker.fever.thermometer.test.checker.log.scan.diary.info.history.convert.celsius.fahrenheit,B1ED381239C3EFA139FFB61B1CDA004D2F0F2486AE8BB9098857C0E8207EAE6F,3
com.iSOFORM.DentalLite,A327F61A13280C51E497CFB40C4542DBEA83F2C34C93CCF722F9D4FDCE5EF90B,2
jo.gov.moh.aman,B95F8F309DABC3D1E1A998DBCA625B8E4118A9F45D7EBD7C8755690F52EEE3DE,107
com.fingerblo.odpressure,B6B0D7C2B08267999906A451ED1FB501E5C578240AE5C16C46B4FB15782A13B0,2
ir.ttac.IRFDA,F024EB29ABC3A61C3012FAC31B4A822BE68B1A34784A7D68FEC5740340507BBC,60021
com.veos.pharm,C5F08222D6D51118F0F35C87B222E42B5C3A758190CF3AACB97D93751B10A1E8,9
com.mtlab.utilities.duedatecalc,D08ABD804DA048F9755122E944B525579D838CD4A51BECCC394AF0177AF1A68C,4
com.lexa.medicine,E0D39CCDE8ED52E9F310726A303569D1EE97A3BD2FB996257C8D121573D374B0,150
com.medlife.customer,E9B45E0935DB0C8C08E0D9F2AED6BFFDC17BD06794982E27EB0B0047154D95F0,34
medical.offline.Dictionary,FB9E61AA832774FEB84864A4A7194D4BFE649EFD65E9C085E4EE728A45CE7CE1,1
