package,sha256,vercodecom.desoline.android.pdfreader,E44443CD6F1E0A821F6CF9E31A2B096F43D814D112CD22B465AAB84BECEF84AC,404
com.xfinity.digitalhome,5CF74C891A2A37B79B355084269A0EFD3B28227728D9FA92479930ABCB67D420,34300017
com.lastpass.lpandroid,6144C90D8B9096B194061FA102D9E302501E9698AE8EA820B4A070C4E4A9E404,501007023
com.chrome.beta,30F85B3D9948C2A093DE0C79000F139DB8567D8B8D1D7F6BEE186EE39EA4F3BD,463804023
com.lrhsoft.shiftercalendar,85DA125E37EDF474BA65AD3BFEEE0B024EF0BEE689135ADA511DF85A3D7BF661,221
com.ttxapps.dropsync,4BFC9C749012498BC95549E05D6A52384569BCF3EB3D37F2BE359C3C8D3A73EA,21092710
com.stayfocused,503614A271DAB1F3DA2B54BFF11C00242558E2C573B1396032DF75DD3C7030F5,380
pl.solidexplorer2,3FCDC70A03DCB3D5A1B1D3FF9739ED9272DB22380C7DB844DADEC7DE12357892,200235
kaagaz.scanner.docs.pdf,EDCFB698B431634E70AB8D369C89A4F459BA42A303727E2504BFBF90F1D094C2,60
com.cozi.androidfree,42F91C588255BB720DE307F650BD7BAFE105D96FCD63A2C026A650DB31B67555,6158
com.zinghr.app,CBE4E4C735648CDFBCB27B7FD07DCCE2DA254BA60224C064646B5D7D695B3D1C,890
imoblife.toolbox.full,1AFCA70CDB60B82FD0CB91B23E945BC90329C69FA335F869A7088566CEADF091,150304
com.wetransfer.app.live,A6F1081810BC4CF68A48EEF457FC7FEA02BA40DB7AFC50D8D84B018008830480,22571
com.microsoft.office.outlook,A376193FFFB854B54EEF056763AF539FE178546A0D669D686066FCEA2277141C,42138814
com.dashlane,C0256B86E85254583C94754C9A20FC0EF47397453214D378F143656D1800D45A,62139001
cleanmaster.phone.memory.booster.cleaner,82EA8B1D014074AB2B3486FD4D278E56BC8E56E955A7D74A80E99904ED48033C,253
com.google.android.apps.docs.editors.sheets,85135541FD389DB9EAA92DFB37FD854437C200E959054E3C6C32805317885164,213820340
com.rhmsoft.edit,B7678EE2E4C13982492C8F267E12A3B77F1CBABA65BF9797B6BEFF43A4BC11CE,175
com.digilocker.android,06C3FD21116723F44ED7AD80F94AFEB98B974C19A6380196F7BBEDF1E01CC6E0,703
com.reneph.passwordsafe,6C0BA3F2EF4398118EB2F6BC2739899C45995744AF385B2CF4BF439AD8485A01,609105
com.gmail.jmartindev.timetune,E09B58ADD1765B7BA7225296AD940FF6BF80DBC8B6C8B8A3910992DD561D3977,398
com.fractal360.go.launcherex.theme.gfl,6D9A0F26F797A19B31E4012BDEA40D6EC936C30022DD92054E9E51FA282E838D,53
hindicalender.panchang.horoscope.calendar,7EA1BF2CDBB547065509C8BA0C1337DBEEFD69124D30D9E2C150E8E444F1ED41,34
sg.ndi.sp,E8641E80326354407FDFAF5B82C3066BAA46A5BD72CDD690839075529251B9E0,105
com.smsrobot.callrecorder,CC7BA2FDDCF03CE245F23541625F983EDABF792E310FED9EEA79A93F59F23E24,91
com.appswing.qr.barcodescanner.barcodereader,CF718C1168C993E87E752F18A5F3EC5968103E4B4388D5EADC1ED250E0DA0D00,37
com.jabra.moments,7E7B10214A39E22EB98467E2529DCBB0D14CF7D946733E62FAC9F386B58C1B5E,5010002
com.shell.sitibv.motorist,63EAE66ABF1F0237D1DD7729EBDAD8268614D93F872F9DA3850740DBF6DBB6D7,70060
com.etisalat,BAC445F18B3E87E5CB48CEDB87C9A4CB05D8B92416C85002EA57D67336A4ABAA,468
com.trackinglabs.parceltracker,38A726A366F766F2B964FAC4E371BE6B13C5810702C005CA13FF2E63328D1BE4,54
com.wix.android,B9DA3A79DB4C40D74498FB3C506DD9C0798367781E4693CA96D219AE1F4347D2,62751
com.xodo.pdf.reader,1F166ADAB610E525CE22CA32CE643066DF0DFB3EF5C3EA222340635BCFA3A26E,207011000
com.prezi.android,4622A9A751C5FFAB1FA31D167A97B02CA53DAA74E0ED9CC1B48F2C40E2438F1B,13517
br.gov.dataprev.meuinss,3B82660C3A92D092BB2825F0F712F84FCA8D15B77129EB7E81648123D2A08971,4150601
com.yocto.wenote,B3414D483ABE9E1D345D740E1B35504A7E830DEB2A19B3AA179AEE771C447173,377
com.docxreader.docx.reader,6CC57D0955FF0FEFAF1C0769D0D4F9000A38508FF66AE17A87FE57241DD8E54B,37
com.lookandfeel.qrcodescanner,BB041425F9BB42CA6B9D9F96FD5DEB8C9F723245234E5BAC7C7459E42EE9F5D8,49
com.easilydo.mail,2E73498B7CB0D419790756F87436656B0D298B7213B3563A770A8A4A337CE225,334
com.google.android.apps.docs.editors.docs,7C680FDD3AD67402A521B0A36BE1D6B9D8C66EB31EC73C22D98DAC075903F4FA,213820240
todolist.scheduleplanner.dailyplanner.todo.reminders,B8D0E11582C93E632A82126C69E2FD83D41A42D6C9A12CE7F0F50865B0C6CDB6,1000089
com.adobe.fas,5085C9A792C70B617A4B5558F7D6210D7A7263602302D4FA61504613E91815D9,18002833
com.digibites.calendar,A8539A1BB56F2EB8411C4CE28AA7808D533E74D02B2D36A388DB317E9274D93B,190
com.lostpixels.fieldservice,0A4E4DF665ACAB975F11232D12E93537B172A8ADF870933029A6E27BEE84C462,383
com.google.android.calendar,486B3E88F48698BD44C822E28DB5C2C206FC9D05C4B0E836A986A901C554D47A,2017034908
com.infraware.office.link,4255A610AAA4BE7F6D61EC829101160062DB0B8AFB8A791EA1F419D32BC184FA,188
com.agus.brasil.calendario,C48606C31958132DF8A27442F6666D9BC10E0297D7975BC25B2D24001E3053D4,33
com.cloud.earning,039C9CDA840EB9EBFE237CDB9EF59B7C29D1558327CC38D355AD0585370773F2,162
com.lucky.notewidget,E5A7AD6C7649FBAB2760BF7E38C9ABF85A3AA6D048CEBFA282C095F9BE07397D,123
com.evernote,3ADEA3B77DCE410DAF10C40299055CC066B68FBD13BD29699599A710062AE6A7,1083335
com.degoo.android,EA78B93BF538F030C403C0F1139D3CCD7C37B96AF338C07F6157368164C53FC5,1009
notion.id,5E7428DFB68D77FC268523D948CB03F2192F06C9B6833AE31F5BDF340EDE1581,6200
net.doo.snap,511640737D5CB098FB8FFE3978A2CAA62AC18866FA7983274D04F7728D27BF41,315
com.smallpdf.app.android,FD8D989551348CE62FAE93FDBDDAF4C16CD0DBCC3C706688E4C0783F98499AD6,1201
com.splendapps.splendo,3C864841CB3077ECC9D8877096CA0B74BF115F2F788EC72003117181D67EE6E2,161
com.rcreations.ipcamviewerBasic,DA9491126B3F8F6A770FBA96BE2AB8E9C3C58406CFB90D6EF6AF6CC11FCE7807,7380
com.martianmode.applock,917D3E8A7A4BEC1557230DB075EA7A430CC997E3DAEDB37D5365F1E6C03C13D4,5309
com.touchtype.swiftkey.beta,4E6BF8DBFFE0384CA221FE4D3D3D61DB22CBBE6D128D36094FA4CBC1C3C149B1,956891168
com.tricolorcat.calculator,BA509C9539DAD86ACB292832028CDD80B66EE41A27E14E418A011CA931D1170E,40
org.whiteglow.keepmynotes,74F502B4F735C50C078D81FD70C263521C2B087881BBCC85338045AF704F7760,297
com.instabridge.android,8942CA869A4B5058E5757188A75C88CDFB80B034EC6FF669E47EA28C7D982523,15363
com.pushbullet.android,34203441903C9B9913242699A3D9676932118E77369DB35BB7D5924008D5C4B7,380
com.google.android.apps.tasks,03786A77C319C9B3B9A9CB4EAA74255A897E41AA95DE6D84F18A78EBDE095040,1283233
bazinga.historyclean,2B1B2941F8317309F62FD6B3D95A5CD9FC5FC050DCD937DB79DE6B778989B8EE,82
com.microsoft.appmanager,DBC9627DE72EFA126E6B7D49F1B840B5D89B76BC4924FFC0B513A055B555FD2E,2820150
com.oristats.habitbull,F0EF80A00FDF99D20A8674C988C8D59A75FD494DA72F13B7D92BE6B04633FFBF,133
com.chrome.canary,744B5ED00DF368983FB6BE6A2A87148B2631484D8E841B479201FF7374A5328E,466500223
opofficial.pdfmaker,F7FDEFF03FF1342BDD9103A64DF7F5E6AD071E3C25650611CB96A7F2B6009AED,868
yqtrack.app,CBBB208743E5716B433B25E9027EE9E622FEE227F00BC34774398284FD91F40E,8081
com.weebly.android,8F78B8E1F4B3E573DB2ED23F6612F616A7714868A390ADBF16455BE8DBC448CE,21022415
com.skuld.calendario,34E7F655403741A6E15AE9770E5DFA297FC289AF7FDAB80B00C62E0E8CFBB13C,69001
mobi.infolife.taskmanager,75170B28022216266102CC5F7836A724072E31D8D58F51F4F0B80C7E4107E3EA,238
at.nk.tools.iTranslate,FB1FD96851649A29BBB96CB0F3ADD39C7A80A77D0998289820596AF5E4AF4B9B,605
com.flashalerts3.oncallsmsforall,44FE52303185EA641B74C3046C0BA58D10A0320A36F39B70C378DE4D8FD2A2B2,124
ru.mail.cloud,69096D51D0657F90DAD20E2E00124648B60B5FCA931F37A323ABDBE5EEBBA446,9999994
com.netgear.netgearup,18C92895A67EC6D473FD6AC22246E5D8B755225758363233A124F3C7FA5BFA5B,1770
com.todoist,AA1B5000E899BD1E1688FE3B91A549B018C302D3D043C7AEC28FF9F312D3483B,8618
com.mobile_infographics_tools.mydrive,5591C2D2BE7CEF60F2C84658C3E3119D360B0E15A2CA0B3BB09D983137D4C677,4109
com.bitel.selfcare,D61C2E632A2242AE346B438CEC61BD43CEFB81297B2BDB1FDFB834266D181A37,201
com.dentwireless.dentapp,B8FB7FF6B683C5EA3B9EF0A68255EF9D01ED4E72503E6548D44313C4DBD8D0AF,2668
com.intsig.camscanner,B7FF2046A2D4A1C50DEE6E3B0E5AF70A8198DF0B23E07E12D2C8A429DB9BEB18,61501
com.adobe.reader,F995D0ED8C27001D8FB7141E75C8D86CB034670595C469B4EA2F40DEDF89B86D,1921919548
com.genie9.gcloudbackup,5623D43D929E2A3C599419E3F347FF2AE8386F632EEAE40DF5B3DDC6A2060DBA,725
com.byagowi.persiancalendar,01144F9694011195B047AF62B744E2483369A137C2AA4A381039EC5957D620E9,700
cn.wps.moffice_eng,F4DB113768D532A1937A4A8B7024299A3D2DB704355939F595F63DEAD636F904,456
com.byteexperts.texteditor,B32CB7E13F0984BC0A5C7DF68B1918B5BE9708BB645EF5A1EFAADB035F902E3D,76
com.officedocument.word.docx.document.viewer,3A6BEA0135255AB3863B88ABC7E94C3A7051591C66C9C41FA6200046F80F81FF,300026
com.amdroidalarmclock.amdroid,EC6071F54649EE9554AECDF7B8389C050A978FA2F2D422BCC89EB9409E03E540,266
com.andropenoffice,8216FF768EDFCAF66EA1267F5D4D4817C2DBB75D1CDD8F2D3C6CE26D1871828E,42484
it.ideasolutions.amerigo,1EAE3A9F3A23C46E44453D59810AD53DA9C766DDDD061DD4BF5EAC1D34C5CED8,119
org.ebookdroid,540BA7B3144DC81CFB9C38E324252B3C4F6E30C63FC16076BCF3B06633847C14,274102
com.simpler.backup,97C13D2729D0A0A22F4918D7A81AD3DBFCF8C9A03B4237F10496C419C28F9C5C,303
com.anydo,BEC343AF9F5366658F418F72ADDD11AC132233B5E0BAE0C0FEF8DB9645FA29BD,17741
com.ifttt.ifttt,3464DF6370FE232BF01A9086E109FAD84656855AA317474DB8AF73B50773CEAF,2850
tr.com.turkcell.akillidepo,6B5453B1D318E1D553502A3D8430A1EC0C78D57033C934263C27806ED9535859,444
com.Etisalat.ETIDA,479D1A1F9F340E59629D2A26EF028CF6E524C091A66DC62576042330D39B98F6,278
com.pakdata.easyurdu,C3D016AFD3816AF213E177E50494539410B0E8E8759815D13CBDA9BA07F29AC8,3618
com.go.smasher.junk,1EC9A9BB9B95AEEAD67DCDC60929ED012356C223DB5DA0C5551DAE1D1AAC699A,387
com.grammarly.android.keyboard,EC0F45AD0673C168547E38A5CCB9CE894C7AAF81E01B1C84CE44D5124F7DE33E,10902003
cn.wps.moffice_i18n,BCAD9981011B86D555016D78351DFD21086861DCA64E22EA2F915CC4E719A262,456
com.supervpn.vpn.free.proxy,4DA54A2E75DBDD1912363E9F476D6B5082FD8F80D66A97ECF398E1ED5AB3AF51,210
com.advancedprocessmanager,136FB05BEBCC7B35EB865EEF165F06D64EF9C283B71C704AB50B2ED9E6F044B7,187
com.statussaver.statusdownloader.videodownload.statussaverapp,F825A11660802ED1EE464975E94E7FB56FEC91D23295BC80415F379CC3B044B7,25
com.ticktick.task,4466D1A6439F18EA3E8FE3F43DF3A4DD88EF557C03B3605B156CA75A38B519FC,6122
com.cenker.yardimci.app,329B272CB08932F8620AB96EA41A8DCF82773A66F45484A18B6003AADDBD6128,995
com.att.shm,F3BBB71DB300A169FCF2B54EE2A21CE737C4309B2D94A125EA9EA63E09A61087,230
com.psafe.cleaner,F85478B39C2BAA8D095F09422A80987153C9AC2A0C74E07A9F4C4F7179C65CE4,21904
pro.capture.screenshot,5AD46652706D95FE93614A9E43E629622B2A65C69E31E39879C79D5046F0B02F,400098
com.felixmyanmar.mmyearx,AE753E36146CF166809F23ABC6624C015AA5129D28638271F9EFBCF8642A017F,1408
tech.hexa,FD138806001F74CAB5BE0C1F698C3CE6C37F51176DAB9670A95741A5B9735F86,40600
com.steppschuh.remotecontrolcollection,9FE1A8C997951981EBBE35B4597607499F2B7753738A0E15B4C90044450D3A35,85
com.wallwisher.Padlet,58DC900C15BAB3C6CB4BD548FCE52D8AC29E9DE74B7010F5D5FCC115F89E467A,767
com.zoho.notebook,0F357A8DCE4AF743758C6432BB45CF683163381A63C8FDC5226A7AC83EB6BD45,91771
works.jubilee.timetree,A3D5CAE43C4D1DC8AEF4FDFBDAAC22DBF2E2C07D3EE3BA3C70BE38AB72566A58,352
com.sensopia.magicplan,F94921733A0C0E868DCDA771E3AC6AA1BB86B6F3D31C6C1EF7A3BEC0085F688E,21090039
com.foxit.mobile.pdf.lite,13852D4C2A9B2E46161E17410AF3C99CE3CD88EBE1782E6F74DF1E9D742F4811,234
com.appgenix.bizcal,05A39336E75C780ADB7DC18AD69F683DEB420B34A900C46D819F629B20569847,243200
com.ape.camera.docscan,2E78BF43CD03282099E3D779842A17A72B8284F4A3DCD415CAEB5F01ADA90848,77
com.att.mobiletransfer,0D4A6AD93A125B2D3E9D722CA5239221B826D16FF6732CBB5FB033467732133D,2012312462
all.in.one.calculator,23F8FC0F3B61B280AAD509DD627E065F14C2F9400F06C24DD5F186E747AB7646,219
com.emeint.android.myservices,2D784FC9E0BA21553D2E6B74B00CF8AB8A5FB62235F3EA31E32DD2839367E707,474
com.syntellia.fleksy.keyboard,6464158DCD5DB821DB253CAD419A5D59A478F7051AEC519A017ED6BDC5973D59,3376
com.fooview.android.fooview,E67F8D90957F6E122B50CF1E21F82C29410589EDDB73D09FE6E344FBAE7285A3,137
com.teamviewer.teamviewer.market.mobile,689FED2DE103162ECE42DDA7E548B2170ED7D96E3773BCCAC50FD33984990926,1522132
com.rhythm.hexise.inst,4C5FF0509D3BEC7A75B3731C16C1E53730160476C7B536B4EEBEE49B9D672E60,43
com.ooredoo.selfcare,0729940458F49CF4DE5712480D552A888B916B1B77DE767EED7617CE88D710F5,71
com.kitkats.qrscanner,8FB0F00D8B5E9F0FC34481430F621405221B49C0C74FCEE574FC82B11B5EED35,290
com.tenqube.notisave,67E57C86C5EDC5315618ACE0BD116865189B409A591058BD9D08EA445FC7DE8B,225
mobi.freeapps.flashlight.free,37781D166B529009ACF3842E08174207874F5AF3CFD3DD91ACEF637EAAE13D43,24
com.entel.movil,588F4421DA73669EA228968D9F53CA23B9D891C3E5E3AA0B668CDF26B5308B32,329
easynotes.notes.notepad.notebook.privatenotes.note,FF069EFE73D9B0E3222B58A71C97C05FF471F74D76B902FFBD1AFFDB133032F6,10136
com.ToDoReminder.gen,FE98E38E48C8DAB442B2BD7CF9F12458298667841B844343FE517CE4EC8E4E69,229
com.mindefy.phoneaddiction.mobilepe,DBD787D48034BACB4F5BAAA11080C33402FB381BA4C6F8381B649F813B0DDD20,207
com.microsoft.office.officelens,7C82DBD995D599D285FD362CF20D401E152A8480290F7A405DB60AD9EC641DF5,2002684823
com.rsupport.mobizen.cn,E1AFE816A0ECD8173644284EE7CE52F4A469F0B1B0E89901D29B88269F0B0D61,170300054
com.cyou.privacysecurity,0211E4C9572262DBF7B6CF37A2B24B37D6820A954AEDD7C7D304E225400ADA99,20390000
com.superelement.pomodoro,796042710770351F417B308621CFA773C8552528D9163E56C0414DE2747EA100,73
com.callpod.android_apps.keeper,E264D9B6BF0E29914173D6A8BC0487547FDDE314F2CFB53A5FE0FCD7EA684647,611
mega.privacy.android.app,C99F2FC09CD5447A42249FC9F38787A1227DB2E5F82E77C8452773380470BCE4,407
com.nhn.android.calendar,B882C467BD3354085088472C92533F7B0539FB6E913A570B23E3D76FF40448DC,4021300
cc.forestapp,6B4C41A680B457128B75DEBB4A6A59FEB7F3706862596AC14A2788B73962CFC3,44700000
com.voyagerx.scanner,29C9639318D59BD8A09286D83ED232757B68A368492EB5A0276A58AA446BC647,946
com.google.android.apps.docs.editors.slides,DD105036CF76276D3A021D2571D1A7AED6BB1D8C45E2DD45723FABB7F62E98DF,213820240
com.smsrobot.callu,3582A1ECA9388710D0E0ACA1528FD0CF307099C50A5DB379A26C09B497D92B87,111
om.ooredoo,618DD5A71492728EFE91CF585399E2DDA8D6D4BD827D8DD6DBB739EDF6A60524,2008060649
net.omobio.airtelsc,590314D0570046BA828EDBB60C17A646C196EF010DE905F06BE204AF41ED261C,5000007
com.alphainventor.filemanager,B106CAC6EE3C2B9431F5AA30087DAB5287282F88EC207CDAE263ACD27D6C2F9D,2100271
com.tasks.android,254DC12FB20C42CDA24491CAE46802780568F4D9C386FC9B8A8EA5656E808A20,122
it.appideas.totaldownloader,8DB8F912B320A5091909BD210A43DF49E4E07D2B1CA6873CF209BCB7389249C2,119
kl.ime.oh,4FA22AB52A5C8DDDE0A61CC935778AA73DF4CC2914AB263362FA7402D346658F,222
org.wordpress.android,52DBC2A9FE8C4E1DBB4DE4C05137C14F9D4018C3DCECE0E4B1CF98A1E3CC27BC,1118
com.ticktalk.pdfconverter,77F413116B276C7E84EAECFCE0A8CB5B7C72ED06CE4E74A676162F00982CDC49,214
cz.mobilesoft.appblock,6F48BD47B7E79ED4D31B93DA33DD782D1262ECE611B3C0E67F5F8938CD914C2E,224
ro.vodafone.mcare.android,F674BCAE00E8D36B783B5278C94B17A39BD8C3E4549DC3011591A905C1EFC696,66100
com.ultra.applock,D1502624260AC9D7AE3B133971BE0BB04508FFE6926B87F391CE4E611616F6C4,72
com.google.android.keep,25BFBCD68D88EF40EE48D5E2510921BA5AE254A4F39E02F628803B885E078A2B,213810340
com.privacystar.android.metro,AAD267605F366CA86B6C4F84122B84FAE36A60988B5E479158E411429F97D46F,3188
com.claro.pe.miclaro,F214AA43B7909C5872CF57E33BAD2C84CC119B0C7D6519E55183F803D6BF1925,2909
com.yoti.mobile.android.live,91C3EA621CF140DD2A98206E450F6CDCDD8256354BAC0DA313B154EF6009B045,3860
com.rememberthemilk.MobileRTM,EE98029213D614538AA8176B0356A8376131A703C91BC6EC6E9E5F14E0AC0767,40512
com.hp.printercontrol,74208051D327552BBD0A99A3E32B7367319068AEBB6E0B73927AD29C8FF377CB,2958
com.adaffix.publisher.tr.android,EE26CD137844F15D5F4D02BE37A7B77A95D3E584438569858654213F25AC5370,5586
com.callerid.block,0E158D9667D681DDDFF7543E043E7AAC2871DBDF34012A04044BC8AE7D655EA8,169
br.com.msapp.curriculum.vitae.free,F57250D2AF7CEFFFA1542572B4075F148AA74E6BD26A80F5C822B60296368397,86
lincyu.shifttable,DFBC56B052D3219EBF665B39879E869AB5A65DF45C90B4F6C8A834BA70663997,285
com.hamropatro,1D6BDC91694DF76AEA99BA7BCFBEA664CF6C5C75C356615CB31B1D23126F22E4,905
com.microsoft.skydrive,7B1B7680E94D5DDFE95507106609B48EEF9F0E097A67A86A87FD60B979E5B34D,2026400302
ar.com.basejuegos.simplealarm,2CA491927C2A5B7B291FA16933D152D398AEA767C26B412AF1BB28B49581A7B0,825
prox.lab.calclock,15024CD7B6BFAD8C0AD0233980786AAA3312BD92A4722508ADA29843CE0CE732,175
jp.co.johospace.jorte,6E31FBE47E1B8950CB720006B74901EBF2F62DDD00D2332420E67B4E776CC81B,101864
com.eco.note,BB6FD81AB5C0AD10F4EDF28D4E9D057CED3E9E78ECA0C15C7667D65DBCD542BB,214
com.nll.acr,A0BB88383DA4E7FA48A352347CDA95B7DAE864E9DD39AD13758AC6EE64DCE435,350
com.rim.mobilefusion.client,3F5029476F4C4E6333333CD7EDF4CB66F875CDF731F8D192E67C4510C5CCB472,157139
com.burockgames.timeclocker,F44469B0B8084D705D42AA335C01DB827647138A104683A760C7086E075891E5,935
com.sec.print.mobileprint,501CA3D1EE590A7E4DB099BBF5EE7CAB8F71B95E6FF29D1E5B9D8B5ADCD24897,371
com.peake.hindicalender,AABAC548A397CC2618905E2F92DA7BAAF398BC1B71C4DFD74EF35D68AC607339,272
io.cleanfox.android,9F0B779EC02F7C0128F8E6D1EEB2D12432A28EEC0A0882ED7ECCCCD5FA3B8FF9,176
com.dewmobile.kuaiya.web,2DDEEA5A3936AA8C381C5633BE6514225F736820D7E3B5EFA730F54C8A68510A,44
document.scanner.scan.pdf.image.text,3DC2CFB97C20CD9A1EDA9C4174B1E948B91D250CA24E6CEEE32D72798CB50982,51
com.cometdocs.pdftoword,953DBC98785C574FE10141F6DC7A9834CDF9BE2CEB8B99E091F1E3E8F1A48FB2,3000050
com.downlood.sav.whmedia,C5CC02904DAD238BEAE1A3C503EEC79C51C621BF9A731F607795CA48AA8092B2,118
fancyclean.cleaner.boost.privacy.antivirus.mini,4A2FCD8CDA525A36589C7478306531B6FDB0AB818FE542ACC9A1398992BA51B3,225
com.apalon.myclockfree,CDF9D7ADDDA5EEA42F4CD7E55FE853048741988D3EC80D8C693B0C8B0063F9C8,20900
com.roamingsquirrel.android.calculator,39AC3EA6A2B0C681530FEE0C41588FE9BB55B03BE81FB1EC6A8E4B2C79E1D910,327
me.bluemail.mail,639F18CDBD8479DBD2DA6742F468FA0DE10214EA6B06775467AB8746A89E5F67,17612
com.rs.explorer.filemanager,7CDC442DDE82074747A053EAA6E2965861209B5FAD16E5D0CCA79D152BCD2EC9,78
com.viettran.INKredible,CEC853513966EB40E947D899630D516C2C250C972EBF34A535ACF8B32CA6C597,76
com.speedsoftware.explorer,7CDC4828E89ACD7593A07D827A5907D161A64D77E608B5FEFF516BF83EAAAC0E,136
com.dusiassistant,EC4B616F5C76146AF568D929D8EB5B5D7C2B9C3729F2BE8B299AC4D0E6F72F5F,23004
com.splendapps.adler,8A4D6442710128A4F7ED34D7C9EF984FC9FAE9EC4B9D4A5CCF4044CC1B4AB732,95
com.multiverse.jarvis,14EEA43D16AE36A9F538577FD39504C1819E37848D3A5F195539A6F82D127615,193
com.rsupport.mvagent,C0D2B85395EB04B94C82037FF0A8B56E64E2D48CC219BFC509C2EE4F3461A671,170300863
arproductions.andrew.worklog,27693C518B672E71F3F757A276C0E994ECA66A9966AEB58C47841EA6CE21E5BD,59
artline.com.galaxy,CC981A2D19D681730294B9AE93340BE82C72116B2097693C038342E98AF4738E,1757
com.nightowlvpnpro.free,6D783C5348C145A06ECE126FA33BBA33B3695F54461CE552BCC9FDC2A12AEF08,19
com.google.android.apps.subscriptions.red,6AF88684C97CEFBF4A2160F50DD0A1AD5030509A775A20A7D16F94DCA5BD3594,164933
netgenius.bizcal,1643F7E3DB78F0CE67D51C0F2CBAD064D8E593E594A21F82C53F38DD7BEB2F08,160630
com.clarodrive.android,722E12035A44615BA9796F7B45A585615BE1DB2316BC93F52673422DB05E5E28,398
com.jb.gokeyboard.langpack.es,FF5632EA2AAA4E4F47CAEEB9DF8CCFE31D410DF1AB15F6EAF7C1C38631DE30C3,20
de.orrs.deliveries,F067B79FABBF30A68D8AE86ACB3832ACEC44BC753B27396D87A2B83F8F750169,1942
com.nic.mparivahan,8941BEA3AA379871E3119C9D2F3570C1687C42129F2C810C69F6CFC155BB2545,67
com.meltingsource.DocsViewer,1DF5551DDC4AA2D52D5C910A5336122C9D236782196C4EEAD6CCE9A00E6B0596,170900
com.dencreak.esmemo,1443E74B8C02A06F8244768D9944892F2419164B4C49B0B1BC461F9561EDF796,146
ru.yandex.disk,9C009BAB2E2D697F66CB61570816DEF1128E31C3C34682C0E3E2ABD7855BA27C,507000
com.estmob.android.sendanywhere,08E7C4FE5F8315995877D807EDC117D072013F377B6919DFC58F8D493CC6938A,453293
com.crazysoftech.crazyflashlight,03E7EC549B97CFDBED9F12263F127A16088F384742687B263AC72407E277372D,15
com.lwi.android.flapps,213584C0BA32ADFB9C56A81C199795FDFB5C1A120A3D0FE5D4624E3DA2A8E97A,141402013
notepad.note.notas.notes.notizen,8FD6539419F8E49C4891F26D78A25AE1B61204EFCBF78B593851A983ABD8D624,51
us.gospeed.speedvpn,C237E9864658FAA9F3CEC1A6F875546694AFD05F03D6FF7A91FB7EB2D4E3BDC1,54
com.followstat,3E8295C6A6ABB25F97DD40EC52BAE947E268A6B23D0A4062B32DB8C83EF6E5F9,129
com.jotterpad.x,13EC65EEB421CCFCAA88344D4FCB93535A8E14D54BE93EAE43F2A00169F8161E,344
com.google.android.apps.enterprise.cpanel,FC8F9556C5F681E1812C01DDC4169346620854E78DE451D7CF97D067443382FA,2020110900
dcmobile.thinkyeah.recyclebin,72D8F38AA184720C2A4BE93AF0C1B6D22312DCCE94318ADDBCDA981C377E7E71,54
com.nqmobile.antivirus20,E1A23A2E445692AC5BB9C5CFFF30377622A2883063EB582E511EF377F4CCAC3E,586
com.trustedapp.pdfreaderpdfviewer,B304C059CEA92CAEF189A41EADC642E5364E9901D9794C4AC82F7D7AA4FD65C2,86
co.speechnotes.speechnotes,AA704F6865B7D085A49DE07B0E23CC66B11EC84B223D2A1B668C33524424A71B,231
pl.nenter.app.flashlightgalaxys,5BA0E415A23B873B32DF86ED0DCDFE277349B6FC499AF66429D2786DB8B9562F,30
com.touchtype.swiftkey,EB86E4ADCF644A7F8F11F9C99242FB92F351266D7977A177B61B6B641CC4B9F3,956891200
com.autodesk.autocadws,CAA0BEB16154E8D422E8EFDE6FF223DC0374C823E57DAB9E5D48FC56DF6E3624,1627391572
com.securityandprivacy.android.verizon.vms,2D06AEC40851183CD99407CEC7E2DCAFD522420D4A8D503A2D8AADCA1DB4C408,53001613
com.delitestudio.filetransferfree,4386D966EA931948D5FCA6A22453EF376CEB0B17481DCBD35351CE363197E898,19205
park.hotm.email.app,04766F60C26B9B9A2B26E228E7D193D783F4F9A1ABA0668E47B273EBDAC21E57,34584
com.itbenefit.android.calendar,70D7B742E9D1D534888900FCA6D8FF04FC3FBF0BE9DB44FC75B96327E05B63C8,47
com.SouthernPacificOceanFisher.VoiceToText_memo,2E62145622992BCC2B831DA0E8B5C54788D7110D4100BFF8A9C7052153C11B77,115
com.microsoft.mobile.polymer,749C002FCEDE82177FB556DD170BD6E7872EAD2F53B6F81909D3E5DE8C0FB4AD,1734236241
jp.Appsys.PanecalST,64CB63EDE2C2D90C22277DEDD321471E749055E299460B1CF39470CEEE33132C,97
ar.gob.argentinagobar,BDCCA64DDBD5E8A9C04F26E4E2B1C0C83431E997360B5C066D74A50E58B4A391,152
com.gallery.photo.gallerypro,6B3A96A654976ECD68FF10FEFE5322757ABC2139162AE08A6C447781EB99C79F,85
com.cv.docscanner,3FBF6618556D21EB0CFE0A8CDA3E338C303EDA9E68C7688DB4E7A38AFB9F301E,70139
org.freevpn,EDBDEFCC10921F56803CE84D91EB820B4D141AA8289EEF46D7D4EC5D43731776,3843
com.aloha.browser,846C706F7364CB742B371BF5CBA9DBD379BF2F5AC365B84F8B20C1F22517776C,323044
com.wsandroid.suite,D46FA0BC0BD370C55153268C00AE276CE4DFD876E06BDB24889CC7FF3F2A4D16,61000370
com.asus.calculator,08807FC8AA38E726680C0DEE71F9A86F4EE0DDC85E8B5A38F669602B64CED45F,1510500427
com.kitkatandroid.keyboard,487369EFF1AF2A7545DE20CB14F506DDBEF04CB27FE73D0719DF248E316F0AAB,449
com.dlink.mydlinkunified,D9BDF54D8E1307A472FF96DDF4DA1AAAE2B5BC833F0710AFF8C5D38283A1E54A,446
at.tomtasche.reader,7CC8216D7E2F456F384E9BC0BE1C9453D4ADFEFCB46E1F72B803904E79EB7841,158
com.gingersoftware.android.keyboard,5392EFF8FBA47603DBB5E5BB5B35373C3A5135919CE0BC7D6DE8A1BF474EDDA0,9000602
com.vestel.cloud,6990319863F310C0D5592B1C3BB9CB216C4E6E97621DC674F25E396C4DB8F3E5,5300
kdev.restore.deleted.photos,DE822FA5E44C6E7F78B2764898631F84BC91518BE471C1DAFE37BA8872BD6298,33
com.workpail.inkpad.notepad.notes,E4E49C47CEEF15F49FA3CEF7245D323FDD7686275640C8D410F36C152DA976AE,2791
com.hp.android.printservice,6648ADFAF918872982F168231156D0D1E60B9680360EB7D858CE3B28DB081DA4,2569
com.gstarmc.android,3CB052EBCE2D9FC61735928F02828614AF43639BF150E5FC7359405C681A6E1E,204
me.wiman.androidApp,056A133084544D458903EDE104E58EEC34F1B2E20E43D65950BD1E8E61904F7B,218
io.wifimap.wifimap,32ECFB04346FF09918A65E93B00198D6AC366794DD9E6A418F1613DDC756F760,847
duleaf.duapp.splash,61259F49366C6BABD3C6C053B2CA3A02A37EB2066B1E4DCD31BECFBC9D3D8BD9,770
com.myairtelapp,061E106A24092CC5261A33139E623CA2D887F3D7C35A699DBBF3E01F26298DD6,5303
ru.alexandermalikov.protectednotes,D44DBE80CD29D5FCC919233CBBF6F245C6B6D448880B275CCA137B4668B695F7,93
com.mventus.selfcare.activity,C6B65B4ACF32C4B429B45891A1E87B0AA3E90A24CB8462002C2E8BA32F4B17B2,1555
co.blocksite,29507B9644C721D5B54B8ACAC12ECD9846CE7F87F0780C1966C0E48F91A45742,26132
org.dayup.gtask,29A8945B99BCDC23BEE9EFD2378F41AA54ADE107B57F354DB8BCA177A19FEAA8,3039
com.microsoft.office.excel,CD3A7C2B4B263450AC7CA142FCF3BB55639C04D2C94AE212D6275812AEEB495B,2002685435
com.dencreak.dlcalculator,D08E63BC1C8E2782FE7AE3D6288E75D3E9BF2FCACE9B01D1D012CA10DB9A3808,131
com.somcloud.somnote,340DE839E317ED768144BC4D7A232F8B317142C519A096A2318316C9BD6497AB,2021080512
com.simplemobiletools.calendar,64CC44A9A1F86D54AF4AE24770F46465CF2562DA6B908658DE69B949EB61F977,147
np.com.nepalipatro,245302975EB20FD42807062F4663CFC584AD3C4DDCDBCA4E08E7D26003662024,2021061718
com.nhn.android.ndrive,FF628EFACBBAD23A55225205F39C2F4774490363CA8D4FA8891595285FDE8CF3,5040900
docments.reader.documentmanager.free,AC5C7EFD39AB8499859102A07C998D38DEE14E45A7C1AEB8EAA49F091484E70B,37
com.whatsdog.chatwatch.chattrack,3A1DC3156EC53339F979BA01779E8A9ED0CA69723AC126C36B3A8E107CF7AFE4,30
com.cutestudio.pdf.camera.scanner,804071BDC9145994E6C0AEECE9E23356BD22AC07F23FCE0BCF42B2D8BBDB0174,140
com.gau.go.launcherex.gowidget.clockwidget,06006554C56B10E6375D86D4F1D6140AB99E3DA7A6720C778BAD91C3DCD41972,7
pdf.document.scanner,ED2D026C8BDCEBE8F90E9D9492112053FD9984FED43FD785B86DD06C6D1CF8C6,28
com.akapps.statussaver,AC22DB33313FE37FD0420447433020F0139D696E15CE0E5D05A76D1E7496B31D,408
com.compelson.optimizer,7C8EE3E60AD6451915FF26977103B3DF0206C8F9ACF71B4823E7D5AC5D0A6A1D,394
com.luckydeveloper.apkshare,062CD7E7A85134BBAC8F86460C81ABF42DBCD3501B451105783D43B769BA752C,44
com.cardsapp.android,17E06AB115C497BD1DC42595E394C50F19149E5AC95E950141EBE57BFCDBE56E,321
com.orange.mobinilandme,18DA6FC12F541472ACCB9CFDA9F5878A70CF84620E3A8E5BC526FFB356F2E850,93
com.govpk.citizensportal,5E3712ED49DCCC7F2AABF923E62C5F24EAD5BDC04999170F03E068E55D9B7E06,70
com.free.vpn.tunnel.secure,C9361FD0FDCC0F3C00FF8417B8240F1CCFEF9F298BBBE5E5AD36908CBD4AD552,213
kr.co.rinasoft.howuse,6D1EC6ECF54001DB40899A87B38B4589CA5437DE2FB511269D29DAA975E23843,395
com.microsoft.office.word,959DA8D72C6745ABA6AAE6A4F78DA48B1723793F509254901315468C6FB2BCCC,2002685435
com.microsoft.translator,C7A23C2DFAA47335E1443CD02209DE223D910EE165269BBA830DE36B5B2A693C,504
com.microsoft.office.onenote,5D8DC6BD806B8347C61FA4E2E5C2AA6B7AAB24D2DAF4489389D14E893620D0FF,1804649747
com.readdle.spark,7CB73631E0D282A31E5853AB0A8D88027951F8EF898704D02967DD825D371281,21011410
com.dropbox.android,5459FBA5B73C5676DD8C885B48A8084F30C27416E1EB8D0D4576B3F482884AE3,25420200
com.teamviewer.quicksupport.market,71AA25EBD36BAF3363418BD0C43E46BCEE1476ABD1EE15DD95B2A8C1BAD9F8A6,1521113
tm.app.worldClock,06D380CD0946BE08324AD23E378C4F9E07253D6B9CF045F087091DB933924ADA,209
com.steadfastinnovation.android.projectpapyrus,EF10D9D555AA0AA9F8BFF63F91823C36F82280D4646EF3217672A4D000325D62,3090200
com.alarmclock.xtreme.free,C26428C1959D4B60169DD75C191BF5C64C7B4BE5944D77DE123B3CE59D714C31,70003089
com.fancyapp.qrcode.barcode.scanner.reader,E199BD2829575E0E9561DC2054754CE268A4EED9479604B74658E8EF90DF5478,326
com.vmons.app.alarm,C1001F8AD47500B8C192970724C374461B729674D75EABC70C4A80DD24DE1126,95
com.solotech.apps.document.viewer.reader.scaner.pdfreader,D60EDC96E5832898C6A09DF812366E40F44FEF85AEFC2B5FC51B198021488CEB,24
com.kaspersky.qrscanner,7E3AE3882BC1853AFDE68F6D1F7D86E8086EEA4E6ED209539143468FD1502F50,260
com.macland.qrscanner,F42B8E727EDBCCF5C748D2ECC1D6C21AFB0480741F5CA4966A9D706CE3E4D671,42
com.coffeebeanventures.easyvoicerecorder,70EEC037A11EDF9D6FDE85606093ACEE57F4DAACF75CA9544AF91BB3E68CB122,282801001
com.kmo.pdf.editor,8082B3BB084CC30AEA1EDDC3B0AABB7367CB83EB02C880FC97378269E2226DC8,324
shamimsoft.shamimyas,FDA50D83C22D5C921EC2D041536001C4438F22AA0CCA2F4576476779FDBA349F,83
imagetopdf.pdfconverter.jpgtopdf.pdfeditor,46A3EFA38DEE678D154365E3F8CB7A32C5A124477C0A3C51351D47F4043CCD21,19
com.avg.cleaner,F7A4A7F4484BADB9B8CF51A19F19A200882DB2C7F1CD1EC89F20773C1AD345AF,800008410
com.peace.TextScanner,9673B10814976E15FA910215B9968A2FC0674D46611DDC65BB4F21D215A91A44,169
org.withouthat.acalendar,2D2718B9E892A3F6A7B5CC5812444790E8FDC80264CCD46A79B81ED3C1781AFB,2005300
com.clusterdev.tamilkeyboard,401FEB79AFF6984E2DB169EAFCF2D692BE3CBC5CC1439F3E91DB823E3CE403A6,670
co.solovpn,517AEEB9B631037720BE80DF7681DB2D2746D82DA0045ED8593F5418C8291F97,2020110201
com.heartfull.forms,37F74825A0387951D89B80BB1FEAD9335F34AD787EA59A1A1174C7D01A3A8C22,44
com.atomczak.notepat,0FAC0BAA761704259C64E7798141BEBBF15D7A512A6ECD71646558662F0251D1,56
com.trello,52E011736C3B386D0EA5EC64B5B6CA3716481A722DBE346D3618192CE82F1CD8,16202
com.crazyapps.mobilelocationtracker,D787448276536CBF8D738FBF12ED732E1BA05172686B30BC6FA2C6D08B7E4B4B,63
com.appshare.shrethis.appshare,525D53CC4B4BBE7DE1D12714AE15D1F575D3D0D3DB585658E7B678F047F11A5F,53
com.bazinga.cacheclean,FE05940DCFA66B2CB602D57604DD2F15025125CCAAA2EFA8694D3F9F08D277A1,115
imoblife.memorybooster.lite,EAF7AF6255C299A711D80EB9A35C7642D7EB529A1599CDA400AB1A8AFDE61B7F,9600148
com.socialnmobile.dictapps.notepad.color.note,416A77C2B38959A1892E85B061C23F14BBAE3A6F8A6B85103FCE6B280286F530,13500
com.jrzheng.supervpnpayment,3E215CA0E6D271C4BB879C72F71A8E8C29CABF51798D23A309BF3E9936A4256E,19
com.google.android.apps.docs,CA14FCC3DC77052CC219D49E0C4427FB4D77CEFDB57E65B6BF3BE9EE50A78092,212647208
com.clusterdev.hindikeyboard,AFC106F4460ADD32815531373981936F45F3D5D4A474AE92176AC088B3BC6A35,670
com.ecareme.asuswebstorage,F7C563126B6F57439C406D45B87F3169B6B33268621305621668F330F9501290,529
com.pcloud.pcloud,26C12B7E1AFD8092896D424F8F136AF0B63E2B6A36BB6CCB28CDCA712EF68A1B,3090001
jp.ne.kutu.Panecal,AF24E1D26B19B81D67B29C4B5B4504353542F7CAF790918228C4C168CC153A36,215
droom.sleepIfUCan,156CB29EF4A425DE81AE6A29671C6B42161810A3966DD5AF477A57E8CF15088D,47111
com.simpler.merge,184D9CB5E720C884AF717594BF1B59DDE0A16190C13E0FF4BB6F2EB01F85D18C,303
com.zentertain.flashlight3,1D85D4DBED8F76D2F6440174C6B587C3ACC1313C91A8939748CA030EDCFDE1F4,5069
com.docusign.ink,B763768979512E9175C26280E05FA5036EE3694F4A55C212B0A44B46251291CC,2020053101
com.aitype.android.lang.ar,9A0DAFB21ED3DC4D62164AB31D33DFEA4A4E57821FBC08A9C7F79A7F02F01B1B,5010
com.lab465.SmoreApp,49FC6FE1850E7A67E639FFEEDC08803874E5DF47A819C0793900435AB7479A32,224
com.wsandroid.suite.tmobile,13C1BDD1292C951D6A4E6B38930B85049723354E14A1CCFB2D6CE6B1E0B4CCB4,51300190
com.netqin.mobileguard,CBC89791F19FA4082084FB2878610615CA41877C7A183B506C92DD1F4A6B1CE6,183
com.cam.scanner.camscanner.documentscanner,237E48087A4589BC9463B63C2EF89C4ACA3C57FF46F08F5A818C6D93786C7666,300008
com.granita.contacticloudsync,D07EC90E1651FFAD3B1156CC5E275F5106DDC62750E9DB0875065B451C2B15B9,199
com.tekxperiastudios.pdfexporter,09C2F9ACDFE957E58C0B8C724549DEA8230BFC8CF36A21B455EC91662044BFA3,29
pdf.scanner.scannerapp.free.pdfscanner,09C84454923E881F4D33D1D57C5CCFF58293F8B907B01FDAD7DBE4BD7ACF77A8,19
com.office.reader.all.docs.viewer,FAEA0675B375DB0744D004A697245A85B27E516B628F0AAA6D9CAC69A2600ADF,40
com.microsoft.sharepoint,E7A40C67AD17FE776E84EFA89B444B400288A0081C99D5D5EAF081E7886D5AD6,217232500
cz.psencik.com.android.contacts,988D8C4B037D8547AB74B5E3D9552854990C02263C1CB07ECB1788226824CF94,37
es.aeat.pin24h,9636DCC6B7F5292DAF5ACBEB543E0E714A85064F24E7FDA5DB1FA8FE9FA9F75C,240
com.vgm.mylibrary,697C42B868CDB9474D2AFF7BF2F61BE8AD38008B0C830AF945614A2CCC374B47,92
com.winzip.android,AC3AA5E6F120F549B10CD6E0265C92EC01AF5760BBD9BFDB249F4E4C2CED4D20,61001
com.ilovepdf.www,7026D53BD3F919D314320A631365E35BFC01E938ED9A9B627F5A012967786B99,3000003
com.downloadwhatsappstatus.statussaver.videodownloader,FD4E77F5000747411A44FB842111940A362F2C97D5955B247E02AFFC5E3402CD,22
com.ibragunduz.applockpro,E95252FD53EE3020C843553C45283D2BCCCC053C075535BC4B323BFD87E7FFB6,313
com.sssgov.sssmobileapp,55ACA42A9427E7943F4AE4598DC852FFFA9BE46D89C1DFB635B66CC96547D5A4,161
com.rta.rtadubai,63554E495FE686612024AEF804A8BA529C445F0244BB1CFABD06FEE1A685E84A,196
info.kfsoft.calendar,6942FA1C6BA75955512B6B0C98BC1ABF0B98979EC81F06292D80BBFD8E91B88A,282
in.smsoft.justremind,ED9DFB955E74BEF785351F9FECF49494CA66CBC42F0598811B116DBE9CD905A0,89
com.jio.myjio,AC706E5F153930E502450F935201516AA3DA5FD40E216B54D90F34700B799A83,6044
in.bsnl.portal.bsnlportal,A1D0EC9D2E31915259E330C0A57CF5965DC293E1057762BCD77BE318EEC84751,158
mobi.infolife.uninstaller,481ACFCF4C9C383C468B92BCA6E6FC53523EA30198E0C5E1FAED96195FD2CEB1,161
com.photofy.android,BCE8D643C1BEE46259F2C1250FB4F189575635E8B73A0FC0E707DCE763E25942,1068
com.smsrobot.call.recorder.callsbox,2E0F0E60505CB04DF2432D1F31EBD390F7E9401D2852B7CE625A3431A96F7094,34
com.microsoft.todos,DED322A64C811529622E101957DA77489B4A2CA54593CF6C30112DAFBECD8B6A,219
mobi.browser.flashfox,902E02381BC14CA39E0A8F629B261F8B3AB81132477E166E14C82151C9ACBC37,2015460633
com.ascal.pdfreader.pdfviewer,E1E1B80115D299435655D1608A55DD23E032C811C1FD1022F72C4E77986FD4DB,302
saveit.whatsappstatussaver.whatsappsaver,225C61CDD2E7CB1DFA7A0FB7468B91E77C453B715CD5F478F3BA4BCE85A7B8E7,29
com.wdc.wd2go,A914DDCD1FA56BABF2BB819AAA43F79B036DD167F4D64EC84DAF1C6E64E0E721,43
ph.com.globe.one,116A3C5604B53B68D567D4FEA0B5A28A836A1F8D3BA7C507E7A3D8B641C415EA,181
com.mtn1app,BDC4F94BBF7D9AD5D5A3471CC504ABA23B4DEFCD77E65FF43033C553AF69DBE2,11782
the.pdfviewer3,A4DEF5FB1875F20DCF90CD649AC42711817988F725A777169F9166574BDFC91B,9000308
com.avira.optimizer,1686F653BEB93C94CE083536BBC90618E9E7E8DA3A0EF41E20D059E310F63FE0,459
com.aconvert.jpg2pdf,603156ADA2AA9FC09256826B12F9D5CFA9E7C211E3A2ED794301C895AC12E837,13
com.teacapps.barcodescanner,A40D303570207EDF5BCFE6C11AC798ED1BCE9BBC0FA50166B8774E15FCDD1428,144
com.sandisk.mz,F6CF699526513BFE8286BA23E4FA3D77174B2EC440D8A891A0E12E1DDDE78DED,153
com.kibo.mobi.chelsea.fc.official.keyboard,0D3094DE55C5184737F5A34BAACCAAA3897A654A644892E3A19471890071FE71,544
and.mms.ezhuthani,B4CEE3B7DBED936BBA04CDF78023AE4C6953805BD3E7F7124E1440B355C10CB6,61
com.pixatel.apps.notepad,0D64BAA75461676C856DC2B616E8597F180F4E7343934A8DF7072BCE3474D5BE,1730
net.omobio.robisc,DB967CC5D076EF7E9CDBA47048B96DC02E7B90B2E9795546F3AF75C8810E3902,5001009
com.s.cleaner,A94D9EDA0934E92D092358E811458BC7ACD32ECF3BD0FB20DD5EAF6500273DB6,800008179
com.document.manager.filescanner,3915EB16A38933306F63D55A6AC5E6299FF240EE996443BCEA001C269224BCE1,27
com.lampe.torcher.flashlight,EFC0EE976B005F7789C1E32F0E928C99B9E4B92D0A6127FF6B523E7908CE63C0,69
com.vcast.mediamanager,26F0F4AA05DFCA0C23B36035A6ECFD54250E4A3551F6C2A4A7725D6CDCC53936,2021101200
com.steroid.launcher,7832E7673A384A4B949BF4A668FA32DFFB6C0747ADF3C1C043974F3AFF7E5232,2500133
com.blue.swan.pdfreader,426C5E29E7ECF96B106A8684E2DDA861C37B63315DF738A89EEE29019BEDEC54,75
com.live.earthview.maps.gpsfinder.globalsatellite.apps,CD1024D8AFD262AE6339E2C70F181D5F944AEF0EA526BDE98904761469F4040C,25
com.jimdo,98CE9CE5EB9022CFE0172D494C6E9B2F1D4AFA193AE15AC3D63508276058E884,2573
sa.gov.moi,70ECCDB0B480157E329474FEEF5DD109E3F283927CA3EC021B8E6D3989A0946D,2487
idm.full.free,0F79DA65E7EADA1A14E4CC72ED2F071E3C16C35A1DCB363AB39BAF363F7F896A,7
com.transsion.carlcare,D4E3F660465334DA19B70E1DB9C715CA0D4BD8A635E74C657AD7BB511A160536,1101
com.symcoding.widget.stickynotes,0FDC12F52A8B1D54836289B19475083508FCCF109AD04732CA000BCE7AF14319,58
com.rocketshipapps.adblockfast,26E2887364DCEBCFED887E7541F415FDFBBB28EB50C5AE980FEC0698CA821FE9,7
com.innover.imagetopdf,C0025F4CE657C8095E1421132C8E7AE039AB65A747BAFD56AA8A7C0750880055,45
com.microsoft.office.powerpoint,A5CD8C0C42142C5DA506AEBEEDABBAC22F2395E26BCD0B5FC7B35AC25C307FAD,2002685435
com.entertain.androxls,FEEB8118A50B06C59F1B77132338D505268D32B068627BFF9F1509100CF87707,644
com.gau.go.launcherex.gowidget.notewidget,C5417D3265C6A6D306F8F1107362369E076E8AF78B1C26910703FFDBF6745441,14
com.google.android.apps.enterprise.dmagent,10EABA5B63B1F7EF9EC3A0AFE625C32FB9B41A03CE6C071975C088A5660A59B2,178703
fancyclean.boost.antivirus.junkcleaner,1CFF4B80C70119A3549E50097AA0DD2CCFCFC32AC4E23527D258BE86AA59EEEB,331
com.rsupport.rsperm.af.a23th,110A85B3A8F187545F278AC17067118A213785556BA2C72EE11A8D09DA54FDA6,335
com.stc,D40B2F05BD4A40ECA309D387C7C530510B28509D2FC6805850E10F3FE7C4556F,4164
com.eboks.activities,AB8DB007D28C62858BEAA60A50582CCE36CBA56BA196B7E84D9E7B9E81CB035B,407
com.orange.meditel.mediteletmoi,8A32D0C9C233A0B954BBF33044329CA6FA05A192DAF81961C1B1546BE5D0480A,72
com.appeteria.battery100alarm,49F601161A0B4C2B3295AA3323987CB7B42E88BF67CAF0600960F0AAD65AC37D,43
com.cometdocs.pdfconverterultimate,B2F9BB557BEF2C6D31EB434CAA5526698D601C5384872AC5DB6B3B548A2D91E1,3000032
com.pdfreaderviewer.pdfeditor,DA0BF5D665447D6EA3B7EF47455D8D28E13C6AB4957E4CFD7D1462B137DB2755,357
com.orange.mail.fr,4FD1717A0DF66411A6BE260ECE8EE68A5AC7E5701E4DC54393DC0C7B946A37CD,1102
com.linpusime_tc.android.linpus_tckbd,792246C447A434CD68788B977730CEB701F3679C45B6DF4BD57FD57F6057F15E,26164
com.ultimategamestudio.mcpecenter.modmaker,5B25608C45B1F7EE18E5C442F7C6D1BDDE980FCD57D2B9EB5F8EE520F36D28D8,10
com.smartwho.SmartQuickSettings,B79C53067C08E7029CB5384B8924ACB09FFB94C876979D17F49C043730DB9AAB,39
com.notebloc.app,5E486AAC5038B308360668FDD59F38619C39D57B614B4E055228E4F8F9A5318E,90000437
com.a0soft.gphone.aDataOnOff,7F55432CC4A945327EF349EFB85C6700FB04271353605BD4EEE41EDB511F32DA,160003589
com.q4u.vewdeletedmessage,7273FB8B7C55529492680F0F207CE2A3CA0A87CC48346F4C426851042785981B,20
com.cox.android.mobileconnect,67919D39793B45313D4A6426B2731FE9EF883E0842618B24B990077C74A7018F,1604
com.brother.printservice,E7D1B94094769F15815E02330D9D13F8DB4AF5376661A4C8026ACCF5AC244CDC,35
app.greyshirts.firewall,6952096EE47E2ABB7B7DFC70311666A7A360B3E6300C8AF3FAF3CB248D5B1E4E,50
nithra.telugu.calendar,B0ED418588E32F91E6A1AD73A61F111D2CF1313B134CA3955DAFF9333F734316,35
com.microsoft.office.officehubrow,F23F782EBD655A957CCA6295CD3E44953B636BB5D4360A1E9FD8DDFB3F752C15,42685435
kdev.restoredelete.photos,93AADB68C0BBA4566B18EF1AED687594B4B8FDF68E561A872285650834AD0685,23
com.ojassoft.astrology,5A58CD4A4ED41B1CAF63DD854A128BCD21F29209A33EB6F74703A3B857943B8B,44
nl.rijksoverheid.mbb.pub,E379FCA8F3C106FBB820DC2217096BEB0F5F882EC88F8A77CA7A766D743F1696,200896
com.worldclass.status.downloader,3A5E9249FA32F620EEA4317CFA6877C20ABC4A9FC4C2B1601130BF1DBEB64B00,4
com.generalmobile.assistant,1BD266FDB3258E8C95D7790624DEED4A5D60295AED8677AA0163DC627ED3FDC8,2005433
com.vidmar.pti,AC3966A7B5BE07C405E086099F40758423CBA664C2AD4E5CC94EE1BA9CF0637D,45
np.com.njs.autophotos,977FFF7BE678CDF04FFA9DB68FDCF39A83609259CF6BC7E3CCD13A184191C1B7,85
com.kafuiutils,28E50B83D6399F182D02DDD7D65AD9EA493EA5E79A0974D70EC4715282E21C22,33
tdp.app.col,627DC42C44667853990696C80B2339F05FA2331E9853404BF6AC935D825C4C5C,450000233
com.gnivts.selfemployed,970B0FBAEF0DE0516CA50E80FDA47992A963E3E6B1A753FFAD99533F5DB5A8E7,190031309
me.gira.widget.countdown,195DCA5C1EF09BD417A70C6FF85EF2810F8454AFE484C8822215E309C6007217,172
com.renard.ocr,26AD38D760434365F432AE9E29E6286420555EEE14EA6475AAB365AD3C6A09A5,1053
kr.go.minwon.m,614036940E39D26FA53CAFA11D967EFA22677B77B278F0436340B8128DC3D46A,74
org.pocketworkstation.pckeyboard,47D06E1DD81D44956FBE6EC4462979C583D034BDFE9F1DADD7F7C7BAA56FECC2,1040007
shareit.lite,F083C77BFCE1936C33B98003D913395B8A8C697FB5B2D62F10E8746C715A68FD,5030218
com.zentity.vodafone,8255A832C60C850F61FBEFE585A89E3D7083ADB53A0C75C7B0EC7BCF4EB8A3A3,200819092
com.apalon.optimizer,1C321AE0B1613C70472871CDCB020D99F0332872223263B37BFE203313CCE22A,34
com.apple.qrcode.reader,74C29A8A0B50477F4C8155C9523D0992545F4B5E275D38F7E119684648EFC0F9,18
com.qhfka0093.cutememo,B7710B09770B662A58AF86EDD63ADF2B1D72B6DE385B2F4C2BDD9AE21B9723DA,375
com.google.android.apps.m4b,28063800AACAC5C5AD22769F1FD88F86E80EBCDB470B65F229C8B9597389385A,417
smartapps38.pdf.compressor.compress.file.pdf,2773FC1BEA1A81D0B4167D0CD752BC32EA2D6661B2997C9031440215BC81F752,12
com.modelmakertools.simplemindfree,65D7436CC016EE8A2CBBD023213486AB5602539B48A399E422074A426D20185C,86
ridmik.keyboard.classic,2012E86F0E8ED3B9C5166E16E2B2B39433C530D4959702531492306F5DB40B73,15
la.droid.qr,2BB56BCDD73BFB2D360821DBE7FBA783AA5BE22362B7B14AC42FB0E00CF24010,7060
free.vpn.proxy.unblock.android.easy.app,FE87C5E87B5E96D1A33524AC1EC76E021691C2E26E170ABCF2F2F510BED3954D,221
net.flashsoft.flashvpn.activity,3A550B265BEF76B0788AAB20916158CC5A302DAFB2D25583D2DD71A5AC86B548,40
com.dlink.mydlink,BD392EC7F35072EE6E5C33A670926DD03A070CC0A0D510BA74F5992788A051FF,324
org.mopria.printplugin,A91386624E344D73B7B9943DE97E586A447458E5CCC13D3D48122BEDCE15F076,201300600
com.documentreader.documentapp.filereader,3DC09E2ECD2A78977141155E7585B71F86CC3C609AB3FFE84D5F60D83F0E01AF,32
net.lepeng.superboxss,F71E09F43A37575F47473B2CF88E9CB09B500C82A47F705E6373D5D31A81741D,63
com.att.myWireless,6B03DF2995CCF244B60D76DF0A82199A01DA4B8372DA1DC8FE88498F03F0F49F,12427
com.jb.gokeyboard.langpack.ru,27644889199613B2A83B6EC12B473A0FC3057A54213CA28229F5413BC4C0FE2A,20
la.droid.qr.priva,9D83E08EC2F8B8D8EA5CF76B61C320C5C74CEC15715D5F73E0398B4752BAEBE2,510
lg.uplusbox,5D40881C1439D3701FC8B3997B746AF9A40F60263878D1FCD30475858BB309EB,1363
qrcodereader.barcodescanner.scan.qrscanner,6E55CB8929EBA29967B9A927CD64C7A87E9DE3908EF0992B27013E4F85A9341C,29
com.betafish.adblocksbrowser,C0AA63A260C30E246E4693C4F55714BEE7B0B9017254320209A5A44BFC365B62,23
com.verizon.contenttransfer,DA1517E7F10BD9023D1B4B3D376C7E5CB74C44B19A78DE8F0A05792A72773867,702
com.tf.thinkdroid.viewer,CEC3A3E1B5442D4318B0871D4264854D1887CF7E366D5466383B877CEDE51E8B,2400025
com.flyperinc.flychat,2D0537888CA1CE483EBB27667744B51DBE14E0060EAC60A91773AFB8F921D6C0,16
com.jrummy.root.browserfree,9D9C055809F5B5A36B852EBFC8F156A3187E5E6D78161ADE3934764A47C4B1D5,44113
jp.co.yahoo.android.ybackup,D461431ABB86E41DCFFA4D827039E11A0CEE248B1E4E4DB4970D020F708DD491,54
org.isoron.uhabits,7A84E78C2012061C51768DC3B4CB93275FF698435DE8A56F337E4171CC372026,20003
call.sms.flash.alert,7B439676A9EB4F787A354CEE2A71F7F41BFA6AC8A707820E98C52CD3CD37A3B2,25
com.sec.app.samsungprintservice,8FF531F02A016C8891D26E37501F53BE2AAF56C84235D568417AC1513D029B71,3760
com.orange.myorange.ojo,33776E666D6850E913A79BD873DD6F52D77FAF186BBCAE16CAFBDF103DA4C2ED,1009
com.flufflydelusions.app.enotesclassiclite,B28E8345BED65B43E612A5E2F461785DB6748E8F4259B8281D732FC786EDBF45,152
ridmik.keyboard,BEF2215C95561F8FAEE56F7B4A808FD9BD82662104B34C2E20F8750C6380754C,51
com.telmex.mitelmex,D7348D8E7E4EA9F1B08A3C4385961883D5EA3850640148DFA44BD0DE70057658,343
flashlight.led.clock,609926B58C4DC41C6A0E3394C4B6F827378DE407606E9D66A8CC2489E9DD2D7C,145
com.mediafire.android,6BEFFC0D8CA4B85CFD293CF493554E9F59922D26C0E426D49022FB60B43A9A47,92
com.google.android.apps.googleassistant,AA9FE2BDD620DE5118ECD73824D06077C1BE04E0141670DBD46D00E54F6658E7,35
com.rhythm.hexise.task,C652EDA08B7C1AB2C08E2C3CF996FF1F88651AEC7EAA795B107086BAEE1F1DCE,71
com.policydm,3D0AC9F0936144174262552EC743CF915C78A0A830E8CB202680BA8852F3CF10,140912
co.pamobile.gamelauncher,69731189EE3F555275E4F26C420F01DA47078196E93F37D3AED48E5433B39B63,27
net.alph4.photowidget,617B1F22410A51F5FCBEC464780D9F91E7F610C575E506B2F9D6A4FFDF8A174D,23
net.doc.scanner,A9ADAC0FFD0AFEAD8469E7D8E8032EC87A67C5E4CA449730A9FA92DD24343C87,60018
org.korosoft.simplenotepad.android,40DFBCD009EF364EE5313C41F6656413C59FE167C977A9DF40B9CA050B70FA83,51
com.globile.mycontactbackup,7E0706C4548400B113070C7FAFBABAEB0EC75227ED61C7C1D3856B2E3E8B8B2D,20
me.id.auth,A88C7BCD2CB12DD47CDEDBDFFF5576A1AFDCB4DC3E08C561A3F134225BA9B92F,41
org.openintents.filemanager,464A36F5EF1CF8BEA41FFB14C5848E135999B7C4261A7A82729567B4CF429366,47
co.easy4u.writer,47B389FA8D889066C1038EE524B44E68C95C6742205DB871767483165AB23963,2016112301
com.telus.myaccount,6DE77B38D35FECF37D9FE6B288C26A4A0CEBAC5170224774AC0FCC7B9DA72659,15971
com.tracfone.preload.accountservices,500E3EF8DFF11C2D0599BFC0ADD26A1EBF53198C172D77186179B42F9E067E60,47004
com.tokasiki.android.voicerecorder,5DC59C17A5E6681A82855054BDD9AD6F8FA9C33AE45F2553CB27100F364C3446,99
com.naladex.memocool,EFCB1751F6EA3F87A935BA6DEFE107868021CACCE968462D245FFB317BF2FCB5,48
com.rhythm.hexise.uninst,641997FBE7C10CC285547CD878D9E31C64DC9D08300D440A555117BDF638B049,38
ru.andrey.notepad,7FDDB56AE65CB2A5ADF2944A7B2CB0542B9961B7E4E553EBD3DEC98F3A00F5C7,37
com.myvodafoneapp,82062A30FCE7BF0ECBE65DE55D0A35D898CE1B7ADB1FCBAC792A90E0758A1FF0,650035
com.qrcodereaderapp,AC44D21032CD1B37F200A50CB4E4ACFE8634963BB01041E3D2366158AF6132F5,10
com.mv.notas,7874453B8C7D5175AA2EEEDC2FADCB4709BEB29C161C93467E8CD6F71C8D102F,25
com.jbs.util.takescreen,7C039EFC684C7E206D3AE34DD4223888CF0ABC014AE452B55CEDCDE95D461573,86
com.koushikdutta.inkwire,95B7208A6F9B0A30DC76FE796CBEFAB1BE6BB9E0142F6C3D4F1B50BB170FBF02,1584651600
com.realvnc.viewer.android,9900D8A0E3E785188B3BAE08AAA4C81E63905CAAD7940F5756F71FAEDEF3AA20,1044443
com.tatkovlab.pomodorolite,A15FA75D39FAAA51AE0B51168CBE97567424FD8EC56062C3AD474EF1A4560C88,11
com.gau.go.launcherex.gowidget.calendarwidget,CAC0108058F31106AAD1AA2028F93D75E2F731E0B5854E81278892315036B404,34
com.asurion.android.protech.att,F2EA5420868F859D571418A60F9F724CA8843837776E1EA73F65D84703397663,305017010
com.hideitpro.app.protect,C4648651259BFAFC26C5D0D5EDB93BDFF3DE2659241EDF25715D8F3B4154732E,20170328
com.sec.pcw,C60AEB9BE2009953BB69D478A9ACA1D6BC8D7F420BA1395759D942DDAE00E2CD,5025
mobi.infolife.gamebooster,D8409E4D7A0EEF6BCB90F05BEDBC7BF831945CE7DA38CF6F95BA17DFE2720B01,30
com.xiaomi.calendar,DFB75A4444A73591DBA4871B4B3CF81EF7B143E3459594E2D9AE5A2ECE1545AC,12040500
com.otecel.mimovistar,E64DDA308C18EED1BF0D9C1CF2D20120721D0DC55E03FEFBB01371F1B6E6561B,23
