package,sha256,vercodecom.zalora.android,0000B0558C0B03712962778FB5F84811964E5BF5E908D14DF87A1886FEE5BAE4,401
ru.auto.ara,654EE1717F9B0E101205A8EAD86193598AFBFB5576068D0466F6BC68B6AE6B1D,12343
com.shpock.android,9B7FF9D973DE629612F9B8C829D0AEE42C061CE0D61AC623C0F0151D4825875D,1921100613
com.sheypoor.mobile,C4EAF14D8EA48880C87E042D63B1F85DB250C4149C978459A0006373718203FB,6030200
com.tophatter,14D07EBDACC09FB35C49689345DA6372F2199DEF17F6FA81FB338523737A603F,1131
kr.backpackr.me.idus,A4E01FA3CE3D873B0C044F213BD77A716F630E36F38345756007F9DFAE36002B,413
com.avito.android,F01FAB38C892734F6BF24967104D024245C78C42D98996B0D56BF254E8A1767E,1487
com.ibotta.android,80C63A83D8A153070F97332FA15E5ABABFE962D1E2DF65DA2154B46FE9E400E7,137860
pl.allegro,3FA9DCB915C20A4EF79C1D93827366740CE4448495B23110C2175512E492690B,70700
com.flipkart.android,FEFEC8FA44CB4F28D16AE839AB141FEDE191F75C3DEF70110CD89544D2105D1F,1360500
com.contextlogic.wish,76BC7C30A5498CB8A05682D41685ED81B96AB94FBAB565EDDAD2BF0F1AAF6785,1772
com.poshmark.app,F845D6C40088853361F03126D482533B97A38055666697058C4A1DB42728B68F,348
com.lenskart.app,6D21A3AD03F9A30D380483CB3EB28D9DCBFDF06A2E5CDEB734E9230E1280D4AE,211002001
com.footlocker.approved,27E0B75F2A4296C27E14EE10208935204E929F5EE49B520593AD634B20DD749E,4013518
blibli.mobile.commerce,0DA32349B8E7F74833B829F7C7DC39AB8F4424A54ABF4E062B03D2BEEEF552B5,3651
com.bol.shop,DE7FD15158251F027A350FDE081C1478DCEC9DE96F1D59615E2FD998AFCF35CB,375783
com.ebay.mobile,FB1EB4F3CD2FDFE6CB8A8457868B5D4A380CF6B116117654FB993D7AB1448450,6031101
com.dolap.android,25A9B971AB087FB077F4D9680F3689100789C7A300CE6B1A21F1987E351F7A1A,1180276
com.tmon,0DBE76A3E58F1DA699A8CE437003F78C86AB38E216FF7765FB4006FBBC09FC9E,19005600
com.rfi.sams.android,7E9B762C0A77663B30C4F7A7F094914729994B70E924A1A3F5922E3CE8640F44,210921
com.empik.empikapp,0E8E26DA14A46C086CD91E4069C40657F13C2BA7CA7B2D37B9A48601B737CE3B,7104
com.geekslab.qrbarcodescanner.pro,DC9A80CE415888B6F65413FB915F568737B6D52548AF18BC861774F200B94B2F,1305
com.pozitron.hepsiburada,0ABD20DF05F82F62CCA770C5E1FEA11B700401C5F418F50FEEECDCD2EAD2F628,261
com.olxmena.horizontal,CAE0425B0EF5751610AEBE316CAE4B67BF2AD04DF3B44811AF68D5E60A609487,352
com.croquis.zigzag,35FDA91DD321A2E2C707A6328A26908B1D86A8BC9D8345E5045F6A59AD012BBF,6760000
com.zzkko,A4FC345B8D8DAFF57801863E1B4BFE9AA80EB3A7EF9DB6771BFA9C4E06D94158,434
in.ireff.android,9C7BF52ED553289B7584576D5666036FD46D2DCDB07A99FA7B7C52412D02F40A,217
com.logistic.sdek,E0FF1413494E42216E46608B60CEFF56E13BFBF2BC0E2D66800EC53036F30BDB,10718
com.shopping.limeroad,EADFAA97B4C107BDA51F49717EF144B2651055462DBB1D7677671CC5658849A1,1296
com.milkbasket.app,9E7C13C9064E87419214F66BE94462165D9524B4DAD4DC172328AABF383A2EC3,400075
com.asos.app,38177550CFFA8DF5106137FA5DD01F78599F173B81E4A3C3AD714FEC2BC1DB16,12140
com.ciceksepeti.ciceksepeti,10E67AF563A746973F85D4525C117E388E53F42382F6E74953FCC02C1BC2B643,97361
net.bucketplace,7BD636F40800593ABE31BE35E07DE98D4F0ED3F8D1EB5C23C9232F39652DE19D,100408
com.usablenet.mobile.walgreen,49924DF8792EE8C701B7BAA3607C0EF722DA36782940259488D57500E616B868,72118306
com.mirraw.android,4623CDBFB4FA6BD260625C86228457206413E335473F00019C1C6E6F2B3DD0B1,224
com.ingka.ikea.app,8E697A5137BD3AE715FE425C686B681CCE5CD99851036057D428131AF40A5595,6404
com.depop,75A1AA4911206BE6F485805ACEB744E823715C04F4420E3FFB0DBE41AA5BFF3B,17106501
com.coupons.ciapp,57115AF3F806103161AD219F97E01B9270367849EECE14A835F9883C1DBB656C,210916110
com.banggood.client,C5A6795276F694641E1F018CCAAD4393F1374261F1E0D04BF3678A6A004546DA,72900
com.joom,688F625DE550AB6FD23CCFACC27F0DDE3DE3E45C2227F80639E3F4EE24992ED7,3538944
com.ebay.kleinanzeigen,FBBEB944225B8E164ED3E75D262BEDD070EF7003136DF8913DF0750637B0C821,27259
kr.co.lgfashion.lgfashionshop.v28,1A3DFE9EA4FD6E3651E85A2FE0F7A0C8176F3BA65735DFD8640AF9962911D157,428
com.fifthfinger.clients.joann,E00456783502573C24022082DC585D461B23760BF7C870078E89F39D8AC7C408,7002006
com.realmestore.app,7CD53988036C025E5C5F1355416B8151B743763A33BAAC7C378C7517A357BEF2,357
com.airgoat.goat,9235FE6DF0E4AB9CEAD42C651F8A3A162B85A0AA57A1600AB9353E9D02F0E728,69101
com.chotot.vn,C0731D5173C51D442D8DEF4A1CD2A41F69FF0DF16C305935BA55B074124E8B2B,457000
de.autodoc.gmbh,93B2B299621DDDAD1F5B78658075918079F755056FB58174E10E154C0928AEE0,685535530
nl.marktplaats.android,36BCBE7D6D71A7B7A9A0BF61AF5AAE1B64AE7284435D5D8F09A26CD4EB776625,714
com.jingdong.th.app,D6CD7F0B41DE6A1FBA8F295085B6E0B92625C3D8774A22596BB4CDA52C840744,11413
com.alibaba.intl.android.apps.poseidon,2FF2640A5F8904EFCA7DF561CD704FF88207FEA12321E7C3930916BC444DE8C5,74300
com.bestbuy.android,DD0D9BE03088D811226E06BF16742BC261F101488DF2F5D93187F4FB86A925CA,2012310976
com.cashkaro,48A3DEA326A041FFD0D173850AA8980BFB4578CC5F729CAC450D5B471F844C3D,40018
br.com.lojasrenner,68664B2103A8175F92DF50B6F09E9497F6AC7D8E83FFC1DFB6A482FA4B49A330,630
com.kroger.mobile,E2570A7F480A0AF1C61E079DEDF3498786B097700E6591E5567211E07234DCD1,384
com.nike.omega,64270059586246A84B9C39A6F8925DC83C0CBB29048BF2B44FE3685738BE3A8C,2012211908
com.lamoda.lite,9C2082A5082A173B415F65FE4474C3BFA857F9F1D0631B11966FF7DFF9762957,391100
ru.gdeposylka.delta,3ECA09557488F84B2BD48B3CA04909D99EC55877E99B123D02B1E5667CCA28D8,66
com.paytmmall,8FCE3E4D40EF793A58F867B061AAEBF2084C230E582D3FB0A632FFAAC09C84F8,5001022
br.com.marisa.android,FE32FC0E9A0BCC93960E80EB620A34B41062A25D0D69F7C50BE46A6EDCF0C68D,184
com.farfetch.farfetchshop,4A79EE998E1548320FFBA6E5C9CEF90F501FF91DFD4866093675B886B6741DEE,845
com.sonyericsson.pontofrio,0566B3EED47B23818EB08273AB5F37286FD520A717142C29F2BAEF0EC894E32B,250000232
com.awok.store,F8C8C0B4E7EDB6F12630502CF32722527F07D109FAA2282E4C54E6BC32CA0E4E,439
com.styleshare.android,DDA8F08E1B53808D04FB848D26E02D01CB24CC19EF24431B479C21AB6A536BD9,723
br.com.carrefour,93E866BDB068D7074211935C1066FE9A57FBD4A2A6F20B3C196E3FE6A238222B,2021290914
com.contextlogic.cute,3C00B7FB9B0A7645CC0EDA0B4144B8C849D7E87AEA7FB4F9F590C2A74DAC03DB,383
cz.alza.eshop,ACCCED90AF2EF5E770B5C758247356B08D0E116AE06B5CED614B90C1259ECA6C,292
com.schibsted.bomnegocio.androidApp,2FEAF36981371690410E08E6D42CBE346B7F96493732907C6B68F83E475BFAFC,13850003
vn.tiki.app.tikiandroid,B7A1706C53859BFA099ABF4901E8652589F01CF0C935E3634A1A4346A5FF4B33,1700525
com.facily,3718B1BA680A6B98BA7D7712039F0229370583EE7CC7E6698F8142F63CB18F56,30917
com.onekyat.app,7C64920A8422E49F43D607B805F1D19D482A969A4973B0AAF639CEB9CBBAF32E,525
pl.tablica,C96666645974F9ECE697EE0BE5D000134EA8FE5EC6C80ACF11667170D007898F,4226
trendyol.com,8DD2A1ACB660FA045A1D7CA7FD6A21CC8F271CEF9551996A021A7DA1F6FA8326,564
com.meesho.supply,08EF0816D2080FA4E9919795B4280888DE00DDC7C218295B406D3F90E8664E5C,389
com.gumtree.android,1B912AB44D3FADC2BBD971D95A9998764384C58BCF9E8663871BB1773FE0E397,332
com.dylvian.mango.activities,9432452EDF1F9D05AD7F014903B7AE3725D61B407E66A27C6E9FBB19FB8E693D,211900
com.sendo,629E60C4A231E32AD6572E63BF891AF46E4414E9C80004AF336F18EC6DDAEAFF,551
air.SamsClubMexico,954407642412ADEB90FDBD31DD0B0954883400818E2A0B9721DCC319AED90FD4,1001220
com.stockx.stockx,9CBCE3DF750ECB1497BF6588895D8E7B41FA49E17306629D8F2EF53946FD7F9B,200000571
com.g2a.marketplace,90957DD93232C46CB94DF0BAFBF23B7EDF879469C5C016A7C2BDF0201ACC4835,3000695
com.wemakeprice,2C0768F0CB4FDDE1E6AA4F09D26F42B8718FE8CE1054109DC9ADE868EC8F2E90,227
com.schibsted.iberica.jofogas,241C983D51CDB0DDC99E648DB509EE3D46BDBE8C32AAD6AFA7F04D5FF2FB5C97,5596
com.affirm.central,ECEC1CE2F8907EDFF3D9B25F2B549F5A2BD31CB1CDDC22128B5E89FDC1A3927D,509
in.hopscotch.android,4E19144059B6242FA09382EDFDBA791105781113E8A18867E97B3D58D21DE72B,2021083102
com.modanisa,B5EE141CAF66D24CEA792A8ACDEF584C2BAAA92F9D634A5FDFCE9F8EF17C9548,10133384
com.miniinthebox.android,141578A766CC4F2BF6307F2331B5BC6CDDBFC570ACF18E7025C43B7073119738,70100
ru.beru.android,7836309570221846063A314DA8A95BB659931319140B26598621F7133AD7D05B,25323
com.chewy.android,FF13DF6F482598637E6339E5F39515C99C5384B7DF5F832E62D51E2B770C729E,3000225
fr.vinted,7F4116074F3F859891AD79B626A297C50559252EACCC2DA3A3B10180F4BEC77A,213300
com.olx.olx,416E819DD9731C88C2F42A0EC69DD8408D9F73911E7033FBA75E29F6A0E3A0F8,14020004
com.oxigen.futurepay,1D2B01369A6821FD20123E6A62463F5026F969BD76AE182F6014D489ECC5B05D,80
com.noon.buyerapp,02C4FCF0DCE5034E468DCFA89FE6BAD293CE1A17FF53C1D5A735958BBD8B1B83,1048
com.adidas.app,96D75BA80FEA522A8C8E38040EF271994A36F11EC49E5DA00DBC0F1278150E40,41800628
com.linio.android,F959AF93C991E08E15DA262761C35E450322F9E6223D58A395351504F6A526E9,212
br.com.enjoei.app,8D330DC34BBCEE635E98F2C46B39F9E730CC2BB2F670634B70AA64D3914F6B0F,255
com.afterpaymobile.us,6EB5B6AD44D8D87EE802DB9C1A35499360305656F137A7A085990F0CC9012AF9,2237
com.allgoritm.youla,92C53080FDD328096D4F3F002D7E644E5D5FC513649E2F83850A1F335D132E09,10897
com.shopee.id,B07D9A2FAE8EC7987156C2F0802701A64EE84F4BA557CFB371FA7CC62B25F7E4,529
com.pinbonus2,00F2C33C1FD99EDDD323480011F33C47D70B727A85240E6B2517C95FC5763A4E,20500798
com.alibaba.aliexpresshd,082E77C6B3A74AF35360038761D59FCBF00A62754B1DFB6EC335DEAFEB55AB70,386
com.thredup.android,C8DF79EC25E0789690EA19B0E8C0C59D8F89B43C0F66A029DE47BE593D04FDD1,330
com.rebbix.modnakasta,1A765440D58C7602210B955EE8DEB31E1A900EA7A3C58BB46BC03900700B9360,84000
com.vova.android,F672CDA0732A272136FE519194A4D0736C1D100DD465638B2FCC9EB82C0534EE,289
com.coupang.mobile,065B3D16D51874F78B3C6F9F578283EABE003D47921AC0FDA278A2601F5D45D8,210298
com.costco.app.android,298D26B25C6B9732522528F45C4061E12CA5ADEA1D73DA61A208AE359D6E1CAA,4531
de.zalando.mobile,039D71E01584E4604654937A1CFA0486BB16BCB48B1B3FE9623C564888F03B77,834
com.bluelightcard.user,6E53AE6AEE4FB67DDD7CA37ABD94248F56565B836E58CC12B0AE9688F3BD0A86,210923001
com.abtnprojects.ambatana,B3D3D4969A49C1D19F67B9E2CE9EA3C10A84AA45262EA4D257F74295F21B7C37,1497
com.aftership.AfterShip,621B440D01BD5D9208111C92599C3D4CF216F0DA83A28F8D85DD31A5D68FD0BB,51800
com.bestsecret.main,CE0E88D209C79BAEC2B421933E074A24F0F5EACA7AB738BB1AA5AA38F25C07C6,449
com.newegg.app,292F0535006C1E746B9713DF5485DA6CD43F18B219E156A0DAF538ECF403E839,6291612
com.geomobile.tiendeo,B5FCFB7739F37DFE1AAFD6D9039777447736F5659340B3908CB41E0E356A1590,5191210
com.qmee.mobile,2AA752B178FEE0F9DE612AC67108AAC2D1EE4A7A5D0D21E54CDE550C31FE7018,287
com.tul.tatacliq,45E1AEAF1658CE055D80DDCBC2B1548760B718F0222A659E54C58597B72819C6,194
com.wantoto.gomaji2,DB577EC4891174470AC4BEB1232313D37F79E26E369FC9DD2F45B33D6DE791FF,681
com.mi.global.shop,24C8629F0CD3369B5E783D978FBA7AFA21E018DB3A4050CDC8228FAFFBA0504E,32403
com.iherb,6F0048E293F3281D85C95BD5E1390700C958509179EA8658FDC9E3D8C949AABF,352
com.like.likecard,7C7A62E04475187D213DBFEFEBE2F54FAD0718DC8667F5EC5CE5CBBC95568350,243
com.headcode.ourgroceries,9AEEB6B636298D7045670E62C377B3466CC13812538E4C481D281AFFA8799B9B,40010
com.setinbox.game,6E5A0EFE02AFABAB449932CF55DEC25929DBC3F4B9C872AD5B93F02AE7BE6C7D,200000072
com.b2w.submarino,267A06ACE1F004F1F70A01E5A3B373B6D08C763777E565775B91342C3576DF0E,310000901
com.opensooq.OpenSooq,8F1CC50D19151D46F41D6679AF2BFA11022AEE49429009BDDC3D47F21E9A9BF5,310
com.lalafo,7C393DBCC0332D9F60920D57575FA7330F117DE93647D27753FBB037A7A3F064,13279
com.sahibinden,7EAC52A4AABE0C45AE7F94CD15F8D0312119862E71C5ED45F8F9548DDF92DC1B,933
com.faberlic,6EA7B89270863B6FAAA14337DA2D93E892360C83AFF80393A234A70CE34EEE1A,509
com.mercadolibre,C2963DC54081A4659F7F4BDDA04D5C2BF1C6DD97C823EBBC3AE82E4FCDFED1E5,1816168453
com.biggu.shopsavvy,354F7218FC1F077AED52D47CD7FDA35D666F2164062107057224DBCD70DC7E37,160300
com.shopkick.app,014D94254DFD2330722A56C16E3EBBD71E7FEECE9EA4BD515F778FE219E85167,212440423
gsshop.mobile.v2,E78C28C93B442648854CA45E677EA5C1105E511654A3E77FF9A39901F535EED2,409
com.mrsool,B3EF41E7F8CC32BE95C55FCB88D4CA48D82412FE163B2944B8CCE08395BB7A71,633361178
com.globalegrow.app.gearbest,4EB93783E90C1DC6FC7BB832C4C2E7D442008BA849F79FF92598146AD985F3CE,157
com.amazon.aa,28AD961A8C5E5D1CCCC2EEA3B0857E74B47AE25340600D1D86C98161C1DC3F23,185
fr.leboncoin,3FAD05DFD06AC521B60A3681F15204BB6F86ECDBCFCCC6D47B908169AF2265AF,538000
com.groupon,151BD0D3FB0B59AF745AC582F813EF4A4C0B87800E6764A430FFDCAEFDF96AC4,418851
com.jollycorp.jollychic,E3E4EC8A4FE6DDD88AD21268CDF7A67A2BB7089FCEB8F0A0C1E18E41C6087A45,1857
com.edadeal.android,8D3A9E9C6574ED4D52831CDA7661F356B1A93A6BF8CEB8FF83AE987307DE14E0,44493
com.snapdeal.main,DF8B6470F53CC731409CF8E5BFDA1A4A51E6453F41C2026044564CAEB3992F4B,500565
com.etsy.android,1BA532B80F22B7F068BA198DFC5FDBBDF5D653DE0BD6545D64219931094B3A1A,58600050
ua.com.rozetka.shop,86F8051E9EF4221B30067BCA16B4381E29D461C3536BCB9A7DCAEB27AC45D9A6,51902
ro.lajumate,CE1299F8CA583865DCE93A98934DEF34054A4CEBB129CF0BB7445566673B3C74,124
com.coursesu.app,C0642D6DDCF1E87780590ADE873641363C511031ED7FD841AB8DF6097F38165F,524020000
com.osharemaker,2E3CF1EDAE32E411C841B8A1D9A51E46D7ED30CC4B8D28342A1828A71C06D2C8,158
com.capigami.outofmilk,AED44423E23EF97EAD5E76E98CF0EAEEE62573BD796D685563AE40A71AA46529,955
com.instacart.shopper,FCDE20C006E13E49BF1B2FBC72F5D7D672B5A2BB17B60747A614B059B2FC0D9B,425505
kr.co.dreamshopping.mcapp,CDA43EA2FEDF419F13436F983B389AF3D6195BFB4161DF106CEC6FF0B106BA5E,111
com.aswat.carrefouruae,AD285922A3A4B2784AC8EBCECAF88B4556C773DEE38A5106FA72B3075C3199FC,221
com.reglobe.cashify,D0EC6CCAACDBC5F63244E4D2CEA87CD915BF7DA4D0E952A07D03C58BEC8728C7,212
ro.emag.android,097C972127E10CA42DE41A3406BF532CC2F953726503CC2CEFE8110031F03590,188
com.infoscout.receipthog,14733EA09A27CF5DCDE82E87B813F7E23DCFA4823D7AD42E3E13C1876A3071A5,164
com.wallapop,EA998602D898497D0DC76549416CFFBBCFCCCF76D969BAB97BF3C07EC5F56844,10133003
com.modacruz2,1FD5B1A02DEF1E61F9508E8B0D5C744A49A77E6BB35F1765CE61E5269644D93C,2012091422
mx.com.liverpool.shoppingapp,DA65CEBED9931AA0943F827CBC41D913434881CE5C3295FE502CE4D8120CF8A0,207008
project.qpony,D6964F8E477E17722530444279CB513E74241AE8BF3C87578FB19782807E8A00,1851
com.samsung.ecomm,7F0EEADA02C1AC8C63E77F40C44359FF250D1DE4F1D52DFD5BFAE5C573384653,1600026736
de.westwing.android,A0740D2DE827B25C12BF5BE2604B98E19DD104B384DA734E6B7E4624133C297D,16081
com.jumia.android,0C952005C2E3B349DFD72C67B45446979BBE13B75EB1F7EEE25EB7900938836B,214
id.co.elevenia,59A4D6CE99AA382F3789C0ABD3068BC4C8F67DBC6A00104B7A5CA0C11E8C433A,3910
jp.co.yahoo.android.yauction,67A5A5AA5C4231C65D8C7F9C462ABB229C729A56CD80F322F8D148225EC4E496,364
de.stocard.stocard,EFA856F2BC9BFC1D2A797C85BAD09CF23E21A1F9BB8241D11872560E2DFB4DD2,894
com.socialapps.homeplus,52AC332CAE4DD36E467338ACDFE2A67A7F089CF7FBEC5432C1F6124F3DB69CA2,267
com.b2w.americanas,DAD71547F865B9B3CF904AEF5CFC18CCF554C297D5E894682586712B5E1D5B1A,210002092
com.inditex.pullandbear,6F7168B1CA818AF790B6FA456352D2DC209A5034E387AF43F8F4114D403032FA,149
com.shopmium,9741D0EB4E603976D31F8F29B3830EFA567A1C383C099F847D5A653C126F2765,2021092111
org.craigslist.CraigslistMobile,C1A9E9BD158266395CEA5503B11F642F98974098A51A25DE1A2F1163D9AA839E,157
com.amazon.mShop.android.shopping,F090E12B1E808D5D0EBBF536235BCCD1BE8EF55AB18465EFC91D46A51BD0D7D8,1241213011
com.dealdash,917D31EED89CC2F20AB609559146B9DADFDD381F930DB8C0BEB9EF464F116970,303001
com.zulily.android,5E21EB1B6210A04DF9721B7FE7F3026D0A97E0370F983ECE86AE22F50DAB6BD2,308
com.whaleshark.retailmenot,B45A06F821FFE5B5197DC51280E12E95FA1A7DB27672F332E4D1F17F1DD98739,61400
thecouponsapp.coupon,D0A912F8B0CC7B7FBF37B7BEF6E11427EE895DCF1E28AE7B4C1A0879DDC2584A,2016
com.dhgate.buyermob,E011B294F5954F214415A8C4353EDC78599B2AF2DC41D0E5AE0D901402569531,303
com.kohls.mcommerce.opal,A4046B27669ED2021BB41B43C71274AB7F1CD69CEA70D62C993A88C05A368AB5,182
com.artech.eaplic.havan,81764899B5A2E554F7E367BF9EF365BC4A36ECB5D0C20CE725A1285A765817A5,333
com.shopee.th,6A4F2B1277716787689AC2339EA6BCE9769C2EC86D4EDA6272C7732E835F0207,529
com.bigbasket.mobileapp,B39B44E44DC5A62E3BA7E476BFE1B08CFA0D449826710747BCF078C4E88E249F,1751010
com.tokopedia.sellerapp,5067B68292C602EC6FD88D51D222FA6C689871A40DFC78A01573E89EED503A38,206203700
com.jd.jdsports,70F57CE036FB97FFF591CF2DF274C54520666A10AA50801980F339DB8C2007B8,240
com.taobao.htao.android,B1335C7E2DFA26AC29FB66E7D2B43073982AF195DA083F9CFC02C047D04F46E0,228
com.inditex.ecommerce.bershka,53148CE76D6A30933DC92EF9ADA1346D59AF5F0695C552EB1523493E37D7E54F,145
fc.admin.fcexpressadmin,F4BDFE0FF4BC183FA77D9ECB7F5FB428D4CE4E0D87031725A5F664FBD1BCA182,1052
ba.pik.v2.android,069FF0E40DC6418E8F84C132EC0ADB9D1F4DCCD0D7666A540AEB8944D87755AA,369
de.sec.mobile,8620E768A8B03A5C11B3072CDAC7F8DF56026C757E6E535A4075033FFF15AB98,42300147
com.muba.anuncios,7EBF1CB2023038B14CDE7A74EEB1C153B62EA7CA94AAC041775E5C620716F4D4,45000
com.nike.snkrs,4C46B69F863E90E7F73F721EE9AF6625B8F83B97286EAF53EE24C2679CEA2D8B,2021092408
com.app.pepperfry,3D86D6351B8BF61D3F59954DAC4D847156DB1CDF45437FF3AE279BBC379C6BCA,180
com.fashiondays.android,B7FC810DB20A18FEAB32BA95B5026CB9CFD62F354CF979F8C8450F45A853958F,131
com.rarewire.forever21,8C45BE3AC0DA7D3925A9F4D9CBAD3188F81819FD42FDA0C4C46BA061FA9DB390,298
com.wildberries.ru,CD951593CFA947CEEB7646DD5A48085E26769BBFEEA7BBECBD16C4950C8F10AE,60443
com.raincan.android.hybrid,1AFB2B5C0A3D3DCBCE04C6AB3538E75D8E2E220B1823D685A23257DB1DC32B4A,80002164
com.ebay.gumtree.au,C499EBBBDE5DDE653D332042EA08DCB00BD3B7338647C270E4AFE176185B640E,36412
com.urbanic,DB3DDBA912D5F3BAC52117D1E21E46AEFCE139D08B7080A1FF815B7A058E23E8,5652949
com.ebay.kr.auction,44FB33214BF993F03983ACFFD8C001E41A5505E16C349A9F47A48343E713E1AF,239
net.kilimall.shop,EB3295C19BB3B0E012F123779FFF9C0A22EFE9AB9EB19EAAA62F8F7BB5E9C711,468
com.ria.auto,4352D56D8CE93C1C22F840719E5EEEC39B5F0E868524FB3AC032698EDB8C9957,539
com.dmall.mfandroid,AA06EC8C65816CCAC2E8D5FCCAF3CE9E71170A31A453AA1DBB6BC735B874191C,160
com.lidl.eci.lidlplus,9CF8ABC43B0177C9D8B1FE2566F5303A06E56EC6320E734DC22A20E4127FBC43,1470400185
com.namshi.android,59C4405AC9993A9313D34A061894FA283AF1029846A0A1814BD237B790E40507,12841
com.inomera.sm,38130B8CAF727F99340BFD18D43977B81E632287EFD395AB1AC03A1A520F89B5,2021100512
ch.publisheria.bring,9E9AF608631DC127C4ED94C5103FF1FAC5B951427C8733C42E612D60CEF71DE2,303480198
com.thecarousell.Carousell,50FDC8A536B2F28138BBEF92C675C7D2805AE1D9BE49B5903437CAC748ECFD59,4955
com.ebates,E3F948883E155FFE5870F84183E88DFD1E9FA9B7921F9C199B228BA7A3B6AFE5,9140101
com.fingogroup.fingo,50CD1534942ADAED6A7B571AD4AC2D1AA3EA9EDE5EB66C0A3028B0779A8648CF,2881
se.appcorn.Blocket,BF80666696A43552EEB7B157803F29C1C56EE705DB2AB080C51EAB3B5CB5E239,532
com.manash.purplle,143FE8270261C84E40C0E7691B7A008297B8AB60C4672D299478E896A9ABC9D3,342
com.bikroy,D1BD20554875A60801DBD4ED886BAF61EDB4358C622DD9C454017E02E499CCDC,215
com.saramart.android,43C1B13632E21D505383E1EFE43000B805B8FE24062580380C69C844D0D3763B,77
com.pepsico.kazandirio,029A72900BEF4C84618E18DA4FC8EA679E9AAB09E07F731033D662E8DBAC8773,3850
ru.bestprice.fixprice,9FBDDE0A0A88636A91BEAC9792AC07D45A967065CBDF195F8F70C03EEBE1D446,79
com.claro.miclaro,D2FA5B45341043E77249FC2DAF4A7FDE9B003CCB4154C55C21B464643ECCA198,2160
it.doveconviene.android,E6CF63CA32BDB8209E40BDCFA201F4F2E7DF96D777196B96DF29C08FFF596868,9090
com.holosfind.showroom,DEC3104CA388764A8FA6C0B6E950ABE52ED6AF8834AF456B1F22308B17D3F5D3,627104
com.newchic.client,B9BBEEF584F492EAD3E1247E864837376FC75A05962D6DA52D9C45A80444060F,61701
com.nespresso.activities,A7FD666DED6CFF39CE9076A44252FE7C1317F4D0FA9C75634F66F61698746763,699
com.route.app,CAAF8B5D542A53EE845A67BEAA0B10CF19E896777FFE1F0AF67996CFBB50BB51,203000
com.commonagency.moonpig.uk,2E7D4663151499397CB037BFAAC74EA4F6C359DC1A08D473787F298E13CB86CA,7358
br.com.fogas.service,D1872CD6752FD10AFA2AB328C4CEB46E6B196F5CC2D130C195F85ED56F81FA6A,127
com.wanelo.android,0965A0431FB6D57B92B9EBDC359303F1883D99262841CB37BD2E367C5629F025,281
com.gardrops,696512D9FDF8B47795E52FDD70CC18C32D5EA87278FB4CB5D01F91D178BA6444,152
com.overstock,747FDA1D7F040D7AD4D2468661436FC413A290C1253FD1A7CFEFF06B808E05AF,2021090002
at.willhaben,3E04B1A580855A1ACBB26CA1092AAB6E224A0D34096A03C09680683DB39FB1C5,500310
com.momo.mobile.shoppingv2.android,6216FCCCB035BCAFD3A86D0180EE24C4C4D488AA81183A542E3B10A1B17881E8,288
kr.co.emart.emartmall,29E88B0496167CF57497BD62C6CF17895B7575EA9A68D5EB7C721F78D70D9448,30301
com.amour.chicme,75BBE07ABA1235325861696388785EF27123B337ECDC8F3F8A471D6EBADCC85F,360
br.com.netshoes.app,FA1F1B6B5066EA28B22E16393322AFD85798F4B390E1889AA0F54020C83253B0,447160
com.tippingcanoe.mydealz,79F92768BCF0063EB8978BDDDCB292AA1DABF3DE5DD477DA20FAA8E384AB85C0,60300
be.tweedehands.m,1A99AD6CC42CB0D63BABA0A3730AA4A12521D1F02316ED52A3C0FB703F11FF87,714
com.vsemayki.app,071336D02D0F13401EBD50F457058FC464EE622D63228ADFE6E205AF276166C7,126
com.dosh.client,C2AD1B296BE5EA6997CA4A805AEB8008A931388F5BCF2C4FAA74CF0746FB8490,386
de.gavitec.android,2556182F558F36828CD104EA9D47AC6CBB99CE883B1725776C6506E252325BCE,10041402
com.taobao.taobao,C0F5FC88396CCCB43BE1E4BAC66A0D8ABED19BFCC86B910B3DE0EAB54719820D,329
com.fsn.nykaa,FAFB3CE9522FC23A2411CAA81CE7852EBC74F3A46A8493C79FE4609C42CADE7D,15374
com.falabella.falabellaApp,BCB2E77890004B56493636F11A4E7E0B8F33EC0525B3B6CD89DC0FBA7D6129DA,229
com.shopclues,41C703DF0D0FC4907C32DAC6B3F628B146D63976B6D4D837C4FD53D47A6E8620,1240
com.cakecodes.bitmaker,AA20DD19F3D92CA4F708081B66E8936C58893A1603954EC04FAF55F36A49A0D8,801103
com.interfocusllc.patpat,73318A821EE2E20CC556A67D70D3779FFFD3B96209AABCE555AE1122F3862033,241
com.codified.hipyard,9C73822EBA8BB5A42031A92444E7F1B0B43B7CDEF47B9FB54B6E1CD9B97C5974,404000000
pt.continente.ContinenteTelemovel,53B8916B6C14175949FDDA92FD1974B804236593781AC4278ED851A8C8D4F8BD,30000206
com.koovs.fashion,D641B82DE63ED8D583319C26C7276548A54B54BCEE252F8ED204BEB7FCE362E8,97020099
de.zalando.lounge,78EF150375F099D57E907DDA904A2B2CAD7A5B8239C4AF3527F6E034FBF8E824,290
com.Clairvoyant.FernsAndPetals,8A99535CE0E55E42F2EE125487F7E432E5D8453776509F365C7CB039013E35F4,130
com.haraj.app,828338A3365C0F929379FB2C5C958AF1E6834B2B092076AF4BECF3895FD50518,809
com.omnitel.android.lottewebview,5EB9516555B5CA9B4EE11C91D3BA3061822CF099AACB205A9BFFD18493A4975E,443
com.yoox,59F02F4675CF8113240FD8372E300745CC78C62FEDBC755E29F9BFD904062FC5,508100
com.ocito.laredoute,AAE59F7C7C4D5E62A20533493A67223FC0867E740234EC630C8DC56475330654,1124
com.supr.suprdaily,9257C49B44C90548BA0C2AE2070A73E237D1A70C960911261713645BDC211F25,30184
com.gittigidiyormobil,8899C9704B3EC4E8406B20761CF8FAF2113B6306D467044FF2716805F2450CFE,35200
com.walmart.mg,F8F96582F899BB90B803312871D6835AB4518413642C3AFF516AE448CEA1A266,2199
club.fromfactory,12E7968E4DB119F3410B4767B7775A76CCB90F6F48831D2D681A1AE95B70CB77,60401
com.novapontocom.casasbahia,D27B7B529683770D61CFDF037E0A1B259C189EB155120FD13D3B34A57A3EC7A4,250000232
com.pinkoi,E00FB266FCCFE6F22AD207C2322ED87DD0F41058BB5A6C5EB3ACAF871BB412C6,590
ru.farpost.android.app,8D64DE2764C805F6F152A0FAEE2B707E954C91C7884FF7087A1BFED11B22772C,61
com.lotte,545924F2EB7B85889864D3D9E48C651B06DED7C9195E07F9122920CAA953BCF4,1194
ng.jiji.app,0EB0277E357EF835A7E12E3D8DDF1B560EA11C1D4139C10C5766373E10A858BC,487
com.letyshops,8B03793023C6105BFE431A5CE8B22B9E9B0635D5D3EDD42A2D8DF9980C495A6E,210020020
com.ricosti.gazetka,9555F5DDB25367684CAA75FC0A36B1283259AE0C75C679B19354D1FC959BD75B,50050
com.dunzo.user,3E6B5AE7810395810EBB5D3FD998CEDD7BC81B115EF85D4BAE9E08F7EF177ED4,1740
com.airydress.android,8D5B5DBCCD2AFC6F9D7D6C48AD3EB78DB7FB7DE603DC1DFEAE384AC0F2653843,3270
com.rosegal,8FA83888F7CD2DED0B01784A83508CFABD609B8B00837AAA2D8FBD387266531C,125
com.venteprivee,889799A928F9B8C21C62CD948BD01FB098AEB2397793ADF618F9DFEBD6E2D306,2023263617
fi.android.takealot,8D7E8A45708E15127C940769DC15AB36F487D9FA6E5077398450E6F0BBD99FA8,800608
de.zalando.prive,88C347AAB8389F8D15E1AB682B021343C20DF45C3448E1D7C62DF425B6A7DDFA,290
com.mobisoft.morhipo,1A3D2735267FAE8C5F1CC9B36D532BB702C51C6A849A24ECE4E7A72C310D30C4,262
br.com.clubeextra,99E498252AF64F3CFDCF940CC92FDBBD4C6310574BF35B2B4AEDD16555E12316,5000346
br.com.zattini,4C1D9DA876753C388F6D04A7C1BA02E3854AC768C5437F5CD3DB86EDD05D7C4B,247160
com.kaufland.Kaufland,1C81E6A625B2F382020E950D63ACDAA20098F3B3F74622F5140E3F4C7DD816D5,65507
com.myntra.android,6E4D432980FF8D87675CCB6B8D3A83A2B77177CDEEA1735F9ED2720204D933B7,80110398
com.mobisoft.boyner,85E99FE1B7EC143715709B4C495F41D6143B3A5F04E09036AD5A1DEA04B37BAF,1334
com.mourjan.classifieds,F11455CFFB11CD8ADEB535D9E22E2667A624C5633D8E2E9C886D57A6E9789B37,186
com.zappos.android,FD60E59A5DA5598773ABB4FEEBF8D311F9B6570AF90FA13892DFFD2501C9D2BD,96541549
com.mrvoonik.android,045FE932C463D6F6C9CC9B9F87745CFB3D537CA0CBC270AB95E96A29C5B3D831,20071
com.elevenst,CED4FE65D646F6D902F0BEE7A1F22BF6E4DFED432660BCCB36F99F392582586E,89400
com.superbalist.android,2E9D7CE26B5ACFE81A7626D46A1A98B634538A17F955A3BFEF60E5405BE2072E,192
bd.com.evaly.evalyshop,7C35897E374CF8266B195EAD5A72D45B3F9E6E571053453ECE210DFB91B0FF00,2932
com.shopify.arrive,854FBFB30158050200038FBB03893D10861ECC8500272B0881FC6D2AC1D55266,3146135
net.slickdeals.android,300B88B221DB95EA011526EA012E471A8B9FEB896B9BFFC2DBF4DECFFC0EE95A,1264
com.lazada.android,7599225EF1BF4D11FB6E6C56670A7C188087C043E50E37953416084811AE21F1,1660
com.walmart.android,82BDB3D584E6B64507CD3626C84ABDEA0F8583F865AFE90EDC75C3B117CBA707,21220106
kr.co.quicket,F5AB03F962F3310342D069D6D5D9BF9FB10C0132C8D66CEF37EF4FC5653B8A45,150080201
com.getir,65DED5954E9C1A5545360C9F27F95041D66FE1BB38D588B9D92E3A9D86A3238A,255
com.application_4u.qrcode.barcode.scanner.reader.flashlight,CE4A4CCDCDEAE9B53FCAEDDCB44D38519BEA242DC8B099E6DF6207D959BE9D8D,224
br.com.dafiti,C7590B1FF5755D82919A3F9F008208EA0B54652CC964692AC6F4CD7E8D9A8686,60020215
com.cjoshppingphone,E39199B655D151C781ED6BF3EA3D7B442A50E6C6AE36F7ACEE8E190C5984C6ED,775
com.macys.android,47ED239B058AF9E57490C443D49EA27386B0E87657C413DB6B50BF57FE63B7D6,15702
com.lightinthebox.android,1DEE724C320A1CE4FCC0B4A58069F0F0932DFC38B2B21635014BDA9077A3363C,70100
com.tapgen.featurepoints,B536F11057BEE05E9F5101CE804B375D276286591F17CF961181F4AF2ADBB560,105
com.CouponChart,04B86E98220B57C1B8252B3DFE08AC2D38ADA28BCA24A159B3249BB7149D027D,528
com.mzadqatar.mzadqatar,CE687C2179E2729AFD20E1577EDE0AF1DB549CA40591386DAE1452CED64F2E19,187
com.ttech.android.onlineislem,F038EF62DDF6F4BCEF46D72270F5658E68E1C7DC73B21176EEC3330099708413,163
com.shopee.ph,D15F2DE0CE2CC811A1AFF4435D45DF02153E0BDFE5FD1B87008765D4E1B4D0EB,528
com.interpark.shop,976310E9B0341ABBFA9E3733FFCC3994359CBC85EC155B139B56F532EB6AE209,331
com.abercrombie.hollister,B21EC065DFA2DB33F316EBF26A747EBFDB9B679336A0D246009458A4FF00A4D0,803000
com.fordeal.android,49BC09939B6A9BDD7547F40B5F58E9ED06864A4416CB8F79E56878666B060845,237
net.giosis.shopping.sg,17392BA1DAED22A064AC17189930B9907C63CA1626BF1640717BE76B46628EBB,252
com.froogloid.kring.google.zxing.client.android,60BE1CE17B9225170843380390453E4DE0A5DE8E7D83774083524A8E78EF867B,549
com.flo.ayakkabi,328EBF71FA80F92103818A9069EEE757F25038DB706D2C71ECD6CCC12499EDA0,41029
jd.cdyjy.overseas.market.indonesia,E95488682D061D658DA93B68B5F33E4911F6FC4952EFDFB95A8A7341008E9047,209
com.mercariapp.mercari,AAAFFDFF394DBFE145F466F1C02620F834DE7FD6E7B06FD0286A7BA1C2863378,143221
com.ebay.kr.gmarket,E3EF498B7922CF401BE706A395A3C44DF3E1F29F8C8E04FA967258A6A24DF9FC,234
com.souq.app,D24A82CAE1150CEDFD44416DBD1179CFB10FCEE29705CBC39C1D96D9002D7586,221
com.voixme.d4d,F525BFFC6E690E2B08C61B2081BD70877ACB7EAB5FDA30DE5B31F982790948B3,357
shoppersstop.shoppersstop,BA5A3AACE5EC73B0224BF9EFB8B4DA4C848CE7CDBEBAB01B833B41076AB99F4D,367
com.digikala.diagon,56B959A401E390951A589D0DF179BA0F7B2B06A3852ED61BA9AFEAA0830B14C4,78
ru.detmir.dmbonus,6EC7DD27196DA73272F1F6C214553FE7D535EB0DFFFDDB74FD2104D57E4C11C9,515021
com.notissimus.allinstruments.android,88AF8709975121E83138A8CA2145BCE9E72C20D822B809A44EB69B5F953F3656,3533
br.com.mobits.peixeurbano,77149A988F1B46C9BBF8FFCCD1D1EDFF93CA5DFA57EAADD7A477BDEB9C9C78C5,910000900
ru.ozon.app.android,463B35B6D4A9CED2AA58E141D5BCD8981012171D39E42FE457D39F32C765E717,1720
com.chilindo,C8BBED80B98913ECC02EACDB82F86C988CA83F4FFE51C73B6C70DCD2694981D8,295
com.thirdrock.fivemiles,F25403319FA187551CC31D0B69D3D09B469697FBAC308461779F704A36ADC075,8081
ir.divar,C4FEDB2CA1463AB8345A79378A11F29BD51227CFF33BA9EDDBA8B2A180F56CF5,230006080
com.daraz.android,EABA96F2DF9A1B6E5B430E9C4BBCF7CEC9DFC3073C0D105D3FFE18098590EC3E,136
com.jcp,626FFC7828D2BE579424CB89DF89011570BE0D66AF3F305FF6891A1CBC8BA57E,102210
com.myklarnamobile,DEF53B2ED545B121DB615A721A16B5BB529CFAB708E8AAE1C9FD6A52957E6816,153723
com.ebay.kr.g9,F69BD7C2C80F64F322689E3D2EA72DB6B60D9442EFB2F4C6A11B805AC164B97F,133
ru.yandex.market,A7B6BA90F158622FCF8F3F134B0B8818D043EDEA90AC2149E1E6333AC71A1885,362602
com.devplank.rastreiocorreios,D1F1EC747B1BBCCA134EB588386574F732DD24BD55002ED3380DDE0600D2B22E,69
com.wishabi.flipp,A15ADB1009D527FB131BE6BD2E70BF34C880B7AB028D0EC09DA3D27D6E77C55F,1114
com.kikuu,27F890B23A90C7AFC2EE4684A6653DB5862C5FB2694199E7AD6F11F1DF8D9CA7,190
com.dollargeneral.android,6210D6A5AED527A1B0DE373E74F604B3F678E970411A174E60A58B387DE338EE,302090
com.nsmobilehub,CE8201A1F80E7FF7FC9DE30FC42B2CA66729B597FCAAB40235AD5E5772C7CF88,175
com.thehomedepot,F896F5D5052FAA82BA5821E565513AF035DD9B33CCCB95415CE696A81CA35070,204
com.bukalapak.android,EA4FA9F0E30A9EE87C686FE3633F9842E56CF334ED2C5098302639C849DAD236,4097203
com.floryday.fd,1767325ECF9966293408107C6536E086CC063CE5B2AADCE0B0F9569CA6FAD07D,73100
com.l,1F02C37AA2186E5F3E869FA0BC1DE86D72B22221068881D5FF68B91EAD6A88BA,190064300
com.cvs.launchers.cvs,24DE5D55924B3A3AF781BE344F5A8C134E9CF7C3BF6B88AE04BDEFA4B1A9C3F5,750
com.hmallapp,2B0A9FBF8D028C77773AE00847B265E46A218D6C894AB899565D6FFD1C5F8281,221
com.cornershopapp.android,E4352DF98DEE3DD2E0039F12FFACDD26CDBCBA7A89850286B3CABF9FAE9CABD0,20609
de.barcoo.android,E94FAB0FBA2AD6FF9BCFEF5197F1C4995293065BFB6910741F1F2E5F63E2E6BB,17098
com.application_4u.qrcode.barcode,358DC857982383A886795228BB21352B6DE4323C6B95BD280FEB9B5EF097CDEA,264
com.zivame.consumer,FDCC02BA6DC1CC3C6230B09DC898275E7E5F6362B96A494E8F4C89FBD5D57007,145
com.root.cobasi.Activities,204258B63FB8133442558A6CDD2A5F1BB3897A18C67F0DE35D72ACA08299C624,1204155860
com.contextlogic.home,78C88A6FB5E83CB2D269DDBB632A74FF82B473E1B1012C9B1E720B0F349EC360,379
com.wayfair.wayfair,90C5C3FD358FE75C5E2AC6369179C561C5801CB4E633CA9DC73F24D8F8FEADE0,1994600
com.freshtohome,9ED021BDCDA358C1808036DD96D396D41698D9EBE0ACAA0066EA644C45A6A9CA,202028
com.b2w.shoptime,D9003692F47B9A57E1AC602F5D20A1C0A54B0D20B0FF485F031D80088DAC9C79,110000802
com.zoodel.kz,079D13B788F461E452E4F42494DEAEB8A4223E8CBED946F10FEB6315482EFF6E,376
com.novapontocom.extra,1D166FF5A3AA8846E7A7E5E22986B9AB4BAADECDA2B84015EA0BC6BC970C5B39,250000232
com.romwe,7E7B64F5BB433C1B842E9C7CE39D3970C2566CC9B63B5BC14C938376A3323E9B,524
ru.cardsmobile.mw3,31E7171215CBF4978503119E7855A25DBE0ACA7AB411EC26CA80600919CE8F70,74700102
com.coppel.coppelapp,CA3FCC67353AF31A76B5C475BF0BBC6CF439F9BB84A1AA9FF56E3150B0D6E464,286
com.meijer.mobile.meijer,C7C3B45C1A43199EB3277E89D76C67604DD21E3078B72247F1E8ECD2CD26D6F3,80003000
co.go.fynd,1C64FA05BF0983F01F81EBC9178636C08B502150A424C0641EF6B2886269043D,116
ir.torob,FF0BDEB7CA8EAE73566FFA731B17B75B6EADF3A5A4873025E646D97F6C8B1061,2100091
pl.inpost.inmobile,8936E4E2A9E87A9710ACA118870CC2143F9FA553B34AC0B0F41F04513AF612F2,30500000
br.com.tricae,0E34673ACCE4C25EA4D7D7E66855C422402CBE3F1C140254DA170FAF487D511D,100100543
com.shopee.my,60D16E6C166F74C621346F3E6566ACD007D08AFC07402643CA7DA29C389D5B43,525
com.contextlogic.geek,99B102AAE4A7EA3317CFBD2078D5D67C6662D27B8B706F8196CF5257422E54A3,384
com.zilingo.users,57956B6DE78BA5F114782E8533EC7E14B4123F1BA8D94B648D20A9322392E420,216
com.homeshop18.activity,188FEC06A36C3FBC5B403E1EA8316CC452DF6BDED06B41F0394E81E56063A3D8,332
com.shopback.app,637431337736F1595D7FD2AA5DD9BBA888DD435A7B79C45B31DEBF811DCFAA34,3410299
com.carrefour.fid.android,72966D3882B2496CDA7E84624D2CB23521E789FAE5A29470B923ED5CBD35850C,946
com.metalsoft.trackchecker_mobile,553BE0D15811F127F335AB5B2716197A2262F4E8B91FB71E18A80AC509E521BD,408
com.lowes.android,ECF768A97176143E2B069BF3D2E52D6631660B1BA5928EE50FF219BA4A076C5D,213
com.appnana.android.giftcardrewards,C0666AFC787CE6FE2D2CFA4456CE816291D95C4236D3E8E9EBFF2596BEC2CCC1,21093
com.asda.android,D4C2AFF6C846BA92D6BD62D65467DB99747B6E35B6CFDB42DB7D6405DF2EC0F8,210800
com.Shufersal,68E4B78D7D9AE3406392B41B497EE5EA773A1B440A22D84F81A0B12A1E8652C5,40100
ua.prom.b2c,FE80C48894377436B0046F8526DAB4BC8838BF94FC3B9AF10045B48BB9D6E060,439
com.ayopop,2844BE2E9D591E98A9F5744AAB9ECD68D2684C70D1EA405CD587A3FA879D4A10,164
com.fsn.nds,4FF64F16D5A06A2760FDB81502BADF693DE100ED542E7C830EE9CEC6A599C2AF,5810
br.com.encomendas,5213A2DAD92E314CF7306810E03B43011C7C3A3401D05EE1BE19C1260F81F261,248
ru.tander.magnit,F084D28DF86C9AFB2FA5569DC6FA8C873CCC0AC5A2F71E9D9FB6D3DAC205EBC3,600072
com.olx.ssa.ke,2904F3D5311E1C2C9428BA4347E0C8858B3C30127789865877C2EBE149D17ACB,1400087
com.fetchrewards.fetchrewards.hop,32BE56391C347336957555D83BF29386860C14D65B47F1A0C02C15D0965AD64F,7501
fr.snapp.fidme,CCAF2BD7FE90C44C7BA93D8354FE5780B1F8891AB31D71A7CBA425BE1B8920B4,1596377192
com.ebay.kijiji.ca,289D02C95416CF8FF34CB44AB06C446BDBFD3B33997F39BF08D5E9BDADA0CC8A,2500159
com.contextlogic.mama,F620E5928F507402CC1137370DA99A55095483E33C1194EC4BAA90FAAC355F4F,382
bulbul.tv.customer,D94492616965EF4DDF2E3BC5B841C12A35F5D708C98EC33A0CE30881A5F76F17,118
kr.co.ssg,DE19FD401D004A01036013601863D2881F77430A1AC521D432E4CD57FD089F17,30301
com.zaful,57704F6DB6FF774E2E1121D61D203DF636786CB4DD48599550AD044C9BF1EAEC,312
com.ScanLife,4EB25BD0738EFD21538EECC851A9EBAF3C7DEA16D8E65B6E482029DAE6DAF334,908
com.sap.mdc.loblaw.nativ,F934FFC70F77D72B56791D9D7AD3651C1AE3C0EE893F4B71962CA4CB9DE3A54C,417
com.oxigen.oxigenwallet,81D195DF00B7667F27A691C5F565783A387C27F0F86F44CDDD8F3CE9BD41A08B,108
com.target.ui,6CA7ADCDDE72DAA10FC4BB766319F12D5AC6444F7683499AC171DB5FDDD22E14,1906002055
com.oriflame.oriflame,FCA05DFB4C324E250A6CCDE5B9FC3A984A341EB723AA12E18398D5AEAD6650C1,40070400
br.com.buscape.MainPack,7217470F7AE44680B64630D1156A7F2103E0E3E0117CE720071E0EED1E500681,2019083527
com.brandingbrand.reactnative.and.bjs,FDFD8D77049B758D840A42A380140546029D19B6AE4717664BFB79D70D506FAB,1609000004
br.com.supero.posthaus.site,BBF55D0DB62FC94AE789DA8A74C694F5B637D251237C933465FCD6017DE350CD,275
com.shopee.tw,91787DEC6DBCFC87C0A886A54DEC7A01B66A95E7AE6C179F43D636026552E5F2,528
com.lootboy.app,4CF9EF16BA489848A3F311053B7F39FDAE025702000B25D09CE66404F856F313,1307402946
com.reebee.reebee,A1AADC60D7CEEEC429C3CD34A84527F4FD7583D46ED526061973166ADB13D661,383
com.victoriassecret.vsaa,3220164AE74DB2E72A56C102AEC4DF2615D41D7E47BD4D04C335BDC2E11C2A0E,589
com.amazon.now,156270C6D89DF1D9CFFCF633B1929D568833036E745B718321BB4E945AE6EFCF,42230000
de.idealo.android,76DE8AD8991A8A252ABA11422B5E3C74198351B16BEA7AE742216850ED812E15,1911038
com.flexiplan.droidbd,C5C3A657C59D5F5199C10D4A8E78A2C0DF1D4F46B3E854A1579384FFB660AB36,24
de.aboutyou.mobile.app,1226891EF867F748ECDE4950939EA617874BD406751AAB4B27CB9062C90916FD,4106086
web.id.isipulsa.appkita,62F95B501C1B13C3A11DBF994841722BDCBE521BC11DF64D5DF2F4D1B67FE434,201209
com.naaptol.NaaptolMobileApp,77461C59F7B77662DA07DFAD284D053A148C3BAD9965749832149CF81F388D44,82
com.himart.main,7898E909CC059961005AE023458D808E0752BAA33C6E460E70FA273AA524CDA8,278
com.vouchercloud.android,0EB3566E662C45DF3FD58DB2E0B132813E3897C40996168FB899BFCB9E8EAB65,85
com.luizalabs.mlapp,6D0B31F7840FE257369632D3FE54E1D570527F025747ECC343F71C04CCF5C6E7,3560000
br.com.kanui,F4647505897DE6FA817AEE61B707E27BA92C52179B0E666FBAE160B843611D4F,100100552
com.musinsa.store,AA3BF091ED2DABB7D332AADBB91062D61097ED90C5219F943BD891A66CD1A651,292
com.jasonmg.market09,2DE018E08FBEC3FB29A6957EFDCF98CE7380DBF1E50FBE9F15A032E42DE635DC,57
com.thefancy.app,F75E1DB119C212208A9B4CDA26685656ED454009F6C9E3C8A3DC30B891D95357,40206
ru.drom.baza.android.app,46F84E25C55B8D13BFBFB0496009DAF6D8D095B925FEF5C2A580496129A628FA,60
com.offerup,EB025449D03B2D809750C1C1ABECAC9F50D04D2340E114C136FFC21BC184B159,401601002
com.tucarro,DE185D7E10405FB1C63D247A0345555C819439CFBB91CE45D6EBBB98F2E4A1A2,58
com.raizen.acelera,509A57EA30E9458295C404944976121996475DCB3E542A8612EEFAE63697D92C,90872001
com.victoriassecret.pinknation,7BAA57B8027BCF8F86102481DAF89C984EB2F3EF530FE980811E8E5AE580DE7B,5000083
com.bonfiremedia.android_ebay,122B9276D6F7E8373445389CA71F84E3C9F7C42992CB703BEAB66971093912B9,247
www.undostres.com.mx,FC14C6F0D4A775ABD7A5FE838A0845B9D602E8292F9501DD28825BCE96795CC6,115090747
com.mwg.thegioididong,A8B8B92B0DCE67981741CA6B24965E4ACE887D4FED5761003784C2C65ECD6973,30161
com.mob91,FCF3DC531A30E50AA7123D0255043F7DEF6BBAC548CFC7AA250F73AD6CED378D,373
com.oliveyoung,642FC33161CB10A7FD98AE6B1194E5500A5BE6D97FDEE3AE7119252BF4B7704C,442
com.yahoo.mobile.client.android.ecauction,99143D3E7B623097BE03BF43043A0A28B4DE906D68CCFBE21CECB5F4928C0314,56843
com.quikr,A74EA0E7B61AFCFFDB91D42698AFDF51CEB16E3342BDC801E083C03720774E4F,446
ru.sportmaster.app,5A37B4A30C4CD32A9CE09F50C8A54D67B4FCAD2F9DDBBD294CC917C56D022B54,21673
mx.payback.client.android,68BECFC0C55ED1CE999D0341E07CB83BB44957DA873360B54CB855A92E08665C,680062643
com.honor.global,6BE5043284383426E48E338CD887AC563997115E0BA96FC488D71012A62DBFBD,10901302
mx.segundamano.android,8D7E1D41E28EAEF2F115525CA5D2CA1272B7ADFF475DE49E999959AB3D35262E,150309
com.icemobile.lenta.prod,3F632A7AF8B448F4A18A623EB93148606E991E97293792B1BC45EE95D2FE566D,121
de.payback.client.android,4476A82EE9CC9B54743479227381CBEAB5AD40E7680FE24CCC5C19F3A68EAC73,680043610
com.americamovil.claroshop,C3D944BCE1AA410BE4F0C1E7888300AC099255678EA5BE7F5F14A4E0522DBC4E,700015
ua.slando,5E97C08A08FC28AC0DCB8949AC19EB8F3ADFF2DAE9C5E8F3A5AF66F6263F36B1,33
bg.emag.android,6CD9250FD45FB17CA47CF8C8FBB8DE81A387A91D8B43D64AC6E4F803B23D1C73,187
com.defacto.android,9B8CF51F372237460AD00323A21B48632070FB02AFDC4F852DBA87A2D32CD820,718
com.mobile.cover.photo.editor.back.maker,8376EB77842A95471B86DB20BFEDE228213697349280A432F07991CD3BE082B5,57
com.tksolution.einkaufszettelmitspracheingabe,D4107E15A076EE201B3D5245B606BD4FB9104122E75CFD8C9FBE105A660F3135,5702
com.ebay.gumtree.za,4B22C46292AAB69EFEB38FD5968FC8B841AD7787EE0EAE57F9FC7A2372C9F453,23802
com.g2018.hfcoupons,4E337AFA38BDC60D299A395D398A9204D54A2945742AD76C3DB5690CBF71315A,48
com.ikea.kompis,D28FA3C8291CF8EEC097525B63D175B18CA1E02D6FD54B784AE587A7C0FF02E8,2290
com.livingsocial.www,58DBACCCA5122ABB3B5B8D9C7E2F7959E5A2A44A38FCB2E8364B7E7BCDE3BE67,50304541
com.familydollar,23B4770F156F50D0ADECE40982AA40E3BAF81558BD322D3EB5417CC5E0BBE5B9,406006
com.c51,24744646766FAF05B74A4A36A5DE05DA8F9DE238C67D7BE5245D2DACE2E345FA,12312
com.nexgen.nexmoney,281AEF7A5D0B1CD2EBBA34CB594D70E2BFC76C1A0B3B3807B440DF5435EFE0FD,145
id.salestock.mobile,D5227D94B059DCB7C22743618EC94EE4C505A8446C13578731B6403CE852628C,2700211
com.zoom.zoomandroid,473F1837BEFA2DFE706272D377668C432CD4DBECA1AE63B458A4F3A36AB9663A,1106
com.app.tokobagus.betterb,9700B602C9A2D8CCFB28C427BE2158B404E4F278CD9A35499EEBF1A8D9803CAD,23
com.smokeeffect.nameart,A1472D3461F6EA3F34CDA378934DAC016CD692FA6EF36419B5876974F9905BB7,18
pl.vinted,3137799A7F6238728038ED8E4A020153539C40C97380D24C21FAF58EB232E819,244
com.payrange.payrange,DECC6AA9609408D43519B5BA4268264CA6192A499464940589E35633A9F9F3FB,1534
com.kuo.buy123,FFD4391A89B277718CB508D36B30BBDCC901AAB0A872A8AA30A45937218C8CCF,273
com.amazon.windowshop,6E4F1F4A454D96130EA10EEEAECA24246C12D84DBB627D6B00F68EAA3BAF3C46,5508110
com.google.zxing.client.android,4D8C739E115E7AAF824DDA3F2A55667459C48C2F140D15EADFD6D3D6271BB0B3,108
com.tesco.grocery.view,41119EFCFFE286A591B72AAE687F0B8C32353D1D5AEB342C56908E11745C6143,55
ar.com.supermercadosdia.customers,BB2C8138F9E3E5DDA60D3B9B7CA91ECBCEF574B3E40BD75B9ECBDEFE4A7360C1,63
com.pictarine.photoprint,C8310075252B2B1A863A078E9185EDA435A256B5D13274617F4B4A5FEBAB2284,416
shopall.compare.onlineshopping.shopping,5472DB2C81D2D26B1A615F4602F1096B6E5CB401303B50BC759268271A60234D,229
cl.yapo,6469996A9163F64CE919D25D4C573D73B603A9BBD0E8254E3E4E22BABBB2BEEC,32
com.olx.ssa.za,790FE753D79BDA19531E42050BBC496B4660D090B95E932860E1C13AF2003306,170
com.sirmamobile.prodavalnik,800474C1888FA6487B5E4A019126CA49892B5AEFD163CB94BE2EC2333FD0DC0C,9
air.com.avon.mobile.AvonMobile,C997D1EAEB534B91822A93297260D8F016EC057073E95BDF0A411606BA4CDACA,2003012
jp.co.rakuten.android,9F53E8944AFA24178DC26C333410DAAC63D1D5AABAED2AD08F4BCC5DA3306443,84
com.app.dealfish.main,A06F688ADBF55EFCD4EE998407D20894C45DBE2E67BA5E8EB7130CDCB35CF190,50
kz.slando,A95D104E3605BC2F8251D5EBBAE84644477DF83252180E297CD410940B8339E5,4
br.com.lardev.android.rastreiocorreios,EC847DE9DAA69819E067E04B19DF8644580971966267F355DA112645A4003C8A,46
ph.com.sulit.app,C0C81C5BCD947D90E0046F173E2B02CDB03A2358A70CAAEB7E94AA33DDEA5FCB,20
com.owlsmarter.mobile,C8AE06804D422EF0AE8A70D67A5BFF067BB9009ECFDDC4A5DDCF86B69E0E1461,35
ro.mercador,D0AA07292927082FA1E375E725AB68B40B0607A9B5686376101746015E67F320,4
com.shopee.sg,F58BC9B35D392F60C317F5607C700752B315C54405178CC4AFA08AC9762DE61B,67
