package,sha256,vercodees.lfp.laligatv,CF9CEEC580A0DB4EAE1B7CBBBB7896B54681A02CFD069C116FA636E94273BF67,202109280
com.telstra.android.afl,813BD92AE899C2A3C304BA69BCE70D59D6F48A3EC85939CCD48C3B992C08E97B,41104
com.yinzcam.nfl.eagles,8CF4D60F233AB6691C49FFA1D75DF1A35D7C09E6C661CA68BBDE95989A7AABC4,1676353
com.teamapp.teamapp,05BD5E6B0764BF4DA73B8674550F9A6E5048DD7162EC073137B33BEB54D05940,8886855
com.onefc.android.app,EF21A0360E96EE45E0EB5178755C97B5FCA389223725E22819510847BBB32AB6,3145832
softpulse.ipl2013,E89E08817DDC6FF4AEF315B56A6C793DA3F2C9366E94504C1EEAABCC1D520C9B,288
com.pl.premierleague,E360557F1E33DBA668AEB6CA349ACEDCFBE1A503343119C3E0CFB0FAC58DA24D,2737
com.iamat.tnt_sports,AD339D24874A6A8717DCA959898436AB5646717A97185CAB2665DFBD88C7183C,30002
com.onesports.score,1551BF59D35D7B4DCECB4257941AB2C7557B00A3D47BE7E9AF5437EDF4B047F4,138
au.com.cricket,BD273B5EBC48D6D25AA5CFBE0C1B7B31D3E51B093996B235CFACB24646C1AEE5,17701150
com.freerange360.mpp.GOAL,DC14A4D3857D203641D145599285BEBFD04C0AA744C79B725A6E6F1D9630EF33,1000000124
in.publicam.cricsquad,E8431D017137FE3BC2E58CD83AA9E9B2ADB463C81680C880A8ECB3FC7B94E0A3,181
com.tymate.domyos.connected,661D0F7CD788926B5B425AC0CAB4F5E090A817592CD514DAC52C99058F9AB456,419
com.yinzcam.nba.warriors,59D95F6E620837E7C09D57E94873303305F998FA21D1C752D93BB938140ACE35,1634317
com.realfevr.fantasy,6102AEF7CFFC28EC4470112D0B24C575042C2B24B212D807BA76704563067513,19076
com.bamnetworks.mobile.android.gameday.atbat,D8E3C1A7A79B68798300FF9879C676AA66F0DB3BD3D4AF561137D0BA647A7AAC,94601000
com.theathletic,2003481FFC216CCBAFC2070EAB43A4E8C50F6E2EFEF0148B39363E1CF1F6D123,33608424
com.twothumbsapp.futbolLigaMexicana,0481216D1995567F421D00135460C319BF3D9FBD8401BAA0CC14B136F98E18D2,113
com.huami.watch.hmwatchmanager,B341449D49A3C87B899A91B1D38CDD3B730F524E8C96366514C26ACD9F730279,100463
com.hudl.hudroid,AE4C1381972A86D55BDE01BF556CA106D6DACE5C6E03134D06EB65D7CB60F5F6,3318
com.footba11.results,AEA39D99A2C3367414B745542EDEAF7110DD8BA83C1B7BE5997D2C9CD407DF14,96
com.fishbrain.app,D64D8BE36AC67208B7098F70A9EFC31C30654B6C5230EBFE971E69C97C4BA034,18409
com.nextradiotv.rmcsport,6AE1A5B40AD7960B3592A1CD81C9CF0DB53DA8DF73928CB335C542BD5E23E0ED,1330
ddidev94.fishingweather,3D7288E08F10D6EA2E5F0E836632F0EB48BD24AE5017B47A6611290C39E1EE97,173
com.sporteasy.android,8C3CF4498055D9F6E7B577553E98E823B8B192598DA5FF5AE8AF85ACA766E949,146
com.smartscore.rawady.smartscore,8D46DBB19C2CCCDF246D78B58DD16F17E5AA0EA8273203109CE1E2B60E6290BD,4020000
com.lts.cricingif,92ED407312C86780880D2091E33BA1C577895092ABEFE4199C22003CEBBF0D44,500518
com.huntstand.core,ECF35D357159E6B0632B664FC523C3265BAA150AF3ECEDC1AAFA09043A51A0BD,382
com.yahoo.mobile.client.android.sportacular,7D32FA6A64085123ECEC04C2F9C17B75F5C4025A7A75BD072400B9175C39EBB5,11132148
org.x90live.liverpool,22D06D2A84A69099C3379EC8F5DEF7E950F9A113F873F9D271BAD3EAA7B16257,502
com.espn.score_center,5C75D397F1861F537F9AC4F5528D1C55C753F85E943FF6F9CB20B9B072520944,9011
com.activaweb.matchendirect,35F75B6E1DBE7BC0FB919B73FD5BDE6C6B7F7D5F7BF02E94587DFE4ACBDF5023,6110
com.tcc.android.milannews,220EF4FE868EDCB1BB1236C275E3BDE3C98FA47E5FF087F7B5BE07F5D92FEDD9,30909
com.dream11sportsguru,408DBBC46B402DC5F50E2202127291B11ADC86705FA38DED3896AC1C240826B7,4200374
com.uefa.ucl,4A347DF4E0C894E88C0E2EEB368AF831E801D48128400A797C2B810259D6D0D6,216
vole.io.vole,6E7A310D957B7F1140D0A564202A553F1192F7DA6EE6A499442D94D1E3913FA1,371
br.com.golmobile.placaruol,01F21BCE7231F82F90A77C69F482C6C4A24042DE8E3F609770EE7000EB402BF6,113
com.july.cricinfo,995262C2F1AD35E36D2E4D6C3543DC9FC853AE73CAA621CF6B487F119CCD8DF3,8689
com.mitsoftwares.newappbancaapostas,2F5EA293C85C3DF790DCDDBDB6999B7385FCBB1930873E49E10B15E88A88A33C,4649
com.fanduel.android.self,AE5CD635990BE1E884A3B32F5280729FD82F36DCC5A1457B92E7ABDF52A24ABD,210921173
com.gotv.nflgamecenter.us.lite,0AD0DD10842BF70673E3D4343956E24028ADF9A16C7BC9ED359D9E8F5488CBB4,1335166
com.cricketfastlive,E7EDA4AFD08BE00E24A225BDB988F4FF9C528A015BB32A2ABAE88CFE131BA742,271
net.female.fitness.women.workout,61083E78D5A7327080176D8259C804B53BE6BCF9C4F18973E10DE132F0FD84DA,157
com.gregacucnik.fishingpoints,86636A6F4C0E977A133A1DFBB9927342E23C35260A2F0D8AE9BCA0A3298ED195,310
com.cgs.light.atv.quad.bike.stunt.racing.bike.games,00AE351B36DEC09166E48FE238926D887DA8C8AB7BF93A1DDAF04124733C1EE5,19
com.borisov.strelok,1302DD7A4941989F4D530AFB3503598353CFDA1516B818E0F668072FE34FADCB,151
com.yinzcam.nfl.bears,74077C92B56694E7B323CCAC7A0F4A407E774DF5C8468E1E679E5ED8F6AFFD27,1612365
com.golfzon.android,7E797AC8901D34ABC95F73093B985A7BF5B942EC7FB11570E27E4C6909654FF5,611
com.yahoo.mobile.client.android.fantasyfootball,38021D2DD6027E1A09463CBB85162DD479B52401AA93803AF8693D02E92F2ED7,1300016240
com.swingbyswing,050114FAA7B625FD5E98C4F17639056E07FEF024B7DBDA377F251B7AB33BDC98,1511
com.undotsushin,F48A7404550E54F23CFAE92849724B4D5F32024AA866CD7B9764C69FCB4B3935,667
com.poquesoft.quiniela,92D529F73C76E11386C4F62EB36E869629B95A0527AA974D9F3C06CD7773ED36,305
com.tvazteca.deportes,5E0EDADE1949B146C2901870122F06657F6FA0D6943970A9E4C0D27F5705BE15,179
com.divum.CricketNext,CAB0D2095AB66D8F74329B591D4F804E2125AEF2C6B129AD417890D7C248DFAA,66
com.sporx,ED00ABC7F63921117722E8BDA142AB61B996BBAC79676A907FCD79D94DD8124D,214
com.espn.fantasy.lm.football,41D9A0B69F1B2C042E725A9CD08D20782A47B4A2405D510F2D840B4F7AB1D45E,673
com.bundesliga,F6928898BD749FFA1417D84296CF9BC6FBE4EFCE44E9FEC880CAB1FE1A528A51,4598
com.foxsports.android,6138B0A73E78F01C49BB67DA16E978B4846390443906B91E0FAF501B94C8EDD9,50300003
de.kicktipp.mbookmark,19B62F24E4BA40E3FF78C2DFC6B36DB58F2D0C0371F6542B98913262B30050E1,80
com.jalvasco.football.worldcup,FF0810F6F7EB1CECFE0DE7C14B855F2DD21FF85600FF8D960CA74A423321BB8A,306
com.sleeperbot,0B9F8022706EAB23E84A35B33C4C918F2B9949E19716E7A25494BE518AA6E97B,3146093
com.resultadosfutbol.mobile,96EEBD7E4D0F5E8801FB4C1D2992BCBB15A4D673236483BF63A3E2E6AC5876B7,23005244
com.neulion.android.tablet.nfl.wnfln,29C8BE7810448EBDC97B60D8EFDFB88D810F9353C43D51CBAE56C31F0A1A2F6B,1334801
com.c4mprod.om,386D45478FCDBE7FE0E7B1B11DC4499697AEA126340546B5579D0F98E6059B5E,465
com.robo.ndtv.cricket,1068B728E9460912F74D9A404CA865819698B45E6A7685888AF418CF81CD78BD,95
com.pecoraro.bullet,9D186FFBB5C3AFE037C9DDF07EAFA852C2338D7703F242A84D3D11A9B6FBE1C0,100
net.dofusports.nfl.nba.ncaaf.mlb.nhl,71F7A9ED2D9F8D120461583882D3731EFA14B114356B55DCF173A112CDB252CC,40
com.draftkings.dknativermgGP,E1A869CADF2757004611A0DCEAC332724587BD35F1301F39E268D19086B3EB50,518
gr.sport24,2FA99DFB3887DCEE84E8DEAFC54F35B58A15DC68FF39E7962D4809BA81A00D7D,69
com.copafacil,0D494BCBE81B158651DEAE3552E781EBC96B609F06B875415CD91CCCFE17892B,121
com.mlssoccer,241CC1021CD7482AC2CB0FC83F134124137F36A8B998ECA5088B58059A0FFF22,1632613520
in.cricketexchange.app.cricketexchange,93413DE44661398D9C549E1DC8134DE0FDCEE731B18F559FFB365E82698C7F9C,301
lequipe.fr,404205AC1F6F40994F77A947E2D11AF9A0EF7728E7FE6D33F4F3D3A775F41BF1,954
com.mobilefootie.wc2010,F1BA7D2ABA19C40BA884993B3FEB1893BD7B1FCF29871A1692F7AD5FA5EBA32E,9286
jp.co.yamap,5CFB6A4568AE5F7C64D9C4E1C1F6E84855D66ACE48678BB23D95041BD3205AE2,954
com.rockvilletech.cricae.ptvsports,749D688405E960DD71B3783DCF124DFE8F9391AF2C17ABDB04FF361C653A031E,107
com.fourtaps.brpro,EA3E73E0363D435975FAF17C4AF536D6B293056BE5BE9F2C11E49AF6AE34724F,77
com.wallpapers.football.players,7AEAE70AF02406790897404887906A715FEE763D4B5A0A47F7072F44DEB3C682,17
com.xoopsoft.apps.bundesliga.free,B7D68A2F9F3FCCEE7D2AB5D78AEA8382DBA13B4E8BA7D6C71914CF199BD39919,298
com.scores365,3C7A2311AA622449C67B30B81D7B71029933ED59DA1EA44BCDA1F83C77076B5D,1149
com.Nova.Peshub21,B18AB5AD2D0AAD56F9DAF4F192F2AB984D539153EB794B059CA02D9A9764C406,768
kr.co.psynet,9E5FDEE7E1610F57744E768E36F773FBAB17C6701D02F843B22BB34BFAB6B028,437
de.bild.MeinKlub,24E242B83365630CAEFA268201A7D4D613327DB47828550AC80D8EA5EF8E5456,2017045613
com.wisetoto,8B698ED2E6451BDD40C7CBCFD1E1F8E99EF693E76DD1FD268DD1B8BAAACC519C,668
com.muhanov,9D84B59F128DF9AE3199291EBFC4E446AC8D75F81704D182848EDDD97599B3AC,41
com.golflogix.ui,BA1547E0B8F9EB51F41CC313226730E8E0602B49C29C4A1F0864A6085C250776,99
org.x90live.fcbarcelona2018,28E6307E9591DBFC1996C9C8D0C538010F8DEB7D6E658D1805BAEEA77B671B6B,451
com.yinzcam.nfl.cowboys,D81C26B4DE26CACAF9B7555585736D88876CB4E95B99C5DDA72F4CEE4699744F,1664377
com.uefa.euro2016,018F388FFA69664FB0FE5BE5D80E2872A60C37BC112C5A2C68145E27BBC88C1E,71202000
com.logan19gp.lottogen,0D2E6020ED309ACCC77D377E43F300B882A5A6305AA14E9CCA7C9E18A40D14A0,150
com.netcosports.androlandgarros,61D278B7E353526012A6BE1CBAD023C8075AE0FCBC4EB325638D6CAE4C3B436B,11462
com.socios,B9FC66802D5DB7E45E96F31455B18BE3251D6693F840354A26F6DC9373A4D2B4,406
com.tcm.gogoal,25BB9E56CDDC993FEBA0496AA55D5C190E1FFE6AB374722BA415BA29722E0482,43
com.onesports.livescore,4B304F157DC130797A56D30E4A2540BE80791422C1939DFD1E7E9606D8518706,62
com.tour.pgatour,0A1EA4D9191AFEC71D1A2C195B8832F405DF5671BA25113C5B73AB37EBA51056,222
com.ibm.lava.hot.volcano.car.games,3F5E75EC133431C631146F924D0DB0F2B6BA576DF0E55AB3CAC2C62B0864196D,14
com.rds.sniper.shooter.fps.bullet.free.gun.shooting.games,D62F8BB4920CAC3B7DDA0271000AF7B1C0CC9255812D54D9E3BE43AF6B9C2A68,57
com.justteamup.matchapp,F9D88D550C48B593AECEF1401BF122FC264507B774C45E16FB04EF3D8D0151B0,3135
com.grupogodo.mundodeportivo,7E4D4AB62DAD0F78793EAAD06114DAE809D000F14261DB30E1C6C7B06676EA72,507
sneakercrush.mobile.sc,C16BCA49A2E110ED39CBD4EA1EAC24A86468A9770FB64A834D2528461511903F,25
com.ncaa.mmlive.app,01A52E406DF9E9FCF7ED753FBF47B8315FC17DBC91B99A0DBC33C8FA95FA5390,19741
com.mumbaiindians,D82FE8826CF7C8C04928DAA119D5EE903CA840D93F59332890DFAA01B194C792,54
com.shotzoom.golfshot2,1F1D30F1921482C086A2259F543C0C33F491EBD01A8DB5FFEF9331122890A996,427
com.fivemobile.thescore,D16777758D8A3AD74432481E02E2E592254D2E280D64F82FE2472B349240DE4F,21130
com.yinzcam.nfl.packers,B99DF84A6B8548B4F5289B5251D13BD4704587DF77A43D8E8810A71D083D0465,1612350
bbc.mobile.sport.ww,C218DE4EAA5D8403452C56EB214572D5A9D4172D24934319D0EF22B713B2B4F8,10049973
com.espn.droid.bracket_bound,61AFF5905E15FE430FF26CB107D1193AFAB5D2EE1F9D073851F84495A22C0119,13032400
com.teamsnap.teamsnap,13ADE05CCB9029ACB604E04E26C678671783BE36668B1F8BF0FCED86D5853097,61002177
com.whitescape.ride_allinone,330D02DB641B58AD4D860E3E2B4F1664FAF6F687F1C839337A4C659AA53C0E95,103
com.tiptaptoe.ww2.battleground.survival.war,45972D14DC65F4E5C37A0E62B5D52338BE56E20A9A697B47E070FD9F59AF3C94,61
com.tgs.MultiSpiderRobot.AmazingSpider.GrandRobotBattle,ADFD2B1BED38D3F06995BBEE22A57128936FC2D77EB6809806526A2F6F228FAD,8
com.arsenal.official,1E496C008FBECE425C9C371553CBE2FBA2568726F0EEBE9C794A8CF4DBA4C300,700032
com.kokteyl.sahadan,D51A388F18FAED249D279223EF10D14BF55464E83B4FE671A6C1D52C20BDA17F,7242
com.elsayad.footballfixtures,8BAEFB009F74D4693F0220377D94B0DAD03D1AB735EE74009CDFA09FF5410D3B,147
ru.sports,AA710530F9387BB8158C532F91B20A24C761D2F1E30566A316D638A19F2DE86B,250
com.uefa.uel,47FB2FC585E26E9A4AB60EC73AFC53A71136FB00C716332FD072C42BD1A43D24,216
com.sportngin.android,C44734F11C963AD1AE96F5B704F4B4F3CE6FDAD25E4F79F1632367939B71CDF9,1630416766
com.sportskeeda.topic,35ED787A2B5023CE205F47C21027CA535E289097587B6D8E69BDE43C48EA38F9,5000065
com.jappit.calcio,5A68BCD132291239A1F7FDCBFE9D949B9C02888A044F79509396343F53C59AD6,251
com.frogsparks.mytrails,7E1B35AB4D1566A1A30CB4576A2FCEAD85F3EDA83F32499A3A2AB3A20995C841,14415
com.bleacherreport.android.teamstream,7E1CC389BA4555193FA581745985DA54D6751C6F339B9A46BB11186FC626BFEC,8710
com.ldroid.stopwatch.simple,3A019D1BB232E68563F5CF3852ABEA864246F8F1F049CFFE11F9ED06809BC09D,53
com.mancity,2DA30A7353377571A1699745E56B1280CC13ACD4598D04404C392A77EE220098,232
com.yinzcam.PenguinsMobile,938FE8FFC260409D4B7D674B000A170C5B7E9A3FFD64D735426739AD51CF27E5,1814345
com.homemade.ffm2,6712D3E01A96DDAD5DE365E8B4CC991FBFBC0AB007E47078691927B0DDF6B879,284
com.kokteyl.goal,A1F7BF06F383452C9E0BAF303A07AFC451113DA1578971204F0DD4500B38E382,4463
com.fourtaps.libpro,B7A80DD14B4FE1523D8EEE354BB94D1FF4144AAD65EF78F442CA58F891EE2DAD,19
com.rge.sport5,36DD6BAAEB8F584D236591477669D3379264E3528FCBD1B9B75D49238DCCE4C2,426000057
ar.com.kinetia.ligaargentina,877862E85BBFD9A542C3CAF24FF0047168849D41B21DB5CCDE9CC16CF47E1BD4,224
com.futbolx.ligamx,CCF19924B350A8518966D5D66CCA89011CCB650C99AF27879305BC9BE2189BD9,2230
eu.livesport.Soccer24,392C9F3303A58336660A51D0CD112090ECCED80078A33732B15762CA4A88C6B3,260
com.live.line.cricket.score.news.match,0274F81FD6F1FAFE0D1D60E573F5097FB67F529C9FE48C84E4F86F9A33865330,109
com.hole19golf.hole19.beta,3265975F9B7792D51711ED59009503F39F9033DBB457EFDDBBDCE36AA1B248F4,42201041
com.confitech.sbsgolf,087E8C3966C5677B9B90D261720F60E7B06495632B2DCD6C0A0D848D63E2E62C,134
at.steirersoft.mydarttraining,219E9CE6BA12D6D211EA4E318F67B0B1D9B5387EA3A92F85715389552D85E222,311
com.ultimatefanlive.ultimatefanandroid,E0192E32D7DF52AA375362F22453A7C28E20843AA5D5052B832597FB5F78CC6B,218
de.dfbmedien.FussballDE,BD145E5A9A83248172763C4E32D5DC7A8AF10BE591FC172F97CD8320793A3C81,510002
com.sbweb.worldcupjersey,9A74340A846709F6839F62EA4F48FAA46215060DF38CA2BC0171CB9CC78A45F1,30
com.kokteyl.soccerway,9715E81DE6E38193757AC3728B3BF358CC3B856AC5F39C0AD79E9F7139799765,3071
com.app.cricketapp,6662C4C1F0A6C71CC43C656BA84D229CF4FFDF49CF9E7E99D70592105BD16477,108
com.company.betswall,76D6019FE3572D89463E3A46C443BFE9EC49CDB2B0F367173EF13C4172ACDBA7,230733
com.cricbuzz.android,E3E07190ADCE822A0E1AFAF68634319AFF911D37BC52B8B99C4367E52F57B777,1521050306
com.blizzard.owl,7B7F18BD4CBD5B5601F88D78EB8B6899A947952183D54D548F5BC8A6CF1311D4,30301016
com.playtomic,61D68FBFF8FF71B160DA6B659815CD4B4133F36524809DD4E6993F435EED52B1,8488
eu.livesport.FlashResultats_fr,BC0C96ECFCC4285DDAF5E82E2991CBC9E4DFCFEFFCA557D627E57DC85AA0FE8B,257
com.iphonedroid.marca,0F25DD274F7B67062B5D235B6F4FBF03C76F958B660C8831FA9BD8FECD5ACCDD,52857
com.yinzcam.nfl.raiders,EB6D6F7C5A34D4BCE20666D134D0E85684E4EC579D6A57FB79EF4DA68467107B,1612193
pl.sport.live,89252E96537CE9A28A0A837B3D0B06B58FED2413FF1423D09D7E7FD8D14BE7AF,3080001
de.bfv.android,89FB0C5892E6043AE60252769916FF01F35A4FB48BED5111AA37B3370EB61623,3805111
com.pl.cwc_2015,2BFA9BE489E2DD66133A7FE9633E66B88903C12F81FC33EE670032926C6860BC,4264192
com.strafe.android,9C2C014535F96C23075F79E7322A38D04744DED6BC57C94C3782282B6AA253A3,1559
com.squarevalley.i8birdies,7B8290D3E5ABD8944CDC2FC47EC426F83B32CED154FFD409306584BE8F8CDB61,120601
com.imobilecode.fanatik,E6C522D8DB9262BBBAD010879CCE0B2883375D878C84FF4999BFCBE50A2A6792,150
com.tribuna.betting,91FBE5E5265653F680524FCDE693C10CD6FF89DCC654923E1B5A1DEA63F3B016,270
com.cricket.liveline,9550BAFB1C4C5E82ADF24B78BC69F2A7D9D6B0FF8F6618E4915E717A98B8347E,30
com.dorna.officialmotogp,B4B3BC3602AA67FECE157252863651F4AE172291FF9F62AC19EC77E50DDE22C9,1350001
app.chegamais.com.chegamais,DD3F25F21D557DC424DF533BCCCF7C07AA5B833A998B63C463132B037DBCF879,160
com.copa.libertadores.livescores,03109288BFBF1B4C16D7DA447F58DC2102642D81AFC6893973F2F4FFD5C73CCC,30006
com.betmines,A2D92325B79BC032B09C0A12F3A2F3BEC17FF934DB32FA817A56BB953CFBC951,251
com.regasoftware.udisc,23AB40092817E8B9D466FE2FB73C0D1500B2044A1B0D0C62AB762FDF2FDFEE9E,734
com.flipps.fitetv,F60CB5522A62713BEEAD92B4E46DBC8EC70B77D3884FEBF99878342D296EF96E,479853
com.grupozeta.sportes,078761DC0924DD0BA2BA9BA51AD2719E6685F99854F420E3A3FC537E1C06E7B3,4003012
com.chelseafc.the5thstand,5BD4026FEE857BC73156EDFD582F461604B103DE7B61E1FFE4F514C966126EA7,2838
com.tionnet.android.baseball,034BD55F0FF900F62FFD3B54519DD59A687B02B0D5FFCB7BD8468E3B89E64157,165
com.kokteyl.mackolik,F7A8D796CA904C1355D4F9E850BBF3E620917BAEA101081EC748D7B5F67E2958,7293
com.livesoccertv,4276DFFF759942775B2361DD711FF0072E78105D41EADEA57A34ADE6CEF040A2,72
com.sgs.extremecar.parkinglots,B890017BBE50FA11E3E30CF49F5F5B7D5FBC7133B5D73070D01D6A35718A4B4F,1024
org.x90live.mu,E747621B52BFEE75AB819DE56200C04D1870C338A9F6568EF3127229E212A25B,507
br.tv.horizonte.android.premierefc,DF8833E11179AEAF62C312C861F291FB3B700D64F9441ACDFF2CDE4841B44134,226
com.cbs.sports.fantasy,C78FDEBAE273BAD7D0B02381C1E1AA978A5F58F7E5CD8534C9E96EE7F4E6D87D,486
tv.liverpoolfc,4B0C98E872256E4A43305A075DE21CB30601AFBBED0B1F05ADA8C0826C669D6C,529
com.nascar.nascarmobile,E2123F3EF4F2FF7E12F7FA60728921925C2C7E1859DEB6F57B2676140E17291C,110601011
com.v1.v1golf2,89CB40DAACE220B20EED0B8C6D8DA492CBE59A5ED4274D2D2854BF9B9FBB6BEA,3103
ca.tsn.mobile.android,1D43C1A8F5DC72C3A5AA4C9F6C2EF777028F45DDBAC18C9929ECC0AD460B5F4D,2259070
com.kevoya.soccerbet,E9E780F1991589A4F0A0BDAE36A095576885521442D5CC3F06B0D7405894C645,152
com.xoopsoft.apps.seriea.free,12E828C67B556545EFD67FDF92CF248BF9D8714C3AB2F5795C7268D1968BAD5B,298
com.Nova.Peshub20,FF3DB80B71A75A1D7CF57869B3A51D209397B4066938F522D3E71FD93E472CC5,404
com.mcentric.mcclient.MyMadrid,11381B4945B7679CB3BA49EF2931314C8D73E0CB2ADDC93990C9DF8B0F2E90D7,2012211715
com.ultimaterugby,7CE3B46D166AB3FC4E79F342A0C7790FD4DA75F6249347C736CE21AB089A1150,175
com.xoopsoft.apps.laligaa.free,3B3920DDFCB20C77BD774130669FB4B1509FFFE55C2D8620C0712AF57E23BE77,298
com.mobile.android.patriots,52304508DA950B6ADEB9758E64BB35221F531898F9A830163CEA8EEA4324530B,200
com.wsl.android,928A20AA33AD7E950C27E756D3E5AAEBB9B01969ED3FDFE0D3047958E899DBB1,204
com.appscores.football,A6BE3736CCF6D8C6EEC8FAD1165438B679E14B3B2EEB286F0A5C67E4C165540D,89
com.turkcell.gollercepte1905,1AA43DD5249920969AA914152FA883D4CF9E385E8E827AF5001505AC8696159B,80000311
com.ideastek.esporteinterativo3,98B090B6FBB797A26375E9AD9D4978FFA707A4004375B6E69F69B323570639E0,700517
com.topps.bunt,A550D840F0068B4775BB9EF50A42735E8A4D7637E308688FA6C6EBD64D3D0ED3,500595
com.tipstero.tipspro,531B301E5041C4AF15A4939F377543F51D50C5F0CE252722B629022FCD294368,112
com.sports.scoresandvideo,2B6E5157CB11F6446FA3573B2531AF6A0ED602358A60C2E54DF0B51858474E29,4104
com.formulaone.production,DD0BB8C30486BDEE4D1E6928A8539FF9E8917988FCD6633CD21B7FEAEE9A4BC0,1020500
com.sofascore.results,147B02B4FECA98D8703AFD5BF5B6CBF2A1C10E28308038FB27AF5512263CA3AA,15911
com.threesixteen.app,50D4E7AE3E06A7D6ED0A8296AB4F3568630F8A851D6F0FB205F2D56C95D0949A,933
org.x90live.realmadrid,878B8A7EA1E382DEA884F3A7E253E6F2A34D09971E187566F3D6829F6100A9D0,502
se.footballaddicts.livescore,BB319769241E683BB4A313E2DF7CDECF57514C64715B98E7CF51CE05A1457312,540
com.footballstream.tv.euro,044B0EA7A4D951663DADD21BEB10FF56117355B171557394A558E92B4CA259D9,150100
com.neulion.smartphone.ufc.android,33A692299405A087FB69857D51A122810D0F8C18C576D5B7A6A7FA94A06A6E1E,314
com.livescore,3A1F1489F1A182122CFFB4FECB0E628C0F97C697899132596FFEE0974987C416,418
com.futbin,72AFA8E8E33CC935C7F9061C1E6465CF26791FE95E30B5E7B8BF6B521BE223C6,1006
il.talent.winner,4254DF053E41C7D820EF192FA1ECC5D82D6B2E2F4863BAAEFF9D9FE799ADD93B,148
jp.co.golfdigest.reserve.score,C61EDBE7861A331E6E58D5B6C07FBE65E233875DD8EFC99245800389286B83B9,149
com.studiomoob.brasileirao,D432A758EC61EF51534E579E178EB1BEE05A5A8637BD5449F60C5769848AFD2D,60
com.appteka.sportexpress,CE20B85CB200FD6E4EB1D11B8F85A44AA7C8519FCCE6366BA39A1F7452D0A110,152
com.codehaha.football,A12203339841E5276809FCA01613F9A70A58E2890718543C6F9943DE68755CF7,99
com.isl.sifootball,EDCFCC5F4ACE7777D05B6962DB50F9FD9D0C42B89FD208DF3160FB469D1CD61C,87
de.fcbayern.android,EEEADA425E448F123F4D8B378DA517ECEC5FDCF68ADEB902AF6A8A91507E7675,1236
com.mustmobile.tycmundial,2642AD0E6E4F9FB4E09BAA7B72B57A5F040677AFEE94C5B6876907A72806CBD0,259
org.x90live.chelsea,0B1101A42A2DD4C98B1180272DDAC08C700ED83D129BFA6C814E3B19B34E2DCE,502
it.froggymedia.sportmediaset,FE4FFCA51608AE943D4BBFEE6E816315B592D7F0FCD5D5DB87711D13422ADFE8,40310006
com.juventus.app.android,4EFA7AB6C53FD316427E67E32F9D38D31B3F4C51BFA597EED0A00F7A9EB27926,1273
com.mcentric.mcclient.FCBWorld,2E0FB920DA7EC7907179CBDD865E55954EBC221DAA88840F53D9A7198B9BC843,3131
com.televisa.deportes.android,28A8213783C88E718A87A3E6578A5158A3D9927E0CAE5A257A00FD50E4E485D5,3004
ru.sports.barcelona,BB6D4EDA03805C1D6EA6D712415D39A48E2E689FAEDD996787E7A55BE9D16483,4105
com.fridaylab.deeper,B0B437BE4FD305AFD73862C3FB4B7C433137F4733341E6B2CEB2378DF89B7E49,10022
com.crrepa.band.dafit,29AB6D0EDA15E8709CA2F42EC228F9B2C0EB64D69B902F0A266DE3C6EA504C94,7880
com.tcc.android.tmw,6573B401B5AD71DAE9156CF1C7987910483615793F11773486C84C088501A716,30909
com.wefut.wefut,5FA175B2BCE51899EF0427B6781CDBB62580C89DAE9DE2FFC9A13561FC4AE8BC,36
com.kicksonfire.android,701F2F603837579C422BDF86F4367830F183FBC8F54BA3E89F223843BA0F120B,51
de.motain.iliga,A02816E2AC46E4AE1C13010D479CC9CA1C333BC549B412B06C5DF1CEFA5D62E0,1014150039
com.inferno.us.army.air.fps,B7655E70674430E7F62C8C50F49A261F3E891F2E3AB37060445EDD83C9E99B37,9
com.contorra.golfpad,DF7A23989D2232429CED09BDA256DF5EFC8E323A23E4A22945A01B4A434683AE,16157911
com.tviztv.tviz2x45,A149F7B575C050CBEEF89A837B89EFE56C87FF0DD3C14F1D4F94B40BB517BDD4,5291
tv.mycujoo.mycujooplayer,A15ABA797B3977575ABA0A0693B01FEF1272A21F5CCF82BF49230C697E51E1C0,225401
com.topps.kick,8DA839ADBE9E840B149EAD93032CECCD84E3359BDEEC80E67F1E03BE813DFC96,500595
com.tikle.turkcellGollerCepte,B001C0A9597E3F17509AF6F12272A721B5D1DE3812B33BF6CDB1390A5937DDE2,80000311
com.bergfex.tour,05AFFA7F4867F26645FAC7CF4675182254698C85816618342BE99C48EB40ED72,3205
eu.toralarm.toralarm_wm,E59433A01FAD6C8A86D66985E84A0EB62772D97890D36DE7D0373966410676D0,202107300
com.globo.ge.app,0E9B6669D3C0DA6F7CA4AA0614CEFA40C21A7C7AF25A6A3D9EC18F190FE7BC11,60399022
com.yinzcam.nfl.broncos,1CA12A09B9EAAD6136D066FAB5B19F33706BBF0F8058BB160A7A0DD487F4D277,1612333
com.mu.muclubapp,05E1BAFDD480F33C16AAD34587955CCE6872EF2517404F9E39DF39163E38F32C,363
de.apptelligence.sportschau.android,D7950962221C6964C385705F1C2C930172C24F771059A32D907D901DF90008EF,35166210
sport1.mobile.android.apps,4E26E0B7E59EAB81659D3ECF7E379E79E79F964D4D00394C21E0D2CA60BFBF26,116
com.mapbile.karatewkf,06C8B1F4B01C067E5E55D2921547770F7B79C67B1BC944CA2D267B0A8347DD6C,53
net.footmercato.mobile,4D1CC0BEDADBE2D64B16F229F7A83C6C92A119BA4A5F035DC053337D468EF3FE,7161528
com.turkuvaz.aspor,335105D576818EBE9DA3A4BB7CE85B7BD27A2BA614C16E1B2011865DD66AADC7,50402
com.shaiz.tensports.worldcupcricket,56BD46320654AAD4A197FD16B0460172E647BC55330ABF8DCB63652608159416,51
com.webaslan,E846746DF4AE4A41141BFC35EE7CAFE626F408E4711B783DD1DD27A8D00CBDE3,214
com.giobat.troviamoci,4FD27771E03053D725E595E0E0E3E6FA2BF8350CE5DF9222FEA423E15A5C1DAC,218
com.netbiscuits.kicker,318D3266D51DAC3569F7C476A7606451B290A3382C809DDD9950D3280A1A2758,450
com.pac_12.android_player,ABC19CF3F91CC2C263ABB77E04B2F4F9CD53F9103ECC7FF05DDADA0C1F707E47,1211006210
com.handmark.sportcaster,EB25756F29C7C4B03904A53D7D15414040D04D1FFC826D0D8918BA85CB20EA9A,100002173
com.tonsser.tonsser,115EB601531A62BCB1A481D610B16F7B353999D73D2766E25E6C9C668302185C,11010199
com.neulion.smartphone.btn2go.android,95B2C38B46B3A5050B951CA774669EA31C60B622C046EFB9BBFE126E76FB840D,91
com.eisterhues_media_2,880959789BFE0FEEE26402804DD5EDDCD12389EBEB3D91E33B420B7ED52853F2,202109160
ovh.sauzanaprod.predictionfoot,501E489C1442ABB60B2C01B1A9BC66B2B25125F3F1960C2AA12E312E368C5826,77
com.nifah.bettingtips,D157F4A6EB755B926578B6FC0B216AFC8DAEFCEC2E6AF21E56DEBC401387CAF6,16
com.ga.pablo.mafia.city.cartel.game,9F40846902A452A092A197C9248931AD170BD1B791D529FB2DB3962FCC465B12,25
com.piccolo.footballi.server,C9A18B178BA0359040D605F031E0DD630B8E9F92CE312DB00D9DE7C0DD0D2971,70032
com.yinzcam.nfl.giants,C3058228ACA2B696FD4E9839E8E0CBDC9BF2413F8B19E1E450CA4D5363BF3CD6,1776333
com.garmin.android.apps.golf,5EE9194D9CAA364281708578A4F5BBC08DB6050FE2B619E815420E346D24CDD6,676
com.elbotola,1E15CEF5B640F7F9E8B8F2640F14127083AB9F678B52A4E62D1AE37B3FD80696,302
org.youcorp.matchschedule.eu,1169F14F7A8700710A877EA6410CB789B1E02F2560A784B23C6934E2EA586DE5,2191
com.lucyselezneva.rojadirectafutbol,9405E0B5A2577DF6C70F4B3564D137C064F0B1F5D38A04E77A958A1D0E25CB01,20600000
euro.pccw.view,3BA4C121C66595B7EB532010FE9B0A85107464B8871EA9D1B48DAC749274AF57,50501
jdwel.app,09E46D480DE91AE8F01FC607A068CCF980518274FE295EE044D2B58380336929,40802000
com.fdj.parionssport,39E3E3582FADED7D34C0FAE76E022F3A40E2C6FE2675B1459696D51C0746D602,27167553
com.talksport.tsliveen,E07791C79CE7238D84A92C8C12FDBF253F10C56E144E0E5FDAA29459F0595219,7303
com.intigral.splive,EFC43D3A21EA31102946736E23963922DD6B40DA1CBE52198C0F2696A6FACA6C,414
it.nicola.calcioveneto,072ACC964A00657D17302DB8CEF94F36F1E004EFC9AE622758D79FC89FB9C623,257
pt.android.fcporto,9A06DE7213E389F2978B4483AA88F79BDEAA248F859EE88A7922B1CB77B54985,192
com.turkcell.gollercepte1903,1006FF5C21B1062AA36E2DB2EF1DD799CC86F4B682D521D161E661CE56152824,80000311
com.sfr.android.sfrsport,B26B4A38DA46C1AA98DE208913D3B0E373E47199C9568CB25416BC634AEFA087,7213000
com.digiturk.ligtv,7796B12CA37643435F21784D9CBB0FD556D6E67573292D0433A904BC6BA117A3,8141607
com.pinkbike.trailforks,72B00ABBF514ED68D67AC3162DB51F6BE78C87F769C4C16FEDA9DF41B85A65E4,19155030
it.inter.interapp,0797E9676E7FE1872D0F7344FC337171CED7E07BAFF2BB134CE49022ED143A9D,43
air.com.nbcuni.com.nbcsports.liveextra,C225AF5764268142AC7D3C4019A2F24495D12F84CAE7302EE2AFEB08A414917D,4305019
com.cricheroes.cricheroes.alpha,67204B0BC7639EA355248B6CB9D661D822DD319B1AEB7F1B03CAA9012886F45F,230
com.july.univision,33E70B5161F7D3A20C5A438025F6238589C9BE3CA0B3C6F1FEC9604B90146745,12010079
com.eurosport,978E5276F5E9D40CD8E457767567E91C9816C38B85C098EB0096C1743295193A,29764
com.nbaimd.gametime.nba2011,2E4F6CEF4035A70BF7E320DCD9EAE590FBC1B7A8F9BFF27808BC2612B21EBAA4,326
de.formel1,F2BC4A6B4C476E907C3167FBCECF11A51441277AADBBC572F9C7E0A550B4715B,360
com.softpauer.f1timingapp2014.basic,DB7891EF3B1EB974072F7344FF3139AC45251547D59AE4B93B7F091C1956E5A5,1431
com.active.aps.meetmobile,A1A2A8CE9EA5B3309709033BBBCA4A94985798B3DA1EDA7E86B883E4888BCE20,127
com.icom.seleccionmexicana2,9BC53234826B54BDC7AB39CC309F4C41CEAFE657743D634DD0A5AAF67AE8E24C,50205
com.eurosport.player,A2CA56B785103D8716E5ADC5C1294064735E128151E95585CDD320B0060ADBC5,891040003
com.golfnow.android.teetimes,3D4DC00303D83064FAACB7C075FA2C2828F08B0FF68091ADA1EB3A47C0E4712B,293
com.bmx.cycle.stunt.rider.racing.tracks.adventure.games,D72C95E017D7CEA0E9DBF356FD718DCC4656EEE01E93D185D66CBAB131A97EB3,12
com.ole.mobile,92585F0FFF843D17A5C44FD672741D7F63714BC3F895FF962F625C8D32C6E1E3,37
com.xoopsoft.apps.superlig.free,BE16BF497B9DA59C50FC7CCF9D05B83A5CBB08D9891FDB65D84850F38969F3C5,298
air.com.arm_enterprises.supersoccer.england2014,15B7FC8E58990896E76307B79403C0BF141F6A6D2926B447A6DD6D61E2EAB471,4001026
com.jgolf.launcher,3D390AECA35684F8E9D419A7BE177F51D9F1D5BCC76EA6F0AFC48EBFCC21AEC8,121
com.micriptana.pronosticosdeportivos,4D635342258DAAE55ABDC68F83EA0AD95AFAE85819F647B3447DBED72F16CFB9,110009
com.app.dreamkitsoccerv2,151FC23BFBE03DD38234598F1BEB1D5E5B7A13E8B934FC4F5ADB7A3329D19404,17
it.quadronica.leghe,53F8AA11F347582DE74085352A7C689D0B2D650B87F9443D0C0A8FE458A5D18D,324
holoduke.soccer_gen,690D3B0F3DFE991605E888F33F7981F7ED2DFB717225350E586DB25C77AD3F41,1900
com.live.cricketscores,7240E5E3F08874DAB0B388D4D7FB427711A22D163ACA572613AC4DCF63F59A31,55
com.turkcell.gollercepte1967,FF7E26B8DB6FA93CAECAC701042ABE76BA0B3CA6BE46A162ED090528CF351C74,80000311
com.nfl.fantasy.core.android,921CB6D7AB3CD6898E47BF154001D17E4FE6C7238FEAE0E4C3357459B5E17738,16181
com.deltatre.nfl.gamepass,F2C77BF8482BD93A801F6FF5B2F1A6C3C6497BC1B158C16A9BFA8EAC74B8E660,2021091501
com.krakenoid.betanalyser,8B87DA90C29B90D8F6B3BC434AC9D36C337A1817746AB0CA04A5B23DD227C94B,45
com.bettingtips.daily,F1D9D877309DF099B5BDA53131F5599ED414C1FED4DDED9E1895441308ADE2D6,90919000
com.fanduel.sportsbook,93B695C0890575397F049873203A8454C3514493D22FF365D8A363D2B2F99D67,10921163
ae.admedia.ADMCSport,86F15C6D03D066948B8D00C83543AB06FB71E980DFFC049A40579E0B7CC2BC4D,200055
com.sosscores.livefootball,5B85E09AAC86B8CD25782741303F63E3937FEC5BE7463F149CAF49A6117DAAB0,179
pl.tvp.tvp_sport,F24A13BC2D7F754F22C8F08DC8BB04E5D348F6C2DCA7DD6A2373D3481B1437EC,30113
org.olympic.app.mobile,A75430767A5F3A55CD522CDF6C22196D526788B59C6986DB6F2BD416D0A8EDD4,970
com.yinzcam.nfl.sf,C636710A9DB8F58B13E80226593B10A4920380A981E2EF40713905909BBE4D70,2193619
com.yinzcam.nfl.steelers,95866D0016993EFBC0A88E0260B1BEB4B13B03A188523E73110EF3F5BD626898,1764403
com.ic.call.of.modern.warfare.duty.fps.shooter.shooting.games,EE586D6DF66F325F7605D246E3DBB6DA21CFD247330EA09EB7E84F968BDD1EFD,15
br.com.sportv.times.flamengo,5CADCA3B25E8CCE49B35F531F8FE9D164F2FEC530C4B80E416069A792495C9EA,403
com.fishangler.fishangler,0A1C6101A9A0612DBB47128BF9647A295629BABF1EA75AA0E1EC8457D186C1CE,134
com.bamnetworks.mobile.android.ballpark,C34298AF9D4FC0E6ECD22DEB7BB20280C1B577A397E3645F5ADBE42989FEC45D,10510964
ma.wanam.sporttvprogram,177A0D9D1A810607CE4018C61DE1B9859FCAFCB8C3992B020F49D3E4402DA231,513
com.starsports.prokabaddi,5F1AA09DCC0856F3D8878EF37E89FCBFFD7EEB72FA1FAED35B7608055A9B610E,57
de.perished.android.apps.fishingknots,0A641ABECE7472A11EB2DD3926EA8E66E3CE7FF12AAAE632C29A5EE5CE5C2227,31
com.asai24.golf,A691997F6186FC99138C3E4ED04F145391DCA50471D68277AAE9B8AB1656E86D,1203
com.gluak.f24,4630246009E7368F341C1DE3B16B30526F9CB8F98B78636113E37FDEADE80B7E,87
ru.ideast.championat,27611BF671DA0A8ACB82B304D7149578AE9CEEA7D7E46DD28B4FA7D5F5A95B09,501839937
com.nhl.gc1112.free,9811483A2520F989D8E539D5E7B7D16D2BAE52A752BE332233507D28FBB1D84E,12600009
laola1.wrc,976177DA4FD63334F80257068A6CD147CE745BE2162A41B25A9A8AD323A579F8,239
com.turkcell.gollercepte1907,8FE8E4BBAD53E97EDE54C08B9A8D5C8542032F5265DF6D12A728EBA7A7A253C3,80000311
com.dogus.ntvspor,9A53F0132D003826B91CE5F60C21ED42E707DC1723B2DEA26119C221ADFEC684,41
com.pgatourlive.pga,991DD9A495D113EC7C21584E2368E90BE5EC5E37778EBF92CE897BB55B70345B,40018453
com.presenttechnologies.livesoccer.client,ADC37D80D2CA38E2FB65B187B87323952E0F2FE4C0BCF8518D0FE9DD7DDAF267,2012232309
com.sportsmax,0B0CB63C17C1D1CE63771B1D1344A6E4A1DD647E93C73D93F03E8ECBE5E5E7D3,745
es.mmip.prisacom.as,7D47DED9FD9D0C25F4F57513F0071026F85149FB07417A79B33F0A4A459B4FFA,878
com.wowgames.formulacar.robot.transformation,CFA864C09CA0670E0A58300E0F730401BAFB4AD2542925A4F85109C885F6E5C5,24
com.quadronica.fantacalcio,0B583BF42B7B11A97394FC4420F38C0C527732A61F20E6EB5F0A732CE1A7B683,45
english.premier.live,32934B4417D3BE1E4CBEA4D78D64BCEAD7AE42ADCF526826CA5E943C27847DFA,8010
com.learning.cricketfastline,384F34A9B36D4CD1171F3A8F84207134F7C95422541F40DB939691D016F78CDB,60018
com.pulselive.bcci.android,D85E04F8903C994EC1229F7DEA135BF0C52B98D2F95F7059954D5BD0A1BE9981,10041156
com.fanatics,0BC958FA82A6274E9AB56AA358E1038C1849B0B9797F03A5F0CF0F7A0561BB79,6484
com.pronosoft.livescore,404980759B2CAD7C765B9742F158DED0795505A3EAECB5A7011AE2CFD1553C08,86
com.dazn,0F4D6DDE81BFBDB20730C85B17F89FF1E1D8912E0FB4275FCC35AA414B37A268,133999
com.gamestr.offroad.atv.bike.taxi.rider,545622D5EC2523D0E636CE21BFF2D43E9C50EB24AABEE2272DF7569E976DC67A,18
com.tss.one,4FAE24991020A0B60C0E9D486D371D989F027E6F5BB4EF0473962064BE403A36,529
com.beinsports.andcontent,A88BC54F2F4ECEC4BAC9BB1D872FE6328A0B7CB5E80C86C1A46416811DB518F2,1897
air.com.basketballeditor.SoccerTactics,29C0D8C61AB8C10EF41250514DB631DAC864ADECE2D57DC0FF72AAA825672252,10003070
ru.zennex.khl,D39D5B3457A7E59684CB96FABFCD9A08A509C0BF929A03A5B420CBA3CD42399B,202109021
pt.sapo.mobile.android.futebol,74E89A6796E75C6ECA0F8F19876F6CCED725C14488F5627EFCFA58F8C00D9519,700206
com.sole.insider.free,2D2E2A01EABA388AFC0231E15B6C1AD346E9B9D72A3B8844919C3FD2CE53CDB4,70001
mobi.byss.flagface,9B4FFBEDDF2F275ED400B79B86BDEBABF86FA16184783B27F3E0C20242FDC82A,20020014
com.hgs.bikeracing.motobike.bikeriding.racinggames,912971542EB3BDCD1D298C5B928BDE433F32424BEE2F3F0F1816F8431B7F5C87,9
com.manutd.mutv,D3B6DC71A7FF2E6EB9F9709B2C56EA91AB3F968F75AFE5F7A6A6E5F1FB9E9E62,363
fr.airweb.psg,226E4B35D09305B953FBE638C728121EF36CFCC8E7DC50BCA3AD2B6F513E65B0,10010001
com.glegends.offroad.bicycle.game,995654E69208CA36F870FA1AF827B6D495C6BDD6A76F39338BCAEBAA7655A823,40
com.supersport.android.phone,920DC07B7D441A2E45E58EFB44F406FBA8F41E15543D14EE51C4802E90DE2891,2012152873
com.iapps.ssc,8E01FF87EE006512E31AAB91A1CA134B2689ABAE8A2FADC7EED262C844E2C225,160
com.jomrun,6B7609A191271CDA22D90B1D0EBF0E5EEF459C81F34861F1F1BA7FED3E8F3B29,150
com.crics.cricket11,73E868B65148696AA45C0BCD0A32D62DC9F8FA7328161FE73967B79BBA71BBF9,84
com.myleaderboard.GolfChannel,125BE789388FF884EC4B65D48E649A3ECEF93729ABA22CEAA2672101C3ECFB69,1700000833
com.gamecom.soccer.champions,9584025DC8C1AD6854CC201214A50E0C98FFE44E417E5FDA144EBCBEC38F9BF1,400045
com.alp.eurotrain,3EF5B901BBCFFC3A3594E55F489B00843A8AD71C0A589B4BFF6F8E715A1C67D3,12
es.lfp.gi.main,9B7DCC4FF37BEDE5AC14B7F839D6A80841B0545AC6A1A5B67D166C5C9518033D,2300749
id.akusantri.ronaldowallpaperhd,3C06791B464233B8FD05A669354B0EFFC02548D6A2C666B944B4A67B6C3B07C6,19
com.ibm.events.android.masters,160D7F70397B693E470EAA714C3A4CE293553176C2A2A39F18E1FC98011902FA,146
com.aso.tdf2012int,2B6B00EC2E48CB4B8400A3533115BD1A578DB6B56A4724C256C125F2D0C29CC9,72
com.inventivotech.yallakora,9DEF9E14AEF483A9974059B6CC7E119134E6FD906C0D711537E775CE7DD04FB9,28
com.interbolt.impossible.formula.ramp.car.stunts,B3B7721CDE5488854692650CC0F919CC6F168848A705B8C56602029DD4769854,38
com.gamepush.pes2015thebuttons,B55C29EDE6C6B712AD3EA735C69AE70F78211E296111A08B85CA8783199A2E1C,544
com.sarmady.filgoal,882785489989FED2058B645E6AD28DB82CFB875E08F3D9AE17467A5926717DF8,74
com.fantapazz.guidaastafantapazz2014_15,240F464DBEE5695B0F3441231157B47B9B2F8F765F04D36E29512132BF4FCD80,2021100201
com.superfb,160148F66A4253C1EC89764DFF83BC547C3646FAECB1A5D2199CE35F2ED67735,214
kartiktech.dream11guru,F0178833FD4A4EABB1502ABD4380C15ACA894946EAF3B38B31F23D3DECC1869D,28
com.winjii.mobiscore,777C913D6A85D4F360E00169EDED827B40C0251F63EF7AFE655E2D9A62680CB8,93
com.topmercato.app.main,868E94A1F208C5DE5C675C8EC25955168CD80F6157D545CE1F83C1DEFBAC4BC2,3010
onxmaps.hunt,D310692406C1D3CBCD7C6D70C1EEB78BBB3805FD388781EDAB6C602EB268EF42,552
com.rds.bike.racer.highway.rider.traffic.bike.racing.game,105CD43A466BE5C907AF30C96B5DD04A28F111A661EE1F63D38F558E5B970574,72
com.hiba.megatipsbet,32CF8FC211B23CDAC90EF1C403B492C25CAFF995514059CC926F557E88C45B32,16
fast.live.cricketscore,D5A7FAE5FCAE1133BD2F17A6C36B4A11BC2D6D900F6756D78E1E2DE26D7D400E,30
com.webstore.footballscores,FD0D548F07384972C280D89E15B99FB458FD58B7986714C25AE124F2CD1AA72E,56
com.ospisoft.betsim.android.alt,A7CFE9C6979CCE98F5FF72F5E5749C58D5AFB6C70FA8B104C2A9D935A8E95335,342
com.gcd.real.fps.shooting.game,2AF771E49B8E7B16D082244853DDC80A47401BCEEC539698FB74026874B5EE32,40
com.jalvasco.football.euro,43E7705F756477E7A8213D4D8D9FE8003854BC2D11FE210E86616BC485C6F747,107
com.haaz.dartsscoreboard,4B3197F2AA1258BDA73B4004069B7C00829236276B31287AAA43ED461A6810A8,126
com.football.favorite,D3D1AD332A305E97C9D572E1401422D2AC4A7271D617919C04BFAD42AC7FA90F,268
com.neulion.android.nfl.gamepass,61CECB36753E098A7762B6A343F104FCFFA9B86291150E46B4116D33B4D6E350,109
com.cartola.premiere.league,E123A080C4D2899C9411D5ED85D89D4323E3CE7D123EC4973F4D157067CCF96D,3381
com.sportandtravel.biketracker,F4D2626B023338E68C39A5D3FAA8C9E5EA9F9DCC6196AC7CE435A16F09931437,111
com.siplay.android_siplay,488CC25DB2B0D46FC5C52CCBF4873DE59EE0B1DFCDBD1083A941A8A909B373BF,1575303261
com.ga.us.army.commando.jail.escape.grand.operation,127D6E27EA9564C3C7130EB1E9E959CEB9B6C22CFCEDC6FE7ABD3E2121847581,30
org.x90live.fcbarcelona,AD92B86514D7EFA6DA2E64C37562575F6C75A1C37E4E14CA1AF2DDC9DC249FC3,452
com.allfootball.news,F191C151AC57963A816ADC161F52C31C0BD55E5374FB5C4B474F483A49221407,276
livecrickerscore.crickerapp.crickfeed,4C9C95AE3C7A56D3F69D06AB7128AA1120E4035E7FDF0477F5BE30C0E62AA26E,34
co.winsportsonline.wso,6F9ABE064B841C888142853DBF64DF27C1F9ECFBD2DFF38B1C97B2CA0BEE0B84,2409
lunosoftware.nbascores,C355D83943EEB0CB227394BA18D41BE1C33C488BF8DC4252FD72658A3C103BF4,76
br.com.sportv.times.atleticomg,C790973AF6771A0F90F9752AB3F73FC312ADA77000315D948B9BDF8042AB4AC6,338
com.foxsports.videogo,EC4E20535A4ED48234D10FE992C4C331F265A2D528BF48D64E31C1CA591051FD,550180
com.gtvlivesportsbd.gtvlive,5D1C73BA6C6B48DCE204B7D7214BC9EC1307F5664DDB6CAEE96365B840B8A538,13
com.crowdscores.crowdscores,CE67865E74B37CA4FF73D650C8007CC5AD3F0A9B675889DFD4F5D7D439370C5A,47201
com.ibm.events.android.usopen,D6DC1433EAEBA9F4070D224C8EA17285F267F79A7C2B9ADA7A5D8F75DB37A541,83
br.com.mobradio.itatiaia,5E45F1354AB7A0C9701951C400C0C2366867D6B2B79A40909B0E0F6CCC063CAA,100004
com.siplay.tourneymachine_android,4A5B8DA29689F4905DC08A744FAF5A81A53C806BD976D8C222DE6DDA80A6A6FD,84
com.bluelinden.coachboard,34CDF28D432CC50B732022A1D1FAD0CA2D8BCB61544F9609B146877DBBF684B9,15
com.cgs.pov.car.driving.traffic.racing.car.games,4DD41D28EEE066FFF6FE21DAB1974ABF2A41C7DDACD9147097490ED6D271CEF1,16
de.freenet.pocketliga,F2354316A703ABE6CB0A72EF5F02209B086C73DC59E096B23E93F8C82C3B210B,2021081623
com.fifa.fifaapp.android,1CB419B3BB67FCBEAFEE9255087993E4033207ACA587B4AECE4A4CA7EBF2A861,195100000
com.jenda.footballboard,F9A2672764AA5DE94D88F9238E5836468F8F0CA596ECA8DA6C9D939EDC548C72,36
com.matchstv,8F0F08E20669C7393E2028CC0810D66959BF1EF93429010B25B678999A6A9600,2901
com.CheerSong,B91EF8093E873F1AD9E52900A999C8F12CD2D5503B6C4CBE6AD5AFC110BB9029,43
com.primatips,59160E55A0F7F4D943CD96E17B58B3F2303959EBD5995CEDD099B56553BFFD49,60
com.kite.indvspakkitefly,1758F1927E7D81AE4CD4823A07E9829924E0E4C2CBA10F7B2F653DF68988BFAD,12
com.betacular.app.betfairviewer2,1761F0ADA4C89B30ADA4F3CFEABBB947E6717DFC64FD3061FA0F32A6BF83C2A9,33
yallashoot.shoot.yalla.com.yallashoot.newapp,22AE6B96B4F133B91BA11E12D04530D2B67A0216FC3A63B1E72BAA3168A1A8FE,157
com.exatools.skitracker,B1F3D7303910CE4779457EEB9B5F205CFEE24875887BC7D82051C65B4018DF2F,121
com.xtreme.simcontruction.citybuilding.game2017,17D4EC6F37AEF5517549844C0CCACA19BA934EA55B267843D80E0AC8605C564C,15
com.techsmith.apps.coachseye.free,F48463643C14D762B377551B264EFD51757BACBFB6297DF92420E4612EF561A4,660
com.eliraweb.turfomania,FE23422EC682511E27A4F3AFA32F485329DB6A5A4A37A8EEE4DBE8B1160D0C09,28
org.spielerplus.web,74D812DA017E1FC1A8C1F3A5606CECB48A1B61A56342216ED6DB08FC804A9DEE,160219
com.rashin.leaguebartar,62C359171969348F516C21609CBCEAE2061C0C749A0CF3CE68A47ABD052BA563,230
com.sikooora,260DB8921F10DB14D00A7E890A1F087612DEC9419654B60B64DFB4A1BF124734,57
eu.livesport.MisMarcadores_com,D49740C87128EF20BC3BA29895BCACAB0B6E77FCEE8E0CE42447AFC3794C5F16,257
br.com.sportv.times.santos,961015236A27D7950CB6AA581048CDF3B1CCBDA405CDBBC6A0FB5AE404E826F9,413
com.batballline,BECCB4C8389C5044E1BB7315639A18E7CEAD44298370427464FE9B2A2CCCCDD7,49
com.devclev.forebet,44DFC4ECE6772E56D969FA526486E0AD1448F0624203E35BCCF1039BB446B4C8,17
com.steelcloudstudio.stunt.bike.racing.game.tricks.master,B4AFB2B2C28DEFDDD8BD0D2E47F9C857982C7EEBA56B4E34547BAA6816FDEB7B,26
com.vzw.indycar,394065919CD0211BC3010B4D1B18EAB3B427B30CB1C829E8F8C2B61C8461319A,1612180343
com.cfg.guide.gtacheats.theft,1D0243862FD17BEB4DA07A63BAF87B4B724C91D28A3CA86D8983C4441086B0FA,3
com.concacaf.copa,E621528651D039A7DF27C83B38C362FF08D514A81EF6B2052C4BD7ACB7F15251,2271
andrewgilman.dartsscoreboard,398667B6DFFBC00026942C8F16C54D8D78467E8C78DCC82836ADEB84F9222F48,16000
com.jalvasco.football.client.worldcup,2AC91F852DEDE00A11F229BE6C7F7CEAE56DC10EA67AE2E98F8F872F399F68B2,1280
com.maral.cycledroid,D96F365F26876A5B864EBFE604298663FA838B327F2AC8167CD50DCADB52E8D8,49
com.castle.bike.racing.game,D26ABBA03A30C2E2933FE3014177A1CF57C589A6F16E3832446629BEEE102443,38
com.gos.formulaspeed.driftinggames,7217DCA8CE7A7A3151A859CA3141C9E533EBA8F4D5F02B25163868766275FF49,6
com.freeact.stickman.speed.hero.crime.simulator,6534D456695C3ACC9098C8AA13AC758F9BC888A6732063D8F35CFA95BBF6C5AE,15
com.dolphingames.police.cargo.airplane,221D7E323EC651ADE3CCB3C1761B44072CA195E9A2C58EC3EAA4CD11B6E4885D,35
com.crictec.cricket,4EA82E70422F4A77088D336E7078D0CC75C59ED271DE91E18663B7E1CF81B660,2018483582
com.cgs.top.speed.tracks.formula.car.racing.games,2286F4DF50C3DA5F63DAF46B34D8BDE73EA1EC6C85675B3FF002623D13971B73,8
com.dfz.light.bike.stunt.moto.racing.motor.bike.racing.games,22BE0FF56694162BD1737B2684B384126687A3E0AD2D9D98C957908F3287B1CF,18
com.bb.quad.bike.offroad.racing.mania,CD7D0F0FA153BC8A75945090CE521A4CEFB67743F16E221B0A7296A73FAFC552,33
com.khatkar.dream11protips,E78BD73DF56106359751C7ACF916300B134F3F344091E161E072E9C84517AD7C,73
com.ramp.bike.impossible.bike.stunt.game,61A97AE0416AC9288AF33F8C81131DA701AE77B083D7A7374F463CB2233485CE,29
com.fox.android.fsp,5FEC721E13A9F244DF64EE76664F7234C9EC67B37E1C8C52512325D97E251FC9,398
ptv.bein.ui,C4BE8C012F62304561CB277ECD3BB0EF917DF01E1825E50C19011D9FFA4A8187,8738
it.know.calciomercato.com.free.app,78E768A6CEC48618CA649B6A8F4CFBB6CEE83742E3A0CC01EA60219D161501A1,20210045
br.com.sportv.times.palmeiras,9BD3FA63B64A2EFB9F90747016216095E0FC76C2E297AF0EFB3497BEDF88CAC3,338
br.com.sportv.times.vasco,920AB3B7B1BEEE977E44FBCF017C522E45C8861679CB52A59265622E93750345,400
tv.bcci,A5A3365201580ACDB7ACBBCB88E848BC07E96A18C978D0084F5004D1BEAD7F22,1032155
com.billugamingstudios.templelosttombdragonozfinalendlessprincessrungame,DC0C6739BED32AE0228F7DF4668A5C8C9ECE15F68E4238558EA7EB03DCBA980E,7
kr.co.lives.ls,8CD3C473380912BCA7DB1C5B8916054732D525344DC9EFC9CE26F8F7DEC53289,28
com.timer.intervaltimer,45F69DADA41AB7DCABA3CBC48E9C9EB39BD89E607B39A3BD74696E11501E934B,9
com.cricket.livescoreline,776AC6EB0443BB94A76FF2D288B347ECDD34B248CCE27D866A63AD357EA60CB9,43
com.sports2i,C28A56F79BA601C2A7875241650D19BE60834DA415D57BF1E01B38917163D2BE,17947
br.com.sportv.times.cruzeiro,DD765FC977138C04FB9D313EF256389BDFCFAFF314673BE4E15104126BF087A8,412
com.Khaleef.CricWickMobilink,2FD0B2F6DEA9B55FB1FF02C2D4945C60CD94F8E25A1C48D64A7690F539AE2776,114
com.freecaddie,A29464A1C78EAAC8CB6B0B3730DD99DA32CDA5357054EC44F1186388E15F0F5C,357
com.yinzcam.nfl.seahawks,D30800463E43D5CB0203AEC14AC0736D5731D95507E066D59EE782BCF068844C,1612343
com.ibm.events.android.wimbledon,68472A7B27691454EC89AD58CD3608A2B456A69C64ACACF8F56F245A5E00050C,100
com.wheresthematch.android.app,9976A9331045930649FF62CA066F348E5A19DFEA587F94EBA8D9853E2ACF33FA,1155
com.uefa.uefatv,E07D47DC947519AE1D7B39484EF2E5033B46A5EDBC2D9AF81C76EB2E468D7390,140
com.mozosoft.rangefinder,68F89B916F92529B17FB7D378E690911BEC1605683E4A8715433009EBE2096D0,20
com.gol_footbal_sa.mx,38176B3EDF3D40DAF47D1D653A40E416EB64E82C87CFCA94C88218923E13CBE8,202010301
com.cricbuzz.android.vernacular,940E68465C726EF19234AC3DEC241343880841FF20B2E6BAD0C46F9ED1FA1E29,31
com.gamecom.football.cup.soccer.games,D7E2F2FAEA5D1B54901B998CCC6E5BB0AAADF11F6D95330C16708F91B30D7A7C,10
com.opera.app.sports,418AD60EDE6CF33FA443485ADA838308C6297643477E17E0E54B893EAD9BC3C3,15000
tv.obs.ovp.android.AMXGEN,B8730B10C2D63BF66EB1CF8FD8EC0773BA9D3D95A8A5BC3F09B798E5FEB62413,2000062
com.bskyb.fbscore,3F698BCFE91B7AEBDDE9145ED50634A5EC689202000633F499F535A78A739BBC,2208
com.mfutbg.app,88012F651C977534E7109C6A7412984F160F8BC7E96526558BA5830FD440EEED,76
properties.superbru,4235FCFD33934A5100DD15042B73FBC3040B663C4BC635A674F108620780B723,300022
com.cristiano.selfiewithcristiano,409307EA1AF927039780788E7C74D7517CDA498D31956373B6D757E3EB941183,5
com.excellenceutility.kitserver,E0034381D5D84788EF166E64C5D0D8EFFA6D6A17396B092A1B6336E9FD153114,754
com.cgs.angry.lion.city.attack.wild.animal.games,D886E485FBE3D4D4B0EDB1590269298B4DF6A47CE16F2E92A9B06F2A2BC258E0,9
com.betsoft.bettingtipsapp,65AD4627D8DF471947712BFA14B5DA21B07C7BED5A8AE691D8BA97247107203D,15
com.hesport.app,46CAB7B961458C9757C2116E6AC90D9A4CBFB24860C20DFFF99F80366032CFBB,1007
apolologic.menutodos,47A545D6C6B9EADC0EB9D8EA41FD9E5ED8609BC569B86AA3FBDC56D9A442B857,57
com.nbcsports.mobile.rsnlocalsports,C41CD1A43418A26A37A3E23D4866337EA238763A3E5326352A3FEAC529131D50,5004163
air.com.nbcuni.com.telemundo.envivo,795D52A4DC0929E4B18ACDA3962D6CA130B34AC225344A838628996A7FA19EFF,4305008
com.hardgrnd.lineup11,50CB13BE1D473A162B2FD0170A173FC6C6BFE49D964E1E0760A5AC7D3A56ED61,116
com.paninidigitalinc.fifatrader,F2D5AA93E8B8E0E3A3006F685FD479A6BB191AC1B40CBC30B5ED18CF1716703C,56
com.gol_footbal_sa,E82D40A9EEAFE1BF50AD755813CDF575E8700E98B1E3FCB5A326F0A6DFC16796,202109160
com.footballstream.tv.hd,D657F68FB8CF8CB7879B61D3A0D4A3450897974C8DE5D394E25055515D1E40F6,1401
com.hna.android.tr,7F2596629E97B46AB81915C26A276DE48E1DEF9C972BFC01F2A488D99F5110E7,300117
com.gc.android,CA6D5996D1BC0F65B45E2A9DACBB7D15222A2510AE147EE75BA2DFD61448F505,70400004
com.antonnikitin.solunarforecast,CE345C39C2750CF7FF2BD94F726F7E9DA85506F1A9F835FE0D3A086189D81B43,41
com.persib.persibpass,70C4E6A7802BA5284925BEE5DE2B22A2BA053462A8DB50C28962E185A6F4D6BF,74
rockets.thetournamentmanager,DEDAFABF8BCABB6EAB01F984572BCAABD255DBA7C3944791C3B1EE2D8C5BAE92,20
com.impossible.bicycle.stunts.bmx.games,FAAED7CC9A52161B93E0095287CB656D17338CD1E3D521737AB79D06FD3A0861,8
com.fic.foxsports,AA26BCAAED55E749987C9114D99B4B9F0036029E4C886E4E6196562E16A3B75B,63
com.technoskill.cricketscore,76867CD030F5C0C1E2BC273DC2C94BC937D47C145E130C82F9C248F8EE39DC74,1
com.no2.futboltv,C6BB8D2943D13BC98E305632C445FD689475453A92179FC70F804F7510DC4609,10
com.Elementals.Bike3DConfigurator,FA80EB6FD77F9FA0F82A561487E0327DA3525EC0AAC10C6132F5D66CEEB7B636,30
ptv.bein.mena,821D373FAE46BE016535D8DE728D55500D049EB6B91F32D2FA2E56D9E42B660F,1743
com.assassin.battleground.fire.battle,83D646397BB3774B7DCD428C52F02305175186143C6251639CFC3174379B3829,4
com.ionicframework.elbotola609035,97332D50FEC2F2579E5F28C9B0FAEAEFD24D1D6604F16404EF30BD02388E7754,10907
learning.cricketline,8A22C17C7E8CE1943DFB1A7043200F793A6712208F6013DFBF1CAFA9FDC3E474,21
cbr.licoski.com,97102A5735CC6F034052E49CBB7769B8A16B40BABF65FF13ABA4F5B61E0F6464,10803
br.tv.horizonte.combate.vod.android,F6B4A7F27F7F61EE5D699DB5184073C23456F5E9B8DAFA797F1954508C4B05A7,9
com.shaizsports.livecricket.tensports,E5A0D227AC56DDE3E1166DBB70401075EF9AC8BE7C3DF680A1C7BE4B64CB4C77,51
com.rogers.sportsnet.sportsnet,E5068231893C794D6D78D0B67722ADC16ADF24CA714F08E4FD0A591182458DAA,804443
com.mbo.moston,CC8AEA58AAB24CE8690A94E168B139266ABE96F7F8FC78398BB6973937904E77,1
com.fwc2014.directvpan.and,CF13C33DF348F98E7B8E072B0A037266B85937F693EE61F08263CC846624DE61,939
com.sportsapps.football.training,ED496161DB3603B2229C43F06112ABFCAEBA2BA2CA283ACFBF33A08C67E8DC8C,2
