package,sha256
com.teladoc.members,78B2B41B8D2DDD7185698FD65CF66E8B163B9409D5D05D5B0DF14369C287C30C,903
ru.mobiledimension.kbr,C81B403AECAF068356DD421A4C6240F3C6EDF4B875ED570DF377FE28F80FA528,39674
com.touchsurgery,2A6222B7FA3CBB0BD172A28BBDC52C44DBF201E41223B0D0A639A28465CA21CF,60675
com.healint.migraineapp,B8B3EE20A6EA16E87B09160CC24E824C99FB8A371E5203409CE1B128CDD77AE9,1631676524
fr.doctolib.www,401E31ABFC89E284226C283FA6A5897B56E44D8F33D671932D48276F62EDE3DB,302466
com.medex.yodawy,8DDB29315365144EFDF00EAF2A45E788EFEF2C30552D39F0716EEF36B9DA94DA,3145951
gfxtool.gamebooster.gfx,6DA4D8E2896C905EC538D2599F12BCD3C0D2B4DBDF4F420E95D7D7BEF8D16023,55
com.binops.pharma.pk,00535C963AC35A1BE2A07E95003EB3F8DBEFC72608361330CBB171A35AE682E1,8
clalit.android,8E41014B28682829618FBA201AFDE4E2F5E3252B9006F93BE2FF7711581B5CC3,906006
com.medicalgroupsoft.medical.directorymedtermsmultilang.free,EA8112964D874DD35945BD20E95D0334BD39B44729A00A839F03AD31147C1DCD,1600362
com.uptodate.android,5FE450D1B5749B9950A44424ED5597156CF20FEA8A3B5C7959CA43913AEF7826,138
com.healthtap.userhtexpress,CB64AC157CF5AEBFC11082F093FAA3046021A9675F524F100AF35609CCB9C34A,25266
com.lowestmed.android,885F0E0B6BE580457AE2C04CB8A62D29AE4FEC6C5B41BA7E25D55015F96D22BE,145
eu.smartpatient.mytherapy,3CF86DC56356C55941C13A267E5834461DB7F8078B74A655DE612BD5FC1ECF00,2501
com.soft24hours.directorys.medical.diseasemulti.free,8691C3FAA4F4149816338F3DBE58C48697E6411D86619B981D9B5A1A752F4391,16002222
com.booster.gameboostermega,19E1B4527ACF0D0E1A36BD942396541729A16A93D972AD07D28D19EDDEC475C5,123
com.ovuline.pregnancy,F2C3F76C4157D288AB935E56FD99D1398589422BA2F9803E111EC39185E2DDAF,11303
fr.gouv.android.stopcovid,16ECC9D2CA4FB2C08FE47C38ED3F49688DA2DE112DDA192CC598DD0EE31D276A,362
es.gob.radarcovid,00DD908C898A9FECB29B0DBC39297195CEBB0623C1D66DCEB796D57480036EC3,13
com.hh.healthhub,6854B24FAE0746DB657675C028D1FE32C3D11E8677D20AE1F4931275E9C54C85,1124
com.weedmaps.app.android,7CB34BBE574C40660B6959EC10BBFB69E911B0560100020D661744453F919A30,2880
com.EAGINsoftware.dejaloYa,F0F5F6E029D3C5709A2AE6A5134E303CB1992779B1AA04D810F0B75014A31265,5150006
com.szyk.myheart,62EEBCB74A9F94D45278CA5397EB4FB473B41F255D5E0BD7FAC11C2216F46A7A,60703
com.zocdoc.android,FC6E78252AB48EE9E0620ED98CF115102F53F0AD996D4DE486D9B0DDE6A0CD50,631
com.amikulich.pregnancycalculator,0126496C1F945B74283038FB2D68D0534D78281D29DE13A73F421E86B1A423F8,92
com.rohiapps.bloodpressureRecorder,F64C5B7A5DDAECAA1178D026EEBF773F004F1FB67230099E9C13634389367ED0,25
com.pacificalabs.pacifica,E5B73223D8705901211DE671D059F887F7A3D5A21BC96D99F9816845924DEF82,83800018
app.bpjs.mobile,013957D5C902AD7B710B72EBEC757759728E6D3DB15C8E0D4F65EFB57C93B513,74
com.mayoclinic.patient,669443DB927AD5A2D8BD7D6A692C686B7D36048D252CD365B06D635761B8D44A,202100920
com.caremark.caremark,B2441EAB2FAFD3E5E49C69F7F55728836FCBFFA745818052648D04328798FB7B,145
ru.apteka,8855EFE70FD0224D0C85C472F60248E19F228682B16BDD156144C04B1D1D710F,30711
ae.gov.dha.covid19,2D361D2C556A3D6A0092B5ED606B80E4D0A2478124922201043A4C4085D83244,61
gov.ca.covid19.exposurenotifications,D39C7AFFE9B93E3DA04A5C788905274843D13CFEBB0F8A900AD7C02E9236FC32,10000032
de.moodpath.android,7987402F1C1FEED9A576351A0B0D43CB3E181A1FC29A4AC22D722820BBA387E7,10582
leafly.android,DD36FEAE789B195096E15ACF605D35D567AA0A040580B9FD8A7AC798673C3949,8707
com.qxmd.calculate,74DC8E4ADF866E610DDBC19976CFF0496E8E5F680184DD5E6BE238829099273B,169
com.sdk.blood_pressure,76D27842D40E84182D9B449B29E82FB94E94569BFDC98A1929F7C62AC7655C3B,146
DOCECG2.doctor,9A8B2E69EE21E5532DFA43646DEC983CDA292F3136189C7020DC8489EF4F9BEF,13
com.wz.counter.strike.mission,F5048A54FCE448CE31DF28086877DD059EEB0A4F43484F1ECDE39EF868FB6F46,40
health.livi.android,3DC6AE7D569B365271B1ADA6CCB8B004599BCCFAEB222CD5197FDDF734A0A726,517
com.americanwell.android.member.amwell,7288CA8317C04F4B4A63003F4B5DCEA47A93CDAAC511EB8798A830B53CA7F888,121200010
au.gov.dhs.expressplus.medicare,615D57FC79A3FFC92A05006B24AA73A23E943C3272FA3B2F496B6E810A5CBD6B,89
com.jardogs.fmhmobile,06806BFC7C8C3178F6D9A6D0FF571861E052CE204FA85A10A8A3562DD9FE695C,1434
com.specialyg.ippro,ECC12069405FB0698342514FBB06F31357DD5451ABFD86DAE5C2BEB276B76B2F,2002
com.androiddevelopermx.blogspot.organos3d,734315F3326E485A140EDE988FDE9110E3C2D9C7CFC512A7C2CB4E1E1D8B73DC,64
com.it4you.petralex,33EBA3E43CB2330DF09FC3BE2CE140C01B2D6A1E8C4DB20875F80F1A12495694,3007005
com.linkdokter.halodoc.android,864A375922CD90BAFF07E257186A39E6332FFE87034BE0E5D567275FFEA7CDE6,1263
com.figure1.android,4F35022FE4C50F58CFA67E1303A763926A1E7A4E951C22A4B5C8F76EF4D4DD50,172
com.ldf.grossesse.view,87E71051B23BE2C8498A5EEF708169ADAFD554C4204BCA074603F477CA3F2B76,307
com.practo.fabric,BF51357989C1A749F62457C866EB9DDB3C3FEB0BC17E4AB6E0563F6E9806B8C4,505
com.mysugr.android.companion,8377F8D8F1B0A783B6B91878952B02D542AE7BC116FBB86DAB27E7C413F79DED,280989
pathlabs.com.pathlabs,B426004844DA74C132EF35C88B535D3F664A1BA9393B05501FCDE74B3E195261,88
com.baviux.pillreminder,F6EC313B0D532E46F546FAB7C0B2D3651DEC40A009D6CDFB822E95BC10340C45,2801
com.medscape.android,E3AD2665ABA0ACBE384DBF9D51B7B62A952180FB8FEBB2BF6BF6C66F90C3B90D,110
net.medshr.android,BB1DFC4AA907D235E4B18735ACFDB563017E4D6D1E14F0A397A5A04EAAA02F85,22013
com.lbrc.PeriodCalendar,4448A499FA988B1A4D147EAA833BBFA2A25200E4C3FC2020AEA2A75B4C64CE8B,79100
inc.trilokia.pubgfxtool.free,27C9BCA8CC1A4EFAA9E6C944E9C3FBA8E1FCCE00308704BE9A48F6013B5DB8BF,134
com.ovuline.fertility,11CC1E0522DF1A6E94A819121FC92F5268EE441ACC7689198D7B4FFFC414A0A4,10555
com.goodrx,9A0C80824FE92F919F59F7A8FC1A732AA62CF1EDB74EEBCA1E5210BE83C3B08C,260
com.smsrobot.period,D265896E76BB227B986ECE91462C04A567F066AD920347317FCDB735933D4767,58
sg.gov.tech.bluetrace,6918EF12C15D64773AC68A2BD8C758F91BE22A2DB0096D8820987ED5AAFB1F7F,117
com.mxtech.ffmpeg.tegra3,8EC85472CB34A87F8859D8BE72FD7142B5B615E0C6722FE2DDF6FBD278475FF4,1120
om.gov.moh.tarassudapplication,E0B1B1832B8F4709E853AFF5A1C5315460F67BCE0579773DB492F879EFC01865,53
com.easymobs.pregnancy,EF34FA5EF724232693F5010DFD3E2E172B7494B0A16ECB08A23EF744D67B6B40,104
com.cube.arc.blood,A40D3DE518EAC27ACE06A9147E60EFE2709E1337B4222BA22ABD3DC824DD2BCD,4277
com.ufo.disease,822E202BB37130AEA52595D3BD2D07C7425E7969B7EFB99446AC0E098C5D9A2A,39
com.doctorondemand.android.patient,895BDE87787EB50BBEF53B9AE16376DC7229A9627B84B17AB4D6F0D8AF19B51C,82600
com.macrovideo.v380pro,54CB5A9B4AF829BF9E7F119392AB1ED690BED44934E746E23968BEBE34D5F6D3,44
com.medicaljoyworks.prognosis,041E2CE395617CDE0DC7726C5756DFB9972AA765BD3F55F99D4007ADEBE45767,72
com.hssn.anatomy3dlite,C016E24D66DB95BADDD0B1237CDC9295FCE5C0B1345EC305FBBA6770DC3315AC,28
com.saybaby,0B67E72D9885FEE20021D7E2FBB987ECEA0B068D3FB89B95E0F5328BCD0E888C,20809
com.NetmedsMarketplace.Netmeds,5622FA6F78F04A0470F6296585B71983E9C481F95FB8D9F78523AA5B79D5C2EF,160
br.com.youper,3317E19971EF6975CD10D0214F3BE6D3C8D235AFA3D8C9D4F316382D2CC66A5C,1006002
com.mohkuwait.immune,BCE98E1810C4F0CD51DC96DD05295147025978CA45B321F4D39B62DD740C62DA,36
tr.gov.saglik.MHRSMOBIL,04C57C2EE1D683A00A3829F99F01B8844F927FE9B47203715670AB5BEE5E76FC,36
com.rlg.ball.robot.transform.bike.robotwar.transformation,9FC1393040113C4DF55188A2552F7DE3D173F42365AFA1BDBB380F0FF7B35B2D,16
com.anysoftkeyboard.languagepack.arabic,DEE7AFEEC2D7E1E47A778B92260B6A3FE2C2BADC8B357FF219E871396C2143B2,3352
com.tabletkiua.tabletki,0C97C6757EE0DAA4DA778292DCA32A4AA3F45C2368F00911039F552B07514749,340
br.com.amil.beneficiarios,9D42C80849C2F7204FBFF0D3728DDBCF916FF042CCACD58DC6AE2CAD8CE513D3,44101
ph.staysafe.mobileapp,08A644E9571CAE812D2C20401A7D2B0532D9166023CA0ACC0C4C9B0CC2C85659,59
br.com.gndi.beneficiario.gndieasy,30D764840E8A943907B817E1BC3B95DEF4C8821D481701D2CC8CEBE2C1F62713,579
com.drugscom.app,0B39EAE44B56BDFBF8994D641D3EF931C110C2574DF3BAE61D752FF22D406378,109
com.alodokter.android,9F7BEC8FE641E745AFBFFBDFA4C7210A72E4C70802A7944BE6245A74498936EC,86
mx.com.fahorro2,FDE380AEF9B9A5356C64088254127CF9D0EE645BF22352AFA505F5CE43B648EE,5030035
com.nhs.online.nhsonline,056827983D1975B6519E271FD30716BF5D404F152BE8CC94C0B088181081B745,98
shop.shop_apotheke.com.shopapotheke,D41D364D529E6764074D4E3A130BD511A4282BA81460852C2047045687B68ED5,2638
com.catfishanimationstudio.MuscularSystemLite,07C56F8C6530E1D339CCE40612AB1126C89AA5CEC75D78B15FE847D449A67C41,171
com.programmisty.emiasapp,4772931401F3F909E5320BC0E88D7F7C064BBD977F4DAEB7EF57840BBFBD7D88,52000
com.vibe.app.android,DFFBEE2F571B1401EDABCE106AB2D1F41B2F29F7A9A0C130ABC4B2279961FB57,104660
jp.go.mhlw.covid19radar,084BDB83C61F5459AD44DF3A1AABE08A0B3D21D185CB0047977343C170477D6A,1629863391
ru.watchmyph.analogilekarstv,67F773A2255D72234AC0E07105C3492556EA4D745230F43D38E544DD2A038894,111
com.medicaljoyworks.clinicalsense,FC27BC2115D4D0F193CC767421D358149E6B995B054F88E573E79C1BC84FD56B,75
uk.nhs.covid19.production,24021CB1F082ADAEA4DAF8EDAD58BBD5731BEC45922F666390C9C172DEB1B3F6,244
com.macrovideo.v380s,45B6ED36C4275E45A6DE5F9E34194FBC86CA2034B308C829CC233BADE843EA70,6000
kr.co.openit.bpdiary,06216A591E8238F6C1610E0B23AA541042126467A5F638E54DD8187A9BA81539,113
com.startialab.actibook,8B0BCDF358A8057F46808E9065DFE72B4F441A2C999FD3C3516763F5FDA51A35,44
za.gov.health.covidconnect,F42E10BCA9C898FA8772E6517E62336D19ADFBA52A348CC2331CEA2D2C7D885A,739
uk.co.patient.patientaccess,8C72E3DCBB607FBC0AA41882E1B6B76DE60C1644049F6362F27C001CAE1A114D,1631598370
com.covidtracker.hse,777B50F6B6B936FC2EAD793BFDF5575672AC7741B07DA0FB14C954750FA0B3E3,133
mobi.firedepartment,C39AD9EA7AB2AE10DC9583C007789A014D49327FE8D5126C2B15E4AA83BE6228,5240
com.plattuo.shooting.worldwar2.sniper,12A2F87D02FDCE1BCA832F908B3D856F309ECDD816E93978CD61F45263270A3F,200034
nl.rijksoverheid.en,E9FB4A8B28C629CD08933F7774FF452F92A20726F6D7BDA3911D215A20CC6B69,120073
com.aptekarsk.pz,69FE5509D0D46057CE507D971A8BAB2A3A40AFCCEAA828EC57A4ECBB20B57476,955
au.com.hotdoc.android.hotdoc,E8B8DE51BBCF78C0911C19E09543A31CCAA19F3408D12BAC1786BB963437C252,58500
com.ionicframework.vezeetapatientsmobile694843,4E6F8D689E752138940C00999F8E91E615759A7AF2509C5D21F5474EBE1E769B,906
com.webmd.android,3256B22F4AF8D363123B2FAC3B6C945A81E132BFCF8B6734281DE29CBCAF8CD5,148
br.com.sulamerica.sam.saude,4D17E904B6C93B9DB152BEA044F2368C5F71389311B113159BADD148967C68D2,1025
com.ecare.ovulationcalculator,6236C82EB691910ADB9C0B5450A29B7DCD99FC328B3DF836F0A9B5B2830B3283,3022
com.speedAnatomy.speedAnatomyLite,0843F4345F8FA9FAC8E9B538EF2369FA16C61B886EF9B372A3C0A195D9AB1607,33
ab.damumed,CA13043B33579504627DFD759BCC4BF30412F4AECD8F39B77F38028D46261240,94
dk.sundhed.minsundhed,F41F13BE4ABA85357A3D86481662001A3980DCC85E2BDD43617AC6DE87438760,50691
com.twgbd.dims,52227E3414FB09B0821D250F002B596750E107842B7471D6E8A4546DB38C55FF,149
com.contacts1800.ecomapp,7A56A8F598522C37ABD2A19F0EBE51804DD37DAC5BE6B36E97B559864734D815,247
com.mxtech.ffmpeg.v5te,08DE5A02B9F4DDA9660F502C601EDC8A5B0A43D21A3D43BB64BC9A16593C941C,17
ai.kanghealth,F639552248909A03B65CB064EC68294AA883715044899776D0ADC7F871425747,41040
com.obscience.imamma,E09661CCAA12CDE955FF5DE98C690E68F2E9C22FC83D8F5972ED87046ED950DD,117
ru.getpharma.eapteka,0C84905CBD7B99613EA79EF4AF51D19255621369AA48A23463EE5CBFF9001F4A,329
com.AnatomyLearning.Anatomy3DViewer3,4A9246F09C73411440549AEFE14CC9A8A2A170823987DBA83A1CAF3B8EB72E94,329
com.medicalit.zachranka,F83AEB904B112A5E23E62B919C6A3E7BF1F3A9E700F2F6DEAEB3717C3183470C,138
galaxys9ringtones.ringtonesfors9.notifications,099DEC927FA9C53B3955AC95BE5D7B299819D6A899FCD1EBE93EF5A6F14EAD17,17
com.Halza,CB8CF76634FCB2B2E5B651D1CB5202E1F7D7DABD166945C6E77F52282C8C1A80,1631536576
com.ssstudio.anatomy,14CC5131616D8D553C952D5C903C9D6F730111EE55F85D801341B541A5C2B98A,35
kr.go.kdca.coov,C12CE3DAD4EB74F08F8679C346618EBE0490B59C81CC8758A4494894D702C391,17
com.ladytimer.ovulationcalendar,5064284850DF2C5C7AC74EB3FBB0065524D2B79C69EE103468EAB483B0DEE677,93
in.medibuddy,6B641A4E6A73DC5CF00E9EC8DBA2B88A9A1E00FCA399C4254C1432B347F774A6,414
com.androiddevelopermx.blogspot.muscles3d,EB3876FF69BE762EC1EB6FCAD343A6C7D99EA0E496D22AAFBE1C561EBC18B7C0,29
com.farproc.wifi.connecter,CA00A4E9B2FA9197D804C8DBA9EA558AE3B722F9A26DBFA6A917C97FDFFEB46C,16
com.anysoftkeyboard.languagepack.spain,2B2F544097B627C1A5DDCFF87A635B7005F5540EBCA84FA87305150F340135DE,2912
com.equalizer.volume.music.bass.booster.tool,8CB107ACD096DC6E4781E38D015D7DD2686BAE05B0E4E3D1D152E7A554E2EC7F,10021
be.fgov.ehealth.DGC,66684F6C3E7C508E50A43A948A8B84BA34DEB4F9B8AC8463ED2FCA2C7C8E5EC1,76
com.epocrates,19671FC1B3E7110C85C501A86925A0FAF4CD9E2BB576FB0826B4E617710D1473,1007
com.brc.PeriodTrackerDiary,EC1B70FB0833E53FDDA2BF3EDE05C98BC887D9DC6F265A22821DCEE9F21F812E,60100
fi.thl.koronahaavi,EB18C1F5A34637BE6CDC8858582FB3A18FF0357D4CA92A87F4FB5BA5278BE9D5,403
com.phonegap.rxpal,D701B1A7A97B02FA08B25199E544D353218BE9BF4AAC1506800C3125F349262C,41022
com.car.parking.simulator.car.driving.games,0CDF4F17A0E5EE0E995A3AAE91468195DEB27EDCED845E05E3F46C6F3819D4BA,14
com.ada.app,5B8F1A89E009BFC847E993F3649F0EBF90F1B75F89164D96FBFEB9D1993BE427,2010165120
com.docsapp.patients,8F3867953CEBBE089C25B6F0E197EE64E9ED0E29B6FC8F84BFBDB15DE7D6E07B,1794
cat.gencat.mobi.lamevasalut,AD90B08B1F7D34C7370E6FA019929FE6DE3625553F6F13468E45C143DC5D199C,33
dk.sum.ssicpas,55F88058D4BBC05F4B1BD8E403CCB6CD4499438C324CC99D0B4B73B6ED716875,227
com.quanticapps.quranandroid,8231564FEC4D4ED0B64C1B0B94E309A031D02EE0D5294B37B2731232D9A8201D,372
com.lifescan.reveal,740BD6E584525CB5439FC3D06C3F63E3D0F60E3A584FC9DFA40DD631EA044255,14068
mobile.eaudiologia,15ADD0674874D4C8CC32F38BC24D376B732360CD37ACD50F8D7446C2328E988E,56
com.androiddevelopermx.blogspot.bones3d,D7E7AD158892A66755572EFECF6F7DAD99ECD0EDB627CF729A01495C59D38B39,53
com.waterfullrainbow.bloodpressureanalyze,DD18350C6723730D83EBAD91ABD48814056758573E1B63F2997AA87268E51DD6,9
pl.nask.droid.kwarantannadomowa,DB1FF4ADB6928EAB64589570E9DEFD6D453CC63282F5E8049AE74B0A7B69694E,140007
com.flying.car.robot.games,57296F592CDA0DC914659806609BDA42E8A8E1BB43F79680279EF32557AD9E7A,21
com.bimaryh.seiljhd,0FD85DE3345F706DEB068B86F87B523AB4828453CAB374E82A1616E46DB8F76B,23
ar.gob.coronavirus,C0110077A79C9D3E2D4117BFBC8D957DA83F7BE3950A7F900E666B2F42A347EA,154
com.lybrate.phoenix,8E99F9B45D93B64C8ABCD5BC4BA8FEB3B73D7C45F2E0A06F52B1308D8C925B7E,347
com.rlg.firetruck.truckdriving.rescuemission.robotgames,C65740DDE98FBBF5EC4BD5176913EE7C4C68B1113D174126AD37AD5F7AFB73F6,9
br.gov.datasus.cnsdigital,83D993F27D7333D51B2319CEC25B6CD5DC52AD46B1F414CFC6ABBCDF1B2322F0,700304
de.comventure.medpex,F2FB432F4657A5C3BC67B8D6E602F1DED2C69CCE3DCE102FC4B52FDDA5DA97D6,73
com.doublerouble.counter,6B4A5417D3589F3BC89CA326A580A26A217A90AE73D845DC3B264CCF77158366,38
ru.zdravcity.app,7DF2E3BAC96317684D058A19E5D11A85D2F7CF80D184666050578F7E3957468F,161
com.vnptit.innovation.ncovi,3E3DACF989F40AE4F4E1EBFC244C1C2F25A476C2C242D7B053CFDE7815DB8DE0,183
com.luckyxmobile.babycare,23CFE67C64643EFAE13965ADA2D61629C940B58FCC75C43919BF93C03FCD08F0,8058
epic.mychart.android,5D85723AC4CFCF19AF50CCFE59F22429330468608BE6E98490E9B0CAEF56666E,2073
com.berry_med.oxycare,62C3C24F6BA26282A0207F034832ADD8A98DC444E6E86E08586C2D4EA1EC9056,37
hdmi.connector.five,14E97B39D39DDC6EBA992492041994E4AB7BC0D83B179A7B730D76C7D0A2777F,110
andrei.brusentcov.eyecheck.free,6F7FE8FD11A4D03B4BF2D08E0C70FCF1275D730BDC92257F79C33881821CFECD,7
com.catfishanimationstudio.SkeletalSystemPreview,37A865FC6654C1067458B9253F61156FF4B0ABFC3C86C40F068C4E208C2B7917,30
com.sniper.deer.hunting,7EBE1BA943E74C00546AC90AFA6A08D4F2E2FD7F788883A7DC47BE95B31E078F,200048
ar.com.fennoma.psicotest,2965D764F2CE17DD5FC61C7FCCA501BFAE891E16BB626A92362B62C15FB095BE,64
it.ministerodellasalute.immuni,4C0FB5CC999742406C356224E38147A3A47CA644C693137E1C6A509ED54DA10D,2579022
com.ecare.menstrualdiary,EA3C31E3060BF99A8E06A062F7D6080DB7842571A465C3B958E8E057C3EB618C,3019
com.ideomobile.maccabi,AF82876700FEC4C30CF88F5ECE08878FF0B89DE000E217DDC2FF1BC3A11E5F25,213
com.aranoah.healthkart.plus,A3188460A31B03D565428D7B854E85A4F3B66AE90A4BBEC1CB20834BA93EDFD7,136
com.wolf.gamebooster.free,590C22A3B5735ED1CB48D519FCAADC40C2E8D6D7562B552BD1EC9BC3444D2CEB,27
com.tigertext,836FA6C30F6C79496FCF1FCE44D5EB67E02038F4BD68A939D7D1EBF4F01AB03A,1176
br.com.beneficiario.odontoprev,18B2F3B234A9350BB4D3F11793B9C241B8FDEEB69968586F959875A7A556C358,387
com.gamescapes.flying.bike.stunts,84E1A811230F7015944620B64F10581922980E5365D07E1E852F0A46A07F44FF,12
smsringtones.besttones.notificationsounds,48A988B8D9D950968E75B9644A0F9FEE63328D7B31D7FC852571B781A6F7A19F,8
islamicsongs.nasheed.nashydlagu,1C4638736B0286DB58E39ED337A407BE146CDBC67B1FD000B5DCA502235F6A76,3
pl.gov.mc.protegosafe,41A79A2222056E482C2CC2FD8DE7CF7EDB56B133F9A51B47BD6128B5AC1181F6,93
altibbi.symptom.checker,45DFB84E8D3977D87222D9855CF8E2EAB61505381CCDEC7DDAAAEE20258076A3,16
com.gbs.grand.carparking.multistorey.smartdrive.simulator,4CBA4B907B5D350C6F8251097C70A102D4652CEDA4DA05AB3592457307CAB5EB,8
com.gel.bottle.shooting.game.free,1BC014E77CCA6E5E7A06417BA0AA5827E30A6B596E4DE2B8940817AC8C307D5D,10
org.kde.necessitas.ministro,7B7B96E586AD55B81C3E906C5CC734E2840293A35F2F75CCD03F6C1F0937FE5F,16
com.kadersapp.medicine_guide_bangla,B6A5E551C9252C88E9AFB33C759003E9A17241202F977DA95103DB9C1A6BBFCC,12
com.Breast.Cancer.Awareness,8FB72FFAD8248B39BA2C8574C96D986BBBCBDA66C22DBC21CD2BB25AC63C8BC8,1026
com.nhiApp.v1,7AD3054A3F052E4E7FD35B16544A974C773FB8C09CE8CAD6D5D2374B1A9E28F2,89
com.remind4u2.sounds.of.rain,30AECC4E712657C2B0E0F91EDA9C38F52B1F03CB4F5253ACBF57415DC7375337,1022
com.governikus.ausweisapp2,9415C3981ED35DA9E180D3217F19F9DB448C8BC088B8B9680ED378D04B81BE95,89
com.rgs.autorickshaw.citydriving,9DF23438EAAEED8FBDAF9FE4AE1AD529413D48B7139D8B68D204AFC5496489B8,11
com.mdhelper.cardiojournal,6CE80527C17A0BC61F4BD8DFA01BD0B6BC41AC2B2E579853FF833F7DA187D36F,97
com.boxeelab.healthlete.bpwatch,6E3082581284F350C515CF174FD566DE978CAB8208954216425C9EBE772C4A1E,84
doh.health.shield,ADE8F3E8A93FBC49CF612511B624E99768F442F1BBEC24F1B60D5857BBCE66AB,3000201
com.applisto.appcloner.premium,2DA2D184E1EB5126CC55391A2371E2EFA3BDA305608AB4475DD2A6998E7C20EC,21060214
com.kalimatwahikam.sowar.kalam,9F3105C7CAC5FDF9363A2949B6B1BC00ED8635A3148050E25EB984596142A097,9
com.studio.coolmaster.coolerapp.cooling,286DC361139BBDF7432538E4544C64ED4110874F0787FF043703642104DB2BCC,23
com.manateeworks.barcodescanners,9A9EB246E93DBD6AE3613545C5395DEE14EA6FE05492BCB9E1199ED86B8A060B,151
com.chaks.juzamma,2B3B964CB4A43D0B6B9E98F0F23BF17E25A10634EB2A8CE30431E396211A82F0,208
com.codersbucket.surokkha_app,2B87DE445A3051AB8304BADF2CF5812C908E497FE4F1DA929995EEE688F5A3FE,2010
id.codigo.klikdokter,E576E0A12C52C9E562D113E7BCE935B06C9F7A2FE331E5F915CE058733DE4E22,159
com.atomengineapps.teachmeanatomy,4D6CD6A138AB6F7BA6C2A2B6CDA0D856934AFC4145D05CE962AE6820670DFD95,86
dz.condor.Condorpassport,9B54A0BF4A8099E2A92D471623DE2C3A8CBB0A04CAA82FF317C405711ED00D8D,24
com.atomic.apps.medical.disease.condition.dictionary,D8E869ECDBB7D5473DED3747F932A559FC39EE7CD7FFFAD67071837C8F114D9D,200001
com.mhlhdmi.two,2E4435FDCE85E33CE61B2120064EE1B926A634F284D34BD7B6292637E2378652,109
com.hdmi.app,F729E525092BA10613523AE2EE50358285D7146305168201124868FF5B61E3BC,111
com.zlamanit.blood.pressure,5336DEA8D030FDF9E6DCDAB820A04102CEB5CE150C3947B535A513314C343F88,38
ar.com.osde.ads,3FC1A898C618F39018C852B59C8DE65CB393CA5C7E297031A99113FCEF84BE79,341
com.chic.blacklight,5089DC90BA7B7085DF73F8D0CD6E6047DA62076451CAD085BDDD9B9F107C8244,13
com.mobisystems.msdict.embedded.wireless.oxford.concisemedical,5BD1F5246E7A919253F891C8327EC89C53086533998144517475043139513221,544
com.atomic.apps.medical.drug.dictionary,329EE0EB05A683FB63CF96DAD709DDF496D15DA0411CEC3370440237D8D2FA63,200000
saude.prefeitura.sp.gov.br.autoagendamento,B6B3083159440480286C1C2FB01A2D15B3A3CBED258DEA3E30081C74FAAB6A13,49
com.bluefish.bloodpressure,B78EE01293C6462F52A5DBFE5BD6B59320085829F5403B8DB455DCE7B54A945E,17
com.resmed.myair,3A222353ADA467ACD9CA931F96AC4972301B739CEF0DEB9458D66701E5092262,49
com.mxtech.ffmpeg.v7_neon,96186EAF8825F48CB56769843A9EA8D4FDAA84E2FBA867EC08132237AF9FC13B,1120
com.telkom.tracencare,6685E2E0947A5175FB1A1CFC4CC676126F56AB318C088F50AFBDADAD7EF634E3,102
com.gp.bikedriving.homedelivery.boysimulator,D63829A9D024A5598B4A8527E26C36B6CB38AA1B0A9D8B739161C396AB089DBF,9
com.myquest,6A1630AFCB83667792C3092813A2D41B8E5FA5E14ADC18398509DBE9C5BDEA5A,100029
com.coolringtones.topringtones2017.ringtonesforoppo,C144430A5B005EBB31A26049AA0D78AB55A1A3D311579ADB023AD6F584AAEE0D,7
com.robot.wrestling.champion,50AA0342559C9703A786CD11C66F7682A8AECF4F4960C31FBA6CE06A5EFDB28A,7
com.max.Anatomy,49646044803E0CE124F530DA417E0C330F9D93E3D6F29F03F30199DF7BD422CC,6
com.mxtech.ffmpeg.v7_vfpv3d16,5D3DDF1AF266E140BC6DFE88B2FB9E174D8DD86B7F3F80E556AA261B34C284C1,1120
com.missileattack.ultimatewar.truckgames.jk,99524EECCCE8DE3142F64B305E5F9105C20B2958964FEB49B64C48B9491B7FC8,11
ginlemon.smartlauncher.extratool,59BA9FFD444D3246AA6E325047603041FC1AA09266A6F23B54EAE18E6B87BC8B,4
com.ubieva.caas.userapp.droid,59F090E0101084AF74E42DD2F21BBCEA8A716BC0F3681F71785E0A260EEE9E60,1035
com.flower.morning,E873A8A34CAB34F77F3567869B84BE087864084DEB4241150529FD3CB7CC4447,14
com.andromo.dev658544.app1004151,B5F10A41EF80A39D24288BAAA5372D14663D1C36E60C47AC3A8B526948B314F6,1028
net.dev.devfordevayv,63C18BEA40705CEE434E256CB5C789D05543CAEB6A25740350A19775F9A477BF,6
com.colombitrade.health.simplified,72BEEB8252D79B13E65B6BBD7A47200AEA7E30E896A6C306606EABA3F6DBE0F0,22
com.htc.sense.hsp,77D048297726D0B8FB38C9DF8A3AF16CB7AA309E433B4989001494DC9E69F579,148022271
turbo.micro.craft.exploration.crafting.bekel,7A0B3B2DD9222D9C0B1747A657837786D3454DDD58E0940647E55B4D57E80AD5,17
com.google.samples.apps.cardboarddemo,7AFE72359E95627C3407DC21CF5A46AC838409DDC8EFC8687EFCA271487691D2,190123204
com.kasindev.skintools.mod_ff,935B050F96B9C1BBB050B516EB049711AA6BC6EE4D322CA81822681FE4B1EC1C,12
com.eston.bikinibottoms,852DE8C1178D6BEB8E817E054C6ADDC55AEB78F3448EC1C5C0E0955DE1236809,1
inc.trilokia.gfxtool.free,8672647B908B70B5139BD3B5F9CA94FCB2E5106808EBD6A5A11594ED641ED1C7,6
com.hssn.anatomyfree,A5393D082BBC16BE1A8E272D1B21F2D7CB47FA26F3047E6D66022FA89E7C7E06,60
bajajfinserv.in.hrx.app,DEC1454507BD72ECA1227AD6E66D6E9F7C5E24D9206E58F5A3053ACCA0B896C0,4194365
com.devuni.flashlight.ledclassic,8E5F45BC039ACAAB096AAD974FEA7B52340E0FA1C5AA3424CF34ADFD3B024A2E,5
com.tetaman.home,901B99056715CD685B0E9484DACDD607348DD516A592BF2C53365BC7EECB21A5,12
com.tomdxs.symafpv,C37D0097E01A0E9164A5426A565DE17DE298BEC9A945C804B420DC45E51AFBA9,7
com.interactivespecializedsoftware.bloodpressurediary,9C730E7AF7B59D739A658C7F3B130EB589B82ED4837D165BC5157E7F514EDAE8,6
com.free.body.temperature.tracker.fever.thermometer.test.checker.log.scan.diary.info.history.convert.celsius.fahrenheit,B1ED381239C3EFA139FFB61B1CDA004D2F0F2486AE8BB9098857C0E8207EAE6F,3
com.mxtech.ffmpeg.v6,ADC6D5C3C35F7ECE5DD048AF751F984F4EC5D47CA7FBB4A42264F1A31E24D963,70
jo.gov.moh.aman,B95F8F309DABC3D1E1A998DBCA625B8E4118A9F45D7EBD7C8755690F52EEE3DE,107
com.rgs.homedelivery.fastfood.citybike,B141524C5BDDA142D9670912376F3D03180F4B0821E565BC273D952AD38F5338,6
com.hecorat.azplugin2,B2D6CAC9B9096A349E93B3E7DDF327DFC5B961317B6DF268E9E75829280BA56D,19
com.tokli.maroofi,D3AC76703F460ADD5C0442B85E0FFA9A93D58BD434135AA116925BA940937BFD,2
com.keramidas.MarketUpdateHelper,C0A105E7AD0C8202F714CD18CAF062F4774611B8617AFEB94EC30ADD70694687,2
com.veos.pharm,C5F08222D6D51118F0F35C87B222E42B5C3A758190CF3AACB97D93751B10A1E8,9
com.google.vr.cardboard.apps.designlab,D891E5F7E049AF131860FCD8EAA925E098BB5645CE89DC1E28B73B9F755FE69D,5
com.lexa.medicine,E0D39CCDE8ED52E9F310726A303569D1EE97A3BD2FB996257C8D121573D374B0,150
com.medlife.customer,E9B45E0935DB0C8C08E0D9F2AED6BFFDC17BD06794982E27EB0B0047154D95F0,34
medical.offline.Dictionary,FB9E61AA832774FEB84864A4A7194D4BFE649EFD65E9C085E4EE728A45CE7CE1,1
